runA_frame,runB_frame,confidence,runB_frame_lo,runB_frame_hi,status,reason,runA_time_utc,runB_time_utc,ridge_z,margin_z,sift_inliers,slope,runA_has_cam0,runA_has_cam5,runB_has_cam0,runB_has_cam5,method
0,68.0,0.4,68.0,68.0,matched,,2025-02-28T06:24:09.579560+00:00,2024-04-13T09:12:49.078537+00:00,0.7873884889796271,-2.2629273617528725,,1.0,True,True,True,True,all4-early-fusion+ridge-only
1,69.0,0.4,69.0,69.0,matched,,2025-02-28T06:24:09.679609+00:00,2024-04-13T09:12:49.182364+00:00,0.7978865698434517,-2.2942809637320467,,1.0,True,True,True,True,all4-early-fusion+ridge-only
2,70.0,0.4,70.0,70.0,matched,,2025-02-28T06:24:09.779504+00:00,2024-04-13T09:12:49.284054+00:00,0.782608837143776,-2.248412116805069,,1.0,True,True,True,True,all4-early-fusion+ridge-only
3,71.0,0.4,71.0,71.0,matched,,2025-02-28T06:24:09.882029+00:00,2024-04-13T09:12:49.380272+00:00,0.7768019188171258,-2.294573985924571,,1.0,True,True,True,True,all4-early-fusion+ridge-only
4,72.0,0.4,72.0,72.0,matched,,2025-02-28T06:24:09.984450+00:00,2024-04-13T09:12:49.483236+00:00,0.806208225455159,-2.1381730420119425,,0.975,True,True,True,True,all4-early-fusion+ridge-only
5,73.0,0.4,73.0,73.0,matched,,2025-02-28T06:24:10.285273+00:00,2024-04-13T09:12:49.577913+00:00,0.8306094657268446,-2.0373015958957352,,0.9367647058823529,True,True,True,True,all4-early-fusion+ridge-only
6,74.0,0.4,74.0,74.0,matched,,2025-02-28T06:24:10.382236+00:00,2024-04-13T09:12:49.681651+00:00,0.866658001666692,-2.1391249449736,,0.8921568627450981,True,True,True,True,all4-early-fusion+ridge-only
7,75.0,0.4,75.0,75.0,matched,,2025-02-28T06:24:10.476887+00:00,2024-04-13T09:12:49.780219+00:00,0.9031114396535372,-2.3243352917539544,,0.8452012383900929,True,True,True,True,all4-early-fusion+ridge-only
8,76.0,0.4,76.0,76.0,matched,,2025-02-28T06:24:10.576364+00:00,2024-04-13T09:12:49.881076+00:00,0.9413521142510688,-2.2696534277960763,,0.7982456140350878,True,True,True,True,all4-early-fusion+ridge-only
9,77.0,0.4,77.0,77.0,matched,,2025-02-28T06:24:10.675030+00:00,2024-04-13T09:12:49.980721+00:00,0.98447247188765,-1.9291350148025415,,0.7526315789473684,True,True,True,True,all4-early-fusion+ridge-only
10,78.0,0.7,78.0,78.0,matched,,2025-02-28T06:24:10.772827+00:00,2024-04-13T09:12:50.078273+00:00,1.0122222588142327,-1.9253781315563,,0.7090909090909091,True,True,True,True,all4-early-fusion+ridge-only
11,79.0,0.7,79.0,79.0,matched,,2025-02-28T06:24:10.873213+00:00,2024-04-13T09:12:50.178119+00:00,1.0305786662438834,-1.8663934664145498,,0.6415584415584416,True,True,True,True,all4-early-fusion+ridge-only
12,80.0,0.7,80.0,80.0,matched,,2025-02-28T06:24:10.973905+00:00,2024-04-13T09:12:50.277563+00:00,1.0578170421543378,-1.8932931458767501,,0.5714285714285714,True,True,True,True,all4-early-fusion+ridge-only
13,81.0,0.7,81.0,81.0,matched,,2025-02-28T06:24:11.073221+00:00,2024-04-13T09:12:50.380162+00:00,1.1005143306661067,-1.8277646962322223,,0.49999999999999994,True,True,True,True,all4-early-fusion+ridge-only
14,81.0,0.7,81.0,81.0,matched,,2025-02-28T06:24:11.176060+00:00,2024-04-13T09:12:50.380162+00:00,1.1386539652460514,-1.8202500519221765,,0.4285714285714285,True,True,True,True,all4-early-fusion+ridge-only
15,81.0,0.7,81.0,81.0,matched,,2025-02-28T06:24:11.276587+00:00,2024-04-13T09:12:50.380162+00:00,1.1466145119253508,-1.8329253858195365,,0.35844155844155845,True,True,True,True,all4-early-fusion+ridge-only
16,81.0,0.7,81.0,81.0,matched,,2025-02-28T06:24:11.372494+00:00,2024-04-13T09:12:50.380162+00:00,1.1521588853809535,-1.8353811141695744,,0.2909090909090909,True,True,True,True,all4-early-fusion+ridge-only
17,81.0,0.7,81.0,81.0,matched,,2025-02-28T06:24:11.473618+00:00,2024-04-13T09:12:50.380162+00:00,1.1533212486536064,-1.839502809958603,,0.22727272727272727,True,True,True,True,all4-early-fusion+ridge-only
18,81.0,0.7,81.0,81.0,matched,,2025-02-28T06:24:11.572660+00:00,2024-04-13T09:12:50.380162+00:00,1.1550455094227703,-1.8546651181244946,,0.16883116883116883,True,True,True,True,all4-early-fusion+ridge-only
19,81.0,0.7,81.0,81.0,matched,,2025-02-28T06:24:11.673916+00:00,2024-04-13T09:12:50.380162+00:00,1.1512455033928615,-1.8501174474166864,,0.11688311688311688,True,True,True,True,all4-early-fusion+ridge-only
20,81.0,0.7,81.0,81.0,matched,,2025-02-28T06:24:11.776960+00:00,2024-04-13T09:12:50.380162+00:00,1.1476614172370236,-1.841569001330247,,0.07272727272727272,True,True,True,True,all4-early-fusion+ridge-only
21,81.0,0.7,81.0,81.0,matched,,2025-02-28T06:24:11.873589+00:00,2024-04-13T09:12:50.380162+00:00,1.1455538009344706,-1.8643900235446713,,0.03766233766233766,True,True,True,True,all4-early-fusion+ridge-only
22,81.0,0.7,81.0,81.0,matched,,2025-02-28T06:24:11.971840+00:00,2024-04-13T09:12:50.380162+00:00,1.143585133034758,-1.8536074704153673,,0.012987012987012988,True,True,True,True,all4-early-fusion+ridge-only
23,81.0,0.7,81.0,81.0,matched,,2025-02-28T06:24:12.080695+00:00,2024-04-13T09:12:50.380162+00:00,1.1413460450778843,-1.8743262774159442,,0.0,True,True,True,True,all4-early-fusion+ridge-only
24,81.0,0.7,81.0,81.0,matched,,2025-02-28T06:24:12.173134+00:00,2024-04-13T09:12:50.380162+00:00,1.141857207643948,-1.8695647625612242,,0.0,True,True,True,True,all4-early-fusion+ridge-only
25,81.0,0.7,81.0,81.0,matched,,2025-02-28T06:24:12.272324+00:00,2024-04-13T09:12:50.380162+00:00,1.141245466794927,-1.8596749996363908,,0.0,True,True,True,True,all4-early-fusion+ridge-only
26,81.0,0.7,81.0,81.0,matched,,2025-02-28T06:24:12.379882+00:00,2024-04-13T09:12:50.380162+00:00,1.1403217147771494,-1.856109165147622,,0.0,True,True,True,True,all4-early-fusion+ridge-only
27,81.0,0.7,81.0,81.0,matched,,2025-02-28T06:24:12.475963+00:00,2024-04-13T09:12:50.380162+00:00,1.1411635348583946,-1.8570364610664123,,0.0,True,True,True,True,all4-early-fusion+ridge-only
28,81.0,0.7,81.0,81.0,matched,,2025-02-28T06:24:12.572725+00:00,2024-04-13T09:12:50.380162+00:00,1.1422272856318836,-1.8641327774842138,,0.0,True,True,True,True,all4-early-fusion+ridge-only
29,81.0,0.7,81.0,81.0,matched,,2025-02-28T06:24:12.675917+00:00,2024-04-13T09:12:50.380162+00:00,1.1463488492970926,-1.849042329897793,,0.0,True,True,True,True,all4-early-fusion+ridge-only
30,81.0,0.7,81.0,81.0,matched,,2025-02-28T06:24:12.775671+00:00,2024-04-13T09:12:50.380162+00:00,1.1490772115056287,-1.8568465967559165,,0.0,True,True,True,True,all4-early-fusion+ridge-only
31,81.0,0.7,81.0,81.0,matched,,2025-02-28T06:24:12.875898+00:00,2024-04-13T09:12:50.380162+00:00,1.151042034445783,-1.8517302735258008,,0.0,True,True,True,True,all4-early-fusion+ridge-only
32,81.0,0.7,81.0,81.0,matched,,2025-02-28T06:24:12.976863+00:00,2024-04-13T09:12:50.380162+00:00,1.15273730845718,-1.8551300026509743,,0.0,True,True,True,True,all4-early-fusion+ridge-only
33,81.0,0.7,81.0,81.0,matched,,2025-02-28T06:24:13.072771+00:00,2024-04-13T09:12:50.380162+00:00,1.1543870113312886,-1.8419062119069913,,0.0,True,True,True,True,all4-early-fusion+ridge-only
34,81.0,0.7,81.0,81.0,matched,,2025-02-28T06:24:13.172565+00:00,2024-04-13T09:12:50.380162+00:00,1.1567423164526736,-1.8289890770986423,,0.0,True,True,True,True,all4-early-fusion+ridge-only
35,81.0,0.7,81.0,81.0,matched,,2025-02-28T06:24:13.272890+00:00,2024-04-13T09:12:50.380162+00:00,1.1578269992795094,-1.8395527782673269,,0.0,True,True,True,True,all4-early-fusion+ridge-only
36,81.0,0.7,81.0,81.0,matched,,2025-02-28T06:24:13.372481+00:00,2024-04-13T09:12:50.380162+00:00,1.1588664757518765,-1.838061947294694,,0.0,True,True,True,True,all4-early-fusion+ridge-only
37,81.0,0.7,81.0,81.0,matched,,2025-02-28T06:24:13.477386+00:00,2024-04-13T09:12:50.380162+00:00,1.159805844615529,-1.8374611510222545,,0.0,True,True,True,True,all4-early-fusion+ridge-only
38,81.0,0.7,81.0,81.0,matched,,2025-02-28T06:24:13.572514+00:00,2024-04-13T09:12:50.380162+00:00,1.160590846279321,-1.8388897294512194,,0.0,True,True,True,True,all4-early-fusion+ridge-only
39,81.0,0.7,81.0,81.0,matched,,2025-02-28T06:24:13.672647+00:00,2024-04-13T09:12:50.380162+00:00,1.1623864579401857,-1.8382244211489764,,0.0,True,True,True,True,all4-early-fusion+ridge-only
40,81.0,0.7,81.0,81.0,matched,,2025-02-28T06:24:13.772535+00:00,2024-04-13T09:12:50.380162+00:00,1.1618229818958474,-1.8371108188025995,,0.0,True,True,True,True,all4-early-fusion+ridge-only
41,81.0,0.7,81.0,81.0,matched,,2025-02-28T06:24:13.872871+00:00,2024-04-13T09:12:50.380162+00:00,1.1627094833368796,-1.8454123555598818,,0.0,True,True,True,True,all4-early-fusion+ridge-only
42,81.0,0.7,81.0,81.0,matched,,2025-02-28T06:24:13.972589+00:00,2024-04-13T09:12:50.380162+00:00,1.1636979907220977,-1.8413972160256193,,0.0,True,True,True,True,all4-early-fusion+ridge-only
43,81.0,0.7,81.0,81.0,matched,,2025-02-28T06:24:14.078054+00:00,2024-04-13T09:12:50.380162+00:00,1.165069666993029,-1.8464949843492608,,0.0,True,True,True,True,all4-early-fusion+ridge-only
44,81.0,0.7,81.0,81.0,matched,,2025-02-28T06:24:14.172325+00:00,2024-04-13T09:12:50.380162+00:00,1.1651810183126516,-1.8221544836374814,,0.0,True,True,True,True,all4-early-fusion+ridge-only
45,81.0,0.7,81.0,81.0,matched,,2025-02-28T06:24:14.272593+00:00,2024-04-13T09:12:50.380162+00:00,1.1651943414110082,-1.8351873135863637,,0.0,True,True,True,True,all4-early-fusion+ridge-only
46,81.0,0.7,81.0,81.0,matched,,2025-02-28T06:24:14.372645+00:00,2024-04-13T09:12:50.380162+00:00,1.1653594181012574,-1.829801262415973,,0.0,True,True,True,True,all4-early-fusion+ridge-only
47,81.0,0.7,81.0,81.0,matched,,2025-02-28T06:24:14.472765+00:00,2024-04-13T09:12:50.380162+00:00,1.1667521199000424,-1.827188366057297,,0.0,True,True,True,True,all4-early-fusion+ridge-only
48,81.0,0.7,81.0,81.0,matched,,2025-02-28T06:24:14.573363+00:00,2024-04-13T09:12:50.380162+00:00,1.1669253103664112,-1.8223727120420101,,0.0,True,True,True,True,all4-early-fusion+ridge-only
49,81.0,0.7,81.0,81.0,matched,,2025-02-28T06:24:14.672781+00:00,2024-04-13T09:12:50.380162+00:00,1.1674521027191194,-1.837664864935372,,0.0,True,True,True,True,all4-early-fusion+ridge-only
50,81.0,0.7,81.0,81.0,matched,,2025-02-28T06:24:14.772523+00:00,2024-04-13T09:12:50.380162+00:00,1.165346745533869,-1.8380778670670506,,0.0,True,True,True,True,all4-early-fusion+ridge-only
51,81.0,0.7,81.0,81.0,matched,,2025-02-28T06:24:14.877814+00:00,2024-04-13T09:12:50.380162+00:00,1.1632267553204036,-1.8352949752098608,,0.0,True,True,True,True,all4-early-fusion+ridge-only
52,81.0,0.7,81.0,81.0,matched,,2025-02-28T06:24:14.977192+00:00,2024-04-13T09:12:50.380162+00:00,1.1623576503332365,-1.8300926357732459,,0.0,True,True,True,True,all4-early-fusion+ridge-only
53,81.0,0.7,81.0,81.0,matched,,2025-02-28T06:24:15.072723+00:00,2024-04-13T09:12:50.380162+00:00,1.16145074772733,-1.8394921208955606,,0.0,True,True,True,True,all4-early-fusion+ridge-only
54,81.0,0.7,81.0,81.0,matched,,2025-02-28T06:24:15.172710+00:00,2024-04-13T09:12:50.380162+00:00,1.1596958960403274,-1.840700268469473,,0.0,True,True,True,True,all4-early-fusion+ridge-only
55,81.0,0.7,81.0,81.0,matched,,2025-02-28T06:24:15.277607+00:00,2024-04-13T09:12:50.380162+00:00,1.159379390059002,-1.8453134126752342,,0.0,True,True,True,True,all4-early-fusion+ridge-only
56,81.0,0.7,81.0,81.0,matched,,2025-02-28T06:24:15.377987+00:00,2024-04-13T09:12:50.380162+00:00,1.1590801710369651,-1.858507205934485,,0.0,True,True,True,True,all4-early-fusion+ridge-only
57,81.0,0.7,81.0,81.0,matched,,2025-02-28T06:24:15.477627+00:00,2024-04-13T09:12:50.380162+00:00,1.1586384688792732,-1.8393614172748123,,0.0,True,True,True,True,all4-early-fusion+ridge-only
58,81.0,0.7,81.0,81.0,matched,,2025-02-28T06:24:15.577778+00:00,2024-04-13T09:12:50.380162+00:00,1.1591725659552918,-1.8371642947222657,,0.0,True,True,True,True,all4-early-fusion+ridge-only
59,81.0,0.7,81.0,81.0,matched,,2025-02-28T06:24:15.672507+00:00,2024-04-13T09:12:50.380162+00:00,1.1602779977192026,-1.841676080599038,,0.0,True,True,True,True,all4-early-fusion+ridge-only
60,81.0,0.7,81.0,81.0,matched,,2025-02-28T06:24:15.776014+00:00,2024-04-13T09:12:50.380162+00:00,1.162775978163043,-1.841146430729951,,0.0,True,True,True,True,all4-early-fusion+ridge-only
61,81.0,0.7,81.0,81.0,matched,,2025-02-28T06:24:15.876688+00:00,2024-04-13T09:12:50.380162+00:00,1.1625632979255125,-1.841369276309458,,0.0,True,True,True,True,all4-early-fusion+ridge-only
62,81.0,0.7,81.0,81.0,matched,,2025-02-28T06:24:15.972682+00:00,2024-04-13T09:12:50.380162+00:00,1.1636520948231401,-1.8401536989444698,,0.0,True,True,True,True,all4-early-fusion+ridge-only
63,81.0,0.7,81.0,81.0,matched,,2025-02-28T06:24:16.072892+00:00,2024-04-13T09:12:50.380162+00:00,1.1648227815156154,-1.824217567937042,,0.0,True,True,True,True,all4-early-fusion+ridge-only
64,81.0,0.7,81.0,81.0,matched,,2025-02-28T06:24:16.173905+00:00,2024-04-13T09:12:50.380162+00:00,1.1665756823903157,-1.827332371492542,,0.0,True,True,True,True,all4-early-fusion+ridge-only
65,81.0,0.7,81.0,81.0,matched,,2025-02-28T06:24:16.275432+00:00,2024-04-13T09:12:50.380162+00:00,1.1667039948560705,-1.8132224835872304,,0.0,True,True,True,True,all4-early-fusion+ridge-only
66,81.0,0.7,81.0,81.0,matched,,2025-02-28T06:24:16.372733+00:00,2024-04-13T09:12:50.380162+00:00,1.1657269654714977,-1.847652895288068,,0.0,True,True,True,True,all4-early-fusion+ridge-only
67,81.0,0.7,81.0,81.0,matched,,2025-02-28T06:24:16.472629+00:00,2024-04-13T09:12:50.380162+00:00,1.1647557927374381,-1.846530440060583,,0.0,True,True,True,True,all4-early-fusion+ridge-only
68,81.0,0.7,81.0,81.0,matched,,2025-02-28T06:24:16.576677+00:00,2024-04-13T09:12:50.380162+00:00,1.1650167267276872,-1.8264838636575849,,0.0,True,True,True,True,all4-early-fusion+ridge-only
69,81.0,0.7,81.0,81.0,matched,,2025-02-28T06:24:16.676620+00:00,2024-04-13T09:12:50.380162+00:00,1.1635287328375066,-1.81788238510056,,0.0,True,True,True,True,all4-early-fusion+ridge-only
70,81.0,0.7,81.0,81.0,matched,,2025-02-28T06:24:16.774986+00:00,2024-04-13T09:12:50.380162+00:00,1.16257847372659,-1.8402646434757375,,0.0,True,True,True,True,all4-early-fusion+ridge-only
71,81.0,0.7,81.0,81.0,matched,,2025-02-28T06:24:16.875786+00:00,2024-04-13T09:12:50.380162+00:00,1.161303260862108,-1.85189375396025,,0.0,True,True,True,True,all4-early-fusion+ridge-only
72,81.0,0.7,81.0,81.0,matched,,2025-02-28T06:24:16.976136+00:00,2024-04-13T09:12:50.380162+00:00,1.1631215442479717,-1.8520521763841125,,0.0,True,True,True,True,all4-early-fusion+ridge-only
73,81.0,0.7,81.0,81.0,matched,,2025-02-28T06:24:17.073753+00:00,2024-04-13T09:12:50.380162+00:00,1.163667977345713,-1.8372834250517323,,0.0,True,True,True,True,all4-early-fusion+ridge-only
74,81.0,0.7,81.0,81.0,matched,,2025-02-28T06:24:17.177782+00:00,2024-04-13T09:12:50.380162+00:00,1.1620803826778034,-1.8405855007290268,,0.0,True,True,True,True,all4-early-fusion+ridge-only
75,81.0,0.7,81.0,81.0,matched,,2025-02-28T06:24:17.283597+00:00,2024-04-13T09:12:50.380162+00:00,1.1610483100991003,-1.8377852217126238,,0.0,True,True,True,True,all4-early-fusion+ridge-only
76,81.0,0.7,81.0,81.0,matched,,2025-02-28T06:24:17.377339+00:00,2024-04-13T09:12:50.380162+00:00,1.1629161756988313,-1.8272498250965332,,0.0,True,True,True,True,all4-early-fusion+ridge-only
77,81.0,0.7,81.0,81.0,matched,,2025-02-28T06:24:17.475187+00:00,2024-04-13T09:12:50.380162+00:00,1.1656112374845513,-1.8276517780435686,,0.0,True,True,True,True,all4-early-fusion+ridge-only
78,81.0,0.7,81.0,81.0,matched,,2025-02-28T06:24:17.574285+00:00,2024-04-13T09:12:50.380162+00:00,1.1660917282554644,-1.840519675985428,,0.0,True,True,True,True,all4-early-fusion+ridge-only
79,81.0,0.7,81.0,81.0,matched,,2025-02-28T06:24:17.676220+00:00,2024-04-13T09:12:50.380162+00:00,1.1666698331184255,-1.8439474050045914,,0.0,True,True,True,True,all4-early-fusion+ridge-only
80,81.0,0.7,81.0,81.0,matched,,2025-02-28T06:24:17.774470+00:00,2024-04-13T09:12:50.380162+00:00,1.1675597555257213,-1.8292351834662912,,0.0,True,True,True,True,all4-early-fusion+ridge-only
81,81.0,0.7,81.0,81.0,matched,,2025-02-28T06:24:17.874768+00:00,2024-04-13T09:12:50.380162+00:00,1.1699878986298768,-1.819718121878698,,0.0,True,True,True,True,all4-early-fusion+ridge-only
82,81.0,0.7,81.0,81.0,matched,,2025-02-28T06:24:17.976120+00:00,2024-04-13T09:12:50.380162+00:00,1.1719241290533156,-1.8222480743173293,,0.0,True,True,True,True,all4-early-fusion+ridge-only
83,81.0,0.7,81.0,81.0,matched,,2025-02-28T06:24:18.075002+00:00,2024-04-13T09:12:50.380162+00:00,1.1718839091950304,-1.846766777904071,,0.0,True,True,True,True,all4-early-fusion+ridge-only
84,81.0,0.7,81.0,81.0,matched,,2025-02-28T06:24:18.174509+00:00,2024-04-13T09:12:50.380162+00:00,1.1730264103043107,-1.830924271559159,,0.0,True,True,True,True,all4-early-fusion+ridge-only
85,81.0,0.7,81.0,81.0,matched,,2025-02-28T06:24:18.280268+00:00,2024-04-13T09:12:50.380162+00:00,1.1735746186507277,-1.8307963542487724,,0.0,True,True,True,True,all4-early-fusion+ridge-only
86,81.0,0.7,81.0,81.0,matched,,2025-02-28T06:24:18.375302+00:00,2024-04-13T09:12:50.380162+00:00,1.1727824974138423,-1.811075647566914,,0.0,True,True,True,True,all4-early-fusion+ridge-only
87,81.0,0.7,81.0,81.0,matched,,2025-02-28T06:24:18.475810+00:00,2024-04-13T09:12:50.380162+00:00,1.1687221125363205,-1.8059512904387047,,0.0,True,True,True,True,all4-early-fusion+ridge-only
88,81.0,0.7,81.0,81.0,matched,,2025-02-28T06:24:18.578780+00:00,2024-04-13T09:12:50.380162+00:00,1.1661373764211556,-1.8280941964847066,,0.0,True,True,True,True,all4-early-fusion+ridge-only
89,81.0,0.7,81.0,81.0,matched,,2025-02-28T06:24:18.681265+00:00,2024-04-13T09:12:50.380162+00:00,1.1683105868685446,-1.8279521637833471,,0.0,True,True,True,True,all4-early-fusion+ridge-only
90,81.0,0.7,81.0,81.0,matched,,2025-02-28T06:24:18.775327+00:00,2024-04-13T09:12:50.380162+00:00,1.1694819525217086,-1.837917113194002,,0.0,True,True,True,True,all4-early-fusion+ridge-only
91,81.0,0.7,81.0,81.0,matched,,2025-02-28T06:24:18.875850+00:00,2024-04-13T09:12:50.380162+00:00,1.1684924468256364,-1.837948517072031,,0.0,True,True,True,True,all4-early-fusion+ridge-only
92,81.0,0.7,81.0,81.0,matched,,2025-02-28T06:24:18.975107+00:00,2024-04-13T09:12:50.380162+00:00,1.1657655003935654,-1.864382355531436,,0.0,True,True,True,True,all4-early-fusion+ridge-only
93,81.0,0.7,81.0,81.0,matched,,2025-02-28T06:24:19.075160+00:00,2024-04-13T09:12:50.380162+00:00,1.1640542465359323,-1.8506801715841432,,0.0,True,True,True,True,all4-early-fusion+ridge-only
94,81.0,0.7,81.0,81.0,matched,,2025-02-28T06:24:19.179426+00:00,2024-04-13T09:12:50.380162+00:00,1.1648152320246365,-1.8228614629827915,,0.0,True,True,True,True,all4-early-fusion+ridge-only
95,81.0,0.7,81.0,81.0,matched,,2025-02-28T06:24:19.277296+00:00,2024-04-13T09:12:50.380162+00:00,1.165897303491279,-1.8180392493743547,,0.0,True,True,True,True,all4-early-fusion+ridge-only
96,81.0,0.7,81.0,81.0,matched,,2025-02-28T06:24:19.374804+00:00,2024-04-13T09:12:50.380162+00:00,1.1667983581004329,-1.841680916905569,,0.0,True,True,True,True,all4-early-fusion+ridge-only
97,81.0,0.7,81.0,81.0,matched,,2025-02-28T06:24:19.474900+00:00,2024-04-13T09:12:50.380162+00:00,1.1668926016351007,-1.8410720583196962,,0.0,True,True,True,True,all4-early-fusion+ridge-only
98,81.0,0.7,81.0,81.0,matched,,2025-02-28T06:24:19.575650+00:00,2024-04-13T09:12:50.380162+00:00,1.1695021480600352,-1.8247750828726672,,0.0,True,True,True,True,all4-early-fusion+ridge-only
99,81.0,0.7,81.0,81.0,matched,,2025-02-28T06:24:19.676307+00:00,2024-04-13T09:12:50.380162+00:00,1.1709345205437087,-1.81972335610896,,0.0,True,True,True,True,all4-early-fusion+ridge-only
100,81.0,0.7,81.0,81.0,matched,,2025-02-28T06:24:19.775030+00:00,2024-04-13T09:12:50.380162+00:00,1.170577514977174,-1.816049377650281,,0.0,True,True,True,True,all4-early-fusion+ridge-only
101,81.0,0.7,81.0,81.0,matched,,2025-02-28T06:24:19.876384+00:00,2024-04-13T09:12:50.380162+00:00,1.169117382206595,-1.8280055124933068,,0.0,True,True,True,True,all4-early-fusion+ridge-only
102,81.0,0.7,81.0,81.0,matched,,2025-02-28T06:24:19.976626+00:00,2024-04-13T09:12:50.380162+00:00,1.1679643246343507,-1.8369118381906864,,0.0,True,True,True,True,all4-early-fusion+ridge-only
103,81.0,0.7,81.0,81.0,matched,,2025-02-28T06:24:20.078163+00:00,2024-04-13T09:12:50.380162+00:00,1.166836794030469,-1.8356773448571557,,0.0,True,True,True,True,all4-early-fusion+ridge-only
104,81.0,0.7,81.0,81.0,matched,,2025-02-28T06:24:20.176619+00:00,2024-04-13T09:12:50.380162+00:00,1.1666782521700798,-1.8349240742637338,,0.0,True,True,True,True,all4-early-fusion+ridge-only
105,81.0,0.7,81.0,81.0,matched,,2025-02-28T06:24:20.278317+00:00,2024-04-13T09:12:50.380162+00:00,1.1660218561300753,-1.8267885242146766,,0.0,True,True,True,True,all4-early-fusion+ridge-only
106,81.0,0.7,81.0,81.0,matched,,2025-02-28T06:24:20.379209+00:00,2024-04-13T09:12:50.380162+00:00,1.1652641056618458,-1.834100709850719,,0.0,True,True,True,True,all4-early-fusion+ridge-only
107,81.0,0.7,81.0,81.0,matched,,2025-02-28T06:24:20.482977+00:00,2024-04-13T09:12:50.380162+00:00,1.1654211954763143,-1.854364550200258,,0.0,True,True,True,True,all4-early-fusion+ridge-only
108,81.0,0.7,81.0,81.0,matched,,2025-02-28T06:24:20.581053+00:00,2024-04-13T09:12:50.380162+00:00,1.1651536455603841,-1.8534748949623978,,0.0,True,True,True,True,all4-early-fusion+ridge-only
109,81.0,0.7,81.0,81.0,matched,,2025-02-28T06:24:20.679390+00:00,2024-04-13T09:12:50.380162+00:00,1.1646329336372523,-1.8265190433369487,,0.0,True,True,True,True,all4-early-fusion+ridge-only
110,81.0,0.7,81.0,81.0,matched,,2025-02-28T06:24:20.774514+00:00,2024-04-13T09:12:50.380162+00:00,1.1661598786766447,-1.8269437125490056,,0.0,True,True,True,True,all4-early-fusion+ridge-only
111,81.0,0.7,81.0,81.0,matched,,2025-02-28T06:24:20.875145+00:00,2024-04-13T09:12:50.380162+00:00,1.1657145873665424,-1.8243846328008073,,0.0,True,True,True,True,all4-early-fusion+ridge-only
112,81.0,0.7,81.0,81.0,matched,,2025-02-28T06:24:20.978119+00:00,2024-04-13T09:12:50.380162+00:00,1.1660170342114797,-1.8262775245341547,,0.0,True,True,True,True,all4-early-fusion+ridge-only
113,81.0,0.7,81.0,81.0,matched,,2025-02-28T06:24:21.075663+00:00,2024-04-13T09:12:50.380162+00:00,1.1702475232435008,-1.8398548872659173,,0.0,True,True,True,True,all4-early-fusion+ridge-only
114,81.0,0.7,81.0,81.0,matched,,2025-02-28T06:24:21.179177+00:00,2024-04-13T09:12:50.380162+00:00,1.1727168787597195,-1.8414051760116097,,0.0,True,True,True,True,all4-early-fusion+ridge-only
115,81.0,0.7,81.0,81.0,matched,,2025-02-28T06:24:21.279125+00:00,2024-04-13T09:12:50.380162+00:00,1.17253907557392,-1.8181276788304137,,0.0,True,True,True,True,all4-early-fusion+ridge-only
116,81.0,0.7,81.0,81.0,matched,,2025-02-28T06:24:21.376954+00:00,2024-04-13T09:12:50.380162+00:00,1.1734452282789976,-1.8316867286258034,,0.0,True,True,True,True,all4-early-fusion+ridge-only
117,81.0,0.7,81.0,81.0,matched,,2025-02-28T06:24:21.476477+00:00,2024-04-13T09:12:50.380162+00:00,1.1753360119980967,-1.8307737945564075,,0.0,True,True,True,True,all4-early-fusion+ridge-only
118,81.0,0.7,81.0,81.0,matched,,2025-02-28T06:24:21.575257+00:00,2024-04-13T09:12:50.380162+00:00,1.1749051199419474,-1.807829170848027,,0.0,True,True,True,True,all4-early-fusion+ridge-only
119,81.0,0.7,81.0,81.0,matched,,2025-02-28T06:24:21.681010+00:00,2024-04-13T09:12:50.380162+00:00,1.17612874999032,-1.8263119842839917,,0.0,True,True,True,True,all4-early-fusion+ridge-only
120,81.0,0.7,81.0,81.0,matched,,2025-02-28T06:24:21.774333+00:00,2024-04-13T09:12:50.380162+00:00,1.1790063230392251,-1.828474878380741,,0.0,True,True,True,True,all4-early-fusion+ridge-only
121,81.0,0.7,81.0,81.0,matched,,2025-02-28T06:24:21.878002+00:00,2024-04-13T09:12:50.380162+00:00,1.1789504305484018,-1.8169760327931557,,0.0,True,True,True,True,all4-early-fusion+ridge-only
122,81.0,0.7,81.0,81.0,matched,,2025-02-28T06:24:21.976211+00:00,2024-04-13T09:12:50.380162+00:00,1.1796058361004425,-1.803586011890714,,0.0,True,True,True,True,all4-early-fusion+ridge-only
123,81.0,0.7,81.0,81.0,matched,,2025-02-28T06:24:22.075825+00:00,2024-04-13T09:12:50.380162+00:00,1.182772618515305,-1.831017337151799,,0.0,True,True,True,True,all4-early-fusion+ridge-only
124,81.0,0.7,81.0,81.0,matched,,2025-02-28T06:24:22.174818+00:00,2024-04-13T09:12:50.380162+00:00,1.1826570894042279,-1.8263949567338198,,0.0,True,True,True,True,all4-early-fusion+ridge-only
125,81.0,0.7,81.0,81.0,matched,,2025-02-28T06:24:22.275359+00:00,2024-04-13T09:12:50.380162+00:00,1.185013730093633,-1.8097518724736503,,0.0,True,True,True,True,all4-early-fusion+ridge-only
126,81.0,0.7,81.0,81.0,matched,,2025-02-28T06:24:22.377720+00:00,2024-04-13T09:12:50.380162+00:00,1.185545542581416,-1.8187424962294725,,0.0,True,True,True,True,all4-early-fusion+ridge-only
127,81.0,0.7,81.0,81.0,matched,,2025-02-28T06:24:22.475151+00:00,2024-04-13T09:12:50.380162+00:00,1.1848784502250598,-1.8244772675533545,,0.0,True,True,True,True,all4-early-fusion+ridge-only
128,81.0,0.7,81.0,81.0,matched,,2025-02-28T06:24:22.575994+00:00,2024-04-13T09:12:50.380162+00:00,1.1823310661042876,-1.7959391879929185,,0.0,True,True,True,True,all4-early-fusion+ridge-only
129,81.0,0.7,81.0,81.0,matched,,2025-02-28T06:24:22.676921+00:00,2024-04-13T09:12:50.380162+00:00,1.1825547580987623,-1.8090999910698755,,0.0,True,True,True,True,all4-early-fusion+ridge-only
130,81.0,0.7,81.0,81.0,matched,,2025-02-28T06:24:22.777180+00:00,2024-04-13T09:12:50.380162+00:00,1.18309362645631,-1.80038893670054,,0.0,True,True,True,True,all4-early-fusion+ridge-only
131,81.0,0.7,81.0,81.0,matched,,2025-02-28T06:24:22.877932+00:00,2024-04-13T09:12:50.380162+00:00,1.1828774709620893,-1.8226249410151236,,0.0,True,True,True,True,all4-early-fusion+ridge-only
132,81.0,0.7,81.0,81.0,matched,,2025-02-28T06:24:22.976171+00:00,2024-04-13T09:12:50.380162+00:00,1.1827224388186548,-1.8243140487130767,,0.0,True,True,True,True,all4-early-fusion+ridge-only
133,81.0,0.7,81.0,81.0,matched,,2025-02-28T06:24:23.074512+00:00,2024-04-13T09:12:50.380162+00:00,1.1841945962568248,-1.8316072372192054,,0.0,True,True,True,True,all4-early-fusion+ridge-only
134,81.0,0.7,81.0,81.0,matched,,2025-02-28T06:24:23.175816+00:00,2024-04-13T09:12:50.380162+00:00,1.1799148910845945,-1.828556725212577,,0.0,True,True,True,True,all4-early-fusion+ridge-only
135,81.0,0.7,81.0,81.0,matched,,2025-02-28T06:24:23.275071+00:00,2024-04-13T09:12:50.380162+00:00,1.1801713629474377,-1.8204674048007943,,0.0,True,True,True,True,all4-early-fusion+ridge-only
136,81.0,0.7,81.0,81.0,matched,,2025-02-28T06:24:23.374315+00:00,2024-04-13T09:12:50.380162+00:00,1.1793483937297071,-1.8121295829100783,,0.0,True,True,True,True,all4-early-fusion+ridge-only
137,81.0,0.7,81.0,81.0,matched,,2025-02-28T06:24:23.474238+00:00,2024-04-13T09:12:50.380162+00:00,1.178356164844753,-1.8204478498072534,,0.0,True,True,True,True,all4-early-fusion+ridge-only
138,81.0,0.7,81.0,81.0,matched,,2025-02-28T06:24:23.574374+00:00,2024-04-13T09:12:50.380162+00:00,1.1788361527802316,-1.8082835357334848,,0.0,True,True,True,True,all4-early-fusion+ridge-only
139,81.0,0.7,81.0,81.0,matched,,2025-02-28T06:24:23.674638+00:00,2024-04-13T09:12:50.380162+00:00,1.181127375277584,-1.8430159448874517,,0.0,True,True,True,True,all4-early-fusion+ridge-only
140,81.0,0.7,81.0,81.0,matched,,2025-02-28T06:24:23.774157+00:00,2024-04-13T09:12:50.380162+00:00,1.1844120557150306,-1.8062788005785992,,0.0,True,True,True,True,all4-early-fusion+ridge-only
141,81.0,0.7,81.0,81.0,matched,,2025-02-28T06:24:23.874690+00:00,2024-04-13T09:12:50.380162+00:00,1.1864372458764387,-1.8094415980955774,,0.0,True,True,True,True,all4-early-fusion+ridge-only
142,81.0,0.7,81.0,81.0,matched,,2025-02-28T06:24:23.975915+00:00,2024-04-13T09:12:50.380162+00:00,1.1877478336627258,-1.8335394587496185,,0.0,True,True,True,True,all4-early-fusion+ridge-only
143,81.0,0.7,81.0,81.0,matched,,2025-02-28T06:24:24.076614+00:00,2024-04-13T09:12:50.380162+00:00,1.1885690911230908,-1.8190341814228126,,0.0,True,True,True,True,all4-early-fusion+ridge-only
144,81.0,0.7,81.0,81.0,matched,,2025-02-28T06:24:24.174544+00:00,2024-04-13T09:12:50.380162+00:00,1.189031837360506,-1.8064037897483294,,0.0,True,True,True,True,all4-early-fusion+ridge-only
145,81.0,0.7,81.0,81.0,matched,,2025-02-28T06:24:24.277882+00:00,2024-04-13T09:12:50.380162+00:00,1.1911315940295457,-1.7924252404006669,,0.0,True,True,True,True,all4-early-fusion+ridge-only
146,81.0,0.7,81.0,81.0,matched,,2025-02-28T06:24:24.374493+00:00,2024-04-13T09:12:50.380162+00:00,1.1900305519838823,-1.7981903130253,,0.0,True,True,True,True,all4-early-fusion+ridge-only
147,81.0,0.7,81.0,81.0,matched,,2025-02-28T06:24:24.474416+00:00,2024-04-13T09:12:50.380162+00:00,1.1892644898789724,-1.7977131172609244,,0.0,True,True,True,True,all4-early-fusion+ridge-only
148,81.0,0.7,81.0,81.0,matched,,2025-02-28T06:24:24.582468+00:00,2024-04-13T09:12:50.380162+00:00,1.1903221443601577,-1.811414017743234,,0.0,True,True,True,True,all4-early-fusion+ridge-only
149,81.0,0.7,81.0,81.0,matched,,2025-02-28T06:24:24.678927+00:00,2024-04-13T09:12:50.380162+00:00,1.1896866807410236,-1.8031933271219216,,0.0,True,True,True,True,all4-early-fusion+ridge-only
150,81.0,0.7,81.0,81.0,matched,,2025-02-28T06:24:24.778996+00:00,2024-04-13T09:12:50.380162+00:00,1.1878134680370196,-1.8199186215280156,,0.0,True,True,True,True,all4-early-fusion+ridge-only
151,81.0,0.7,81.0,81.0,matched,,2025-02-28T06:24:24.875246+00:00,2024-04-13T09:12:50.380162+00:00,1.184932190833944,-1.818390263080894,,0.0,True,True,True,True,all4-early-fusion+ridge-only
152,81.0,0.7,81.0,81.0,matched,,2025-02-28T06:24:24.976883+00:00,2024-04-13T09:12:50.380162+00:00,1.1830342486097551,-1.8178682812495879,,0.0,True,True,True,True,all4-early-fusion+ridge-only
153,81.0,0.7,81.0,81.0,matched,,2025-02-28T06:24:25.074510+00:00,2024-04-13T09:12:50.380162+00:00,1.1810848064273953,-1.8219052594565799,,0.0,True,True,True,True,all4-early-fusion+ridge-only
154,81.0,0.7,81.0,81.0,matched,,2025-02-28T06:24:25.174864+00:00,2024-04-13T09:12:50.380162+00:00,1.1818495706751462,-1.826024281233287,,0.0,True,True,True,True,all4-early-fusion+ridge-only
155,81.0,0.7,81.0,81.0,matched,,2025-02-28T06:24:25.280318+00:00,2024-04-13T09:12:50.380162+00:00,1.1817102642932509,-1.8270091294923736,,0.012987012987012988,True,True,True,True,all4-early-fusion+ridge-only
156,81.0,0.7,81.0,81.0,matched,,2025-02-28T06:24:25.376984+00:00,2024-04-13T09:12:50.380162+00:00,1.1836317486545425,-1.824119289634496,,0.03766233766233766,True,True,True,True,all4-early-fusion+ridge-only
157,81.0,0.7,81.0,81.0,matched,,2025-02-28T06:24:25.474377+00:00,2024-04-13T09:12:50.380162+00:00,1.185862951312397,-1.8190676774913797,,0.07272727272727272,True,True,True,True,all4-early-fusion+ridge-only
158,81.0,0.7,81.0,81.0,matched,,2025-02-28T06:24:25.574586+00:00,2024-04-13T09:12:50.380162+00:00,1.1888535338655222,-1.8191569812668829,,0.11688311688311688,True,True,True,True,all4-early-fusion+ridge-only
159,81.0,0.7,81.0,81.0,matched,,2025-02-28T06:24:25.674308+00:00,2024-04-13T09:12:50.380162+00:00,1.193544040852752,-1.8030016110179752,,0.16883116883116883,True,True,True,True,all4-early-fusion+ridge-only
160,81.0,0.7,81.0,81.0,matched,,2025-02-28T06:24:25.774131+00:00,2024-04-13T09:12:50.380162+00:00,1.1939558357815974,-1.8047256973227674,,0.22727272727272727,True,True,True,True,all4-early-fusion+ridge-only
161,81.0,0.7,81.0,81.0,matched,,2025-02-28T06:24:25.875212+00:00,2024-04-13T09:12:50.380162+00:00,1.1888682268418913,-1.7987822935538091,,0.2909090909090909,True,True,True,True,all4-early-fusion+ridge-only
162,81.0,0.7,81.0,81.0,matched,,2025-02-28T06:24:25.974365+00:00,2024-04-13T09:12:50.380162+00:00,1.179629812896566,-1.7938470338444927,,0.35844155844155845,True,True,True,True,all4-early-fusion+ridge-only
163,81.0,0.7,81.0,81.0,matched,,2025-02-28T06:24:26.078252+00:00,2024-04-13T09:12:50.380162+00:00,1.152077011541807,-1.7849718731652127,,0.42857142857142855,True,True,True,True,all4-early-fusion+ridge-only
164,81.0,0.7,81.0,81.0,matched,,2025-02-28T06:24:26.177245+00:00,2024-04-13T09:12:50.380162+00:00,1.0951175043503698,-1.7703096825970526,,0.5,True,True,True,True,all4-early-fusion+ridge-only
165,82.0,0.4,82.0,82.0,matched,,2025-02-28T06:24:26.274952+00:00,2024-04-13T09:12:50.477514+00:00,0.9963110075047411,-1.8214945370159885,,0.5714285714285715,True,True,True,True,all4-early-fusion+ridge-only
166,83.0,0.4,83.0,83.0,matched,,2025-02-28T06:24:26.376243+00:00,2024-04-13T09:12:50.578543+00:00,0.9132285516906777,-1.882972827829139,,0.6415584415584416,True,True,True,True,all4-early-fusion+ridge-only
167,84.0,0.4,84.0,84.0,matched,,2025-02-28T06:24:26.478948+00:00,2024-04-13T09:12:50.678426+00:00,0.8209804268116211,-1.925741843033072,,0.7090909090909091,True,True,True,True,all4-early-fusion+ridge-only
168,,,,,no_match,ridge_z below tau (0.75),2025-02-28T06:24:26.575169+00:00,,0.734068061512534,-2.12214849239373,,0.7727272727272727,True,True,True,True,all4-early-fusion+ridge-only
169,,,,,no_match,ridge_z below tau (0.75),2025-02-28T06:24:26.674340+00:00,,0.6272222501694045,-2.4457115603726916,,0.8311688311688312,True,True,True,True,all4-early-fusion+ridge-only
170,,,,,no_match,ridge_z below tau (0.75),2025-02-28T06:24:26.775858+00:00,,0.5063174174919679,-2.88987307631989,,0.8831168831168831,True,True,True,True,all4-early-fusion+ridge-only
171,,,,,no_match,ridge_z below tau (0.75),2025-02-28T06:24:26.874697+00:00,,0.37845844368819853,-2.718632711277466,,0.9272727272727272,True,True,True,True,all4-early-fusion+ridge-only
172,,,,,no_match,ridge_z below tau (0.75),2025-02-28T06:24:26.975229+00:00,,0.25299469766174115,-2.813511667223432,,0.9623376623376624,True,True,True,True,all4-early-fusion+ridge-only
173,,,,,no_match,ridge_z below tau (0.75),2025-02-28T06:24:27.074268+00:00,,0.14416721377044714,-2.749883052134452,,0.987012987012987,True,True,True,True,all4-early-fusion+ridge-only
174,,,,,no_match,ridge_z below tau (0.75),2025-02-28T06:24:27.176625+00:00,,0.08078922442836808,-2.9602757979396372,,1.0,True,True,True,True,all4-early-fusion+ridge-only
175,,,,,no_match,ridge_z below tau (0.75),2025-02-28T06:24:27.275103+00:00,,0.08690807048239138,-3.1002628420488545,,1.0,True,True,True,True,all4-early-fusion+ridge-only
176,,,,,no_match,ridge_z below tau (0.75),2025-02-28T06:24:27.374568+00:00,,0.1962443061531135,-3.2279432488574518,,1.0,True,True,True,True,all4-early-fusion+ridge-only
177,,,,,no_match,ridge_z below tau (0.75),2025-02-28T06:24:27.474436+00:00,,0.35921339120882556,-3.26307403412017,,1.0,True,True,True,True,all4-early-fusion+ridge-only
178,,,,,no_match,ridge_z below tau (0.75),2025-02-28T06:24:27.579496+00:00,,0.5484168650494774,-3.1228441658373067,,1.0,True,True,True,True,all4-early-fusion+ridge-only
179,96.0,0.4,96.0,96.0,matched,,2025-02-28T06:24:27.680083+00:00,2024-04-13T09:12:51.880024+00:00,0.7524501916974761,-2.8193063751565997,,1.0,True,True,True,True,all4-early-fusion+ridge-only
180,97.0,0.4,97.0,97.0,matched,,2025-02-28T06:24:27.780694+00:00,2024-04-13T09:12:51.979625+00:00,0.9974850824365934,-2.3784042537784353,,1.0,True,True,True,True,all4-early-fusion+ridge-only
181,98.0,0.7,98.0,98.0,matched,,2025-02-28T06:24:27.875446+00:00,2024-04-13T09:12:52.082683+00:00,1.2793271589864892,-1.687174483941947,,1.0,True,True,True,True,all4-early-fusion+ridge-only
182,99.0,0.9,99.0,99.0,matched,,2025-02-28T06:24:27.974321+00:00,2024-04-13T09:12:52.181367+00:00,1.5727765452462577,-0.9259727756646337,,1.0,True,True,True,True,all4-early-fusion+ridge-only
183,100.0,0.9,100.0,100.0,matched,,2025-02-28T06:24:28.075179+00:00,2024-04-13T09:12:52.279540+00:00,1.8694196392571818,-0.7322734549762608,,1.0,True,True,True,True,all4-early-fusion+ridge-only
184,101.0,0.9,101.0,101.0,matched,,2025-02-28T06:24:28.174304+00:00,2024-04-13T09:12:52.378302+00:00,2.15331456342421,-0.5055164590064676,,1.0,True,True,True,True,all4-early-fusion+ridge-only
185,102.0,0.9,102.0,102.0,matched,,2025-02-28T06:24:28.275277+00:00,2024-04-13T09:12:52.479576+00:00,2.409615142983901,-0.26489199980934686,,1.0,True,True,True,True,all4-early-fusion+ridge-only
186,103.0,0.9,103.0,103.0,matched,,2025-02-28T06:24:28.374682+00:00,2024-04-13T09:12:52.579916+00:00,2.625833711509213,0.0,,1.0,True,True,True,True,all4-early-fusion+ridge-only
187,104.0,0.9,104.0,104.0,matched,,2025-02-28T06:24:28.474518+00:00,2024-04-13T09:12:52.680948+00:00,2.77921321004939,0.0,,1.0,True,True,True,True,all4-early-fusion+ridge-only
188,105.0,0.9,105.0,105.0,matched,,2025-02-28T06:24:28.574104+00:00,2024-04-13T09:12:52.783805+00:00,2.8633925532916296,0.0,,1.0,True,True,True,True,all4-early-fusion+ridge-only
189,106.0,0.9,106.0,106.0,matched,,2025-02-28T06:24:28.674720+00:00,2024-04-13T09:12:52.883709+00:00,2.9299628673803806,0.35276177901763406,,1.0,True,True,True,True,all4-early-fusion+ridge-only
190,107.0,0.9,107.0,107.0,matched,,2025-02-28T06:24:28.774568+00:00,2024-04-13T09:12:52.980129+00:00,2.9759189091082408,0.06260675350691614,,1.0,True,True,True,True,all4-early-fusion+ridge-only
191,108.0,0.9,108.0,108.0,matched,,2025-02-28T06:24:28.874422+00:00,2024-04-13T09:12:53.087502+00:00,3.0,0.14222237401535365,,1.0,True,True,True,True,all4-early-fusion+ridge-only
192,109.0,0.9,109.0,109.0,matched,,2025-02-28T06:24:28.975579+00:00,2024-04-13T09:12:53.178364+00:00,3.0,0.1310321696988015,,1.0,True,True,True,True,all4-early-fusion+ridge-only
193,110.0,0.9,110.0,110.0,matched,,2025-02-28T06:24:29.074269+00:00,2024-04-13T09:12:53.278654+00:00,3.0,0.10011553806271722,,1.0,True,True,True,True,all4-early-fusion+ridge-only
194,111.0,0.9,111.0,111.0,matched,,2025-02-28T06:24:29.174393+00:00,2024-04-13T09:12:53.377361+00:00,3.0,0.003372888211385039,,1.0,True,True,True,True,all4-early-fusion+ridge-only
195,112.0,0.9,112.0,112.0,matched,,2025-02-28T06:24:29.274996+00:00,2024-04-13T09:12:53.477864+00:00,3.0,0.055648987902836566,,1.0,True,True,True,True,all4-early-fusion+ridge-only
196,113.0,0.9,113.0,113.0,matched,,2025-02-28T06:24:29.379262+00:00,2024-04-13T09:12:53.578450+00:00,3.0,0.3078708062902522,,1.0,True,True,True,True,all4-early-fusion+ridge-only
197,114.0,0.9,114.0,114.0,matched,,2025-02-28T06:24:29.478118+00:00,2024-04-13T09:12:53.679085+00:00,3.0,0.14482858916519215,,1.0,True,True,True,True,all4-early-fusion+ridge-only
198,115.0,0.9,115.0,115.0,matched,,2025-02-28T06:24:29.578049+00:00,2024-04-13T09:12:53.778046+00:00,3.0,0.09273740041685974,,1.0,True,True,True,True,all4-early-fusion+ridge-only
199,116.0,0.9,116.0,116.0,matched,,2025-02-28T06:24:29.677702+00:00,2024-04-13T09:12:53.878088+00:00,3.0,0.07999397996870039,,1.0,True,True,True,True,all4-early-fusion+ridge-only
200,117.0,0.9,117.0,117.0,matched,,2025-02-28T06:24:29.782478+00:00,2024-04-13T09:12:53.979710+00:00,3.0,0.0451107152520458,,1.0,True,True,True,True,all4-early-fusion+ridge-only
201,118.0,0.9,118.0,118.0,matched,,2025-02-28T06:24:29.874707+00:00,2024-04-13T09:12:54.077704+00:00,2.981820169757157,0.0,,1.0,True,True,True,True,all4-early-fusion+ridge-only
202,119.0,0.9,119.0,119.0,matched,,2025-02-28T06:24:29.974880+00:00,2024-04-13T09:12:54.178140+00:00,2.9481567228392653,0.0,,1.0,True,True,True,True,all4-early-fusion+ridge-only
203,120.0,0.9,120.0,120.0,matched,,2025-02-28T06:24:30.075639+00:00,2024-04-13T09:12:54.280523+00:00,2.8925900635372663,0.0,,0.987012987012987,True,True,True,True,all4-early-fusion+ridge-only
204,121.0,0.9,121.0,121.0,matched,,2025-02-28T06:24:30.174444+00:00,2024-04-13T09:12:54.380384+00:00,2.881101518178572,0.0,,0.9623376623376624,True,True,True,True,all4-early-fusion+ridge-only
205,122.0,0.9,122.0,122.0,matched,,2025-02-28T06:24:30.274339+00:00,2024-04-13T09:12:54.485025+00:00,2.8811015181785726,0.0,,0.9402597402597401,True,True,True,True,all4-early-fusion+ridge-only
206,123.0,0.9,123.0,123.0,matched,,2025-02-28T06:24:30.378355+00:00,2024-04-13T09:12:54.580084+00:00,2.8811015181785726,-0.19997813267126752,,0.9207792207792208,True,True,True,True,all4-early-fusion+ridge-only
207,124.0,0.9,124.0,124.0,matched,,2025-02-28T06:24:30.474337+00:00,2024-04-13T09:12:54.677345+00:00,2.881101518178573,-0.37029791609681206,,0.9038961038961039,True,True,True,True,all4-early-fusion+ridge-only
208,125.0,0.9,125.0,125.0,matched,,2025-02-28T06:24:30.578063+00:00,2024-04-13T09:12:54.777705+00:00,2.881101518178573,-0.6112332523219868,,0.8896103896103896,True,True,True,True,all4-early-fusion+ridge-only
209,126.0,0.9,126.0,126.0,matched,,2025-02-28T06:24:30.674422+00:00,2024-04-13T09:12:54.879461+00:00,2.881101518178573,-0.1263739989456334,,0.8779220779220779,True,True,True,True,all4-early-fusion+ridge-only
210,127.0,0.9,127.0,127.0,matched,,2025-02-28T06:24:30.774639+00:00,2024-04-13T09:12:54.977501+00:00,2.881101518178573,0.04399624047347617,,0.8688311688311688,True,True,True,True,all4-early-fusion+ridge-only
211,128.0,0.9,128.0,128.0,matched,,2025-02-28T06:24:30.874677+00:00,2024-04-13T09:12:55.077388+00:00,2.881101518178573,0.0,,0.8623376623376623,True,True,True,True,all4-early-fusion+ridge-only
212,129.0,0.9,129.0,129.0,matched,,2025-02-28T06:24:30.979359+00:00,2024-04-13T09:12:55.178730+00:00,2.899281348421415,0.0,,0.8584415584415584,True,True,True,True,all4-early-fusion+ridge-only
213,129.0,0.9,129.0,129.0,matched,,2025-02-28T06:24:31.076978+00:00,2024-04-13T09:12:55.178730+00:00,2.9329447953393073,0.0,,0.8571428571428571,True,True,True,True,all4-early-fusion+ridge-only
214,129.0,0.9,129.0,129.0,matched,,2025-02-28T06:24:31.176760+00:00,2024-04-13T09:12:55.178730+00:00,2.9885114546413063,0.0,,0.8584415584415584,True,True,True,True,all4-early-fusion+ridge-only
215,130.0,0.9,130.0,130.0,matched,,2025-02-28T06:24:31.275484+00:00,2024-04-13T09:12:55.277632+00:00,3.0,0.0,,0.8623376623376623,True,True,True,True,all4-early-fusion+ridge-only
216,131.0,0.9,131.0,131.0,matched,,2025-02-28T06:24:31.375515+00:00,2024-04-13T09:12:55.377224+00:00,3.0,0.0,,0.8558441558441559,True,True,True,True,all4-early-fusion+ridge-only
217,132.0,0.9,132.0,132.0,matched,,2025-02-28T06:24:31.474614+00:00,2024-04-13T09:12:55.477850+00:00,3.0,0.0,,0.8532467532467533,True,True,True,True,all4-early-fusion+ridge-only
218,133.0,0.9,133.0,133.0,matched,,2025-02-28T06:24:31.580638+00:00,2024-04-13T09:12:55.577503+00:00,2.9869979330644516,0.0,,0.8545454545454545,True,True,True,True,all4-early-fusion+ridge-only
219,134.0,0.9,134.0,134.0,matched,,2025-02-28T06:24:31.674464+00:00,2024-04-13T09:12:55.678580+00:00,2.96185944346267,0.0,,0.8467532467532467,True,True,True,True,all4-early-fusion+ridge-only
220,135.0,0.9,135.0,135.0,matched,,2025-02-28T06:24:31.777920+00:00,2024-04-13T09:12:55.782177+00:00,2.96185944346267,0.015312943484262487,,0.8441558441558441,True,True,True,True,all4-early-fusion+ridge-only
221,136.0,0.9,136.0,136.0,matched,,2025-02-28T06:24:31.876237+00:00,2024-04-13T09:12:55.884900+00:00,2.949818379384834,0.0,,0.8467532467532467,True,True,True,True,all4-early-fusion+ridge-only
222,137.0,0.9,137.0,137.0,matched,,2025-02-28T06:24:31.977617+00:00,2024-04-13T09:12:55.986306+00:00,2.91371679483219,0.08455660344432658,,0.8545454545454545,True,True,True,True,all4-early-fusion+ridge-only
223,138.0,0.9,138.0,138.0,matched,,2025-02-28T06:24:32.077005+00:00,2024-04-13T09:12:56.081047+00:00,2.872511474806009,-0.1430227362910319,,0.8675324675324675,True,True,True,True,all4-early-fusion+ridge-only
224,139.0,0.9,139.0,139.0,matched,,2025-02-28T06:24:32.177982+00:00,2024-04-13T09:12:56.177763+00:00,2.8106002176398257,-0.05200648164495281,,0.8714285714285716,True,True,True,True,all4-early-fusion+ridge-only
225,140.0,0.9,140.0,140.0,matched,,2025-02-28T06:24:32.274102+00:00,2024-04-13T09:12:56.280348+00:00,2.6948811134545525,0.2195183129656053,,0.8649350649350649,True,True,True,True,all4-early-fusion+ridge-only
226,140.0,0.9,140.0,140.0,matched,,2025-02-28T06:24:32.377489+00:00,2024-04-13T09:12:56.280348+00:00,2.5142420948956037,-0.08590722091635428,,0.861038961038961,True,True,True,True,all4-early-fusion+ridge-only
227,141.0,0.9,141.0,141.0,matched,,2025-02-28T06:24:32.473954+00:00,2024-04-13T09:12:56.378730+00:00,2.3180749015004887,-0.35298739832565174,,0.8597402597402597,True,True,True,True,all4-early-fusion+ridge-only
228,142.0,0.9,142.0,142.0,matched,,2025-02-28T06:24:32.575593+00:00,2024-04-13T09:12:56.482524+00:00,2.099088599153311,-0.3014384917635211,,0.861038961038961,True,True,True,True,all4-early-fusion+ridge-only
229,142.0,0.9,142.0,142.0,matched,,2025-02-28T06:24:32.675436+00:00,2024-04-13T09:12:56.482524+00:00,1.948315334720476,-0.6810238288280139,,0.8649350649350649,True,True,True,True,all4-early-fusion+ridge-only
230,143.0,0.9,143.0,143.0,matched,,2025-02-28T06:24:32.778730+00:00,2024-04-13T09:12:56.584282+00:00,1.8105900678967601,-1.0812401108249927,,0.8714285714285714,True,True,True,True,all4-early-fusion+ridge-only
231,144.0,0.9,144.0,144.0,matched,,2025-02-28T06:24:32.878350+00:00,2024-04-13T09:12:56.679779+00:00,1.6966395176943836,-1.8459440096616317,,0.8805194805194805,True,True,True,True,all4-early-fusion+ridge-only
232,145.0,0.9,145.0,145.0,matched,,2025-02-28T06:24:32.974211+00:00,2024-04-13T09:12:56.784535+00:00,1.6312963915793774,-1.7195482060195952,,0.8792207792207792,True,True,True,True,all4-early-fusion+ridge-only
233,146.0,0.9,146.0,146.0,matched,,2025-02-28T06:24:33.074286+00:00,2024-04-13T09:12:56.882266+00:00,1.6042330254989963,-2.2070057845833015,,0.8818181818181818,True,True,True,True,all4-early-fusion+ridge-only
234,147.0,0.9,147.0,147.0,matched,,2025-02-28T06:24:33.174808+00:00,2024-04-13T09:12:56.984520+00:00,1.574288073118001,-1.7428792617689526,,0.8883116883116885,True,True,True,True,all4-early-fusion+ridge-only
235,148.0,0.9,148.0,148.0,matched,,2025-02-28T06:24:33.274531+00:00,2024-04-13T09:12:57.080475+00:00,1.5800529558913103,-1.7915013206804742,,0.8987012987012987,True,True,True,True,all4-early-fusion+ridge-only
236,149.0,0.9,149.0,149.0,matched,,2025-02-28T06:24:33.374823+00:00,2024-04-13T09:12:57.179240+00:00,1.6744840823495293,-1.2534560522261404,,0.912987012987013,True,True,True,True,all4-early-fusion+ridge-only
237,150.0,0.9,150.0,150.0,matched,,2025-02-28T06:24:33.478565+00:00,2024-04-13T09:12:57.284697+00:00,1.8334483395673085,-0.8512260921212724,,0.9168831168831167,True,True,True,True,all4-early-fusion+ridge-only
238,151.0,0.9,151.0,151.0,matched,,2025-02-28T06:24:33.578516+00:00,2024-04-13T09:12:57.378590+00:00,2.0140836866425382,-0.6948144569632708,,0.9233766233766232,True,True,True,True,all4-early-fusion+ridge-only
239,152.0,0.9,152.0,152.0,matched,,2025-02-28T06:24:33.676403+00:00,2024-04-13T09:12:57.479449+00:00,2.1910296564852003,-0.7826529964789399,,0.9324675324675324,True,True,True,True,all4-early-fusion+ridge-only
240,153.0,0.9,153.0,153.0,matched,,2025-02-28T06:24:33.780603+00:00,2024-04-13T09:12:57.581443+00:00,2.3517907539311005,-0.6176101183216121,,0.9298701298701298,True,True,True,True,all4-early-fusion+ridge-only
241,154.0,0.9,154.0,154.0,matched,,2025-02-28T06:24:33.878868+00:00,2024-04-13T09:12:57.681654+00:00,2.514654510356598,-0.23416775499759668,,0.9285714285714286,True,True,True,True,all4-early-fusion+ridge-only
242,154.0,0.9,154.0,154.0,matched,,2025-02-28T06:24:33.975641+00:00,2024-04-13T09:12:57.681654+00:00,2.6286050605589746,-0.06705574272793147,,0.9285714285714286,True,True,True,True,all4-early-fusion+ridge-only
243,155.0,0.9,155.0,155.0,matched,,2025-02-28T06:24:34.075522+00:00,2024-04-13T09:12:57.782117+00:00,2.6895130480881133,-0.17085030951873703,,0.9298701298701298,True,True,True,True,all4-early-fusion+ridge-only
244,156.0,0.9,156.0,156.0,matched,,2025-02-28T06:24:34.174791+00:00,2024-04-13T09:12:57.877963+00:00,2.752677998721138,-0.462443657549672,,0.9324675324675324,True,True,True,True,all4-early-fusion+ridge-only
245,157.0,0.9,157.0,157.0,matched,,2025-02-28T06:24:34.276900+00:00,2024-04-13T09:12:57.981836+00:00,2.8238282711283142,-0.033156573147312685,,0.9363636363636364,True,True,True,True,all4-early-fusion+ridge-only
246,158.0,0.9,158.0,158.0,matched,,2025-02-28T06:24:34.378464+00:00,2024-04-13T09:12:58.078853+00:00,2.879974645521188,0.0,,0.9415584415584417,True,True,True,True,all4-early-fusion+ridge-only
247,159.0,0.9,159.0,159.0,matched,,2025-02-28T06:24:34.475437+00:00,2024-04-13T09:12:58.179841+00:00,2.9010937189667905,0.0,,0.9480519480519481,True,True,True,True,all4-early-fusion+ridge-only
248,160.0,0.9,160.0,160.0,matched,,2025-02-28T06:24:34.576422+00:00,2024-04-13T09:12:58.280553+00:00,2.9227684803079597,-0.1032769403685192,,0.9558441558441559,True,True,True,True,all4-early-fusion+ridge-only
249,161.0,0.9,161.0,161.0,matched,,2025-02-28T06:24:34.675257+00:00,2024-04-13T09:12:58.382466+00:00,2.9300584319541936,0.0,,0.964935064935065,True,True,True,True,all4-early-fusion+ridge-only
250,162.0,0.9,162.0,162.0,matched,,2025-02-28T06:24:34.775226+00:00,2024-04-13T09:12:58.479062+00:00,2.9720987644587087,0.0,,0.9753246753246754,True,True,True,True,all4-early-fusion+ridge-only
251,163.0,0.9,163.0,163.0,matched,,2025-02-28T06:24:34.878340+00:00,2024-04-13T09:12:58.580534+00:00,2.975112998381192,0.0,,0.987012987012987,True,True,True,True,all4-early-fusion+ridge-only
252,164.0,0.9,164.0,164.0,matched,,2025-02-28T06:24:34.974242+00:00,2024-04-13T09:12:58.679132+00:00,2.975112998381192,-0.0018579470959698696,,1.0,True,True,True,True,all4-early-fusion+ridge-only
253,165.0,0.9,165.0,165.0,matched,,2025-02-28T06:24:35.078668+00:00,2024-04-13T09:12:58.778707+00:00,2.975112998381192,0.0,,1.0,True,True,True,True,all4-early-fusion+ridge-only
254,166.0,0.9,166.0,166.0,matched,,2025-02-28T06:24:35.182284+00:00,2024-04-13T09:12:58.878160+00:00,2.991589201044896,-0.09066084141017061,,1.0,True,True,True,True,all4-early-fusion+ridge-only
255,167.0,0.9,167.0,167.0,matched,,2025-02-28T06:24:35.274466+00:00,2024-04-13T09:12:58.981416+00:00,2.991589201044896,0.3069941427911185,,1.0,True,True,True,True,all4-early-fusion+ridge-only
256,168.0,0.9,168.0,168.0,matched,,2025-02-28T06:24:35.374799+00:00,2024-04-13T09:12:59.077760+00:00,2.991589201044896,0.02828535922348152,,1.0,True,True,True,True,all4-early-fusion+ridge-only
257,169.0,0.9,169.0,169.0,matched,,2025-02-28T06:24:35.480819+00:00,2024-04-13T09:12:59.183708+00:00,2.991589201044896,0.13253888855500406,,1.0,True,True,True,True,all4-early-fusion+ridge-only
258,170.0,0.9,170.0,170.0,matched,,2025-02-28T06:24:35.579538+00:00,2024-04-13T09:12:59.280684+00:00,2.991758105326348,0.27165879046725516,,1.0,True,True,True,True,all4-early-fusion+ridge-only
259,171.0,0.9,171.0,171.0,matched,,2025-02-28T06:24:35.680559+00:00,2024-04-13T09:12:59.379429+00:00,2.991758105326348,0.17117053395168824,,1.0,True,True,True,True,all4-early-fusion+ridge-only
260,172.0,0.9,172.0,172.0,matched,,2025-02-28T06:24:35.778081+00:00,2024-04-13T09:12:59.482923+00:00,2.993573044762364,0.0,,1.0,True,True,True,True,all4-early-fusion+ridge-only
261,173.0,0.9,173.0,173.0,matched,,2025-02-28T06:24:35.875070+00:00,2024-04-13T09:12:59.578106+00:00,2.993573044762364,0.0,,1.0,True,True,True,True,all4-early-fusion+ridge-only
262,174.0,0.9,174.0,174.0,matched,,2025-02-28T06:24:35.977134+00:00,2024-04-13T09:12:59.677903+00:00,2.993573044762364,0.0,,1.0,True,True,True,True,all4-early-fusion+ridge-only
263,175.0,0.9,175.0,175.0,matched,,2025-02-28T06:24:36.076088+00:00,2024-04-13T09:12:59.781550+00:00,2.993573044762364,0.0,,1.0,True,True,True,True,all4-early-fusion+ridge-only
264,176.0,0.9,176.0,176.0,matched,,2025-02-28T06:24:36.174809+00:00,2024-04-13T09:12:59.881379+00:00,2.993573044762364,0.0,,1.0,True,True,True,True,all4-early-fusion+ridge-only
265,177.0,0.9,177.0,177.0,matched,,2025-02-28T06:24:36.279176+00:00,2024-04-13T09:12:59.980673+00:00,2.993573044762364,-0.0706965076139956,,1.0,True,True,True,True,all4-early-fusion+ridge-only
266,178.0,0.9,178.0,178.0,matched,,2025-02-28T06:24:36.374187+00:00,2024-04-13T09:13:00.078895+00:00,2.993573044762364,0.0,,1.0,True,True,True,True,all4-early-fusion+ridge-only
267,179.0,0.9,179.0,179.0,matched,,2025-02-28T06:24:36.475615+00:00,2024-04-13T09:13:00.179816+00:00,2.993573044762364,0.0,,1.0,True,True,True,True,all4-early-fusion+ridge-only
268,180.0,0.9,180.0,180.0,matched,,2025-02-28T06:24:36.574398+00:00,2024-04-13T09:13:00.280048+00:00,2.993573044762364,0.0,,1.0,True,True,True,True,all4-early-fusion+ridge-only
269,181.0,0.9,181.0,181.0,matched,,2025-02-28T06:24:36.674325+00:00,2024-04-13T09:13:00.385719+00:00,2.993573044762364,0.03288255729054823,,1.0,True,True,True,True,all4-early-fusion+ridge-only
270,182.0,0.9,182.0,182.0,matched,,2025-02-28T06:24:36.776189+00:00,2024-04-13T09:13:00.478017+00:00,2.993573044762364,0.38184419611455667,,1.0,True,True,True,True,all4-early-fusion+ridge-only
271,183.0,0.9,183.0,183.0,matched,,2025-02-28T06:24:36.874572+00:00,2024-04-13T09:13:00.577548+00:00,3.0,0.16891356224410536,,1.0,True,True,True,True,all4-early-fusion+ridge-only
272,184.0,0.9,184.0,184.0,matched,,2025-02-28T06:24:36.974487+00:00,2024-04-13T09:13:00.677888+00:00,3.0,0.05777838484564768,,1.0,True,True,True,True,all4-early-fusion+ridge-only
273,185.0,0.9,185.0,185.0,matched,,2025-02-28T06:24:37.075062+00:00,2024-04-13T09:13:00.780435+00:00,3.0,0.007898079921774492,,1.0,True,True,True,True,all4-early-fusion+ridge-only
274,186.0,0.9,186.0,186.0,matched,,2025-02-28T06:24:37.178841+00:00,2024-04-13T09:13:00.877793+00:00,3.0,0.08939750744926345,,1.0,True,True,True,True,all4-early-fusion+ridge-only
275,187.0,0.9,187.0,187.0,matched,,2025-02-28T06:24:37.274802+00:00,2024-04-13T09:13:00.977936+00:00,3.0,0.0,,1.0,True,True,True,True,all4-early-fusion+ridge-only
276,188.0,0.9,188.0,188.0,matched,,2025-02-28T06:24:37.375423+00:00,2024-04-13T09:13:01.078956+00:00,3.0,0.0,,1.0,True,True,True,True,all4-early-fusion+ridge-only
277,189.0,0.9,189.0,189.0,matched,,2025-02-28T06:24:37.475307+00:00,2024-04-13T09:13:01.177797+00:00,3.0,0.16955288171040905,,1.0,True,True,True,True,all4-early-fusion+ridge-only
278,190.0,0.9,190.0,190.0,matched,,2025-02-28T06:24:37.574598+00:00,2024-04-13T09:13:01.279810+00:00,3.0,0.0,,1.0,True,True,True,True,all4-early-fusion+ridge-only
279,191.0,0.9,191.0,191.0,matched,,2025-02-28T06:24:37.676031+00:00,2024-04-13T09:13:01.377980+00:00,3.0,0.0,,1.0,True,True,True,True,all4-early-fusion+ridge-only
280,192.0,0.9,192.0,192.0,matched,,2025-02-28T06:24:37.775643+00:00,2024-04-13T09:13:01.483337+00:00,3.0,0.0,,1.0,True,True,True,True,all4-early-fusion+ridge-only
281,193.0,0.9,193.0,193.0,matched,,2025-02-28T06:24:37.875196+00:00,2024-04-13T09:13:01.577331+00:00,3.0,0.0,,1.0,True,True,True,True,all4-early-fusion+ridge-only
282,194.0,0.9,194.0,194.0,matched,,2025-02-28T06:24:37.978464+00:00,2024-04-13T09:13:01.678065+00:00,3.0,0.0,,1.0,True,True,True,True,all4-early-fusion+ridge-only
283,195.0,0.9,195.0,195.0,matched,,2025-02-28T06:24:38.074425+00:00,2024-04-13T09:13:01.778809+00:00,3.0,0.0,,1.0,True,True,True,True,all4-early-fusion+ridge-only
284,196.0,0.9,196.0,196.0,matched,,2025-02-28T06:24:38.174183+00:00,2024-04-13T09:13:01.879361+00:00,3.0,0.0,,1.0,True,True,True,True,all4-early-fusion+ridge-only
285,197.0,0.9,197.0,197.0,matched,,2025-02-28T06:24:38.274599+00:00,2024-04-13T09:13:01.978643+00:00,3.0,0.018875874637569012,,1.0,True,True,True,True,all4-early-fusion+ridge-only
286,198.0,0.9,198.0,198.0,matched,,2025-02-28T06:24:38.382269+00:00,2024-04-13T09:13:02.080835+00:00,3.0,0.2616215749554551,,1.0,True,True,True,True,all4-early-fusion+ridge-only
287,199.0,0.9,199.0,199.0,matched,,2025-02-28T06:24:38.477764+00:00,2024-04-13T09:13:02.177415+00:00,3.0,0.0,,1.0,True,True,True,True,all4-early-fusion+ridge-only
288,200.0,0.9,200.0,200.0,matched,,2025-02-28T06:24:38.576184+00:00,2024-04-13T09:13:02.280193+00:00,3.0,0.0,,1.0,True,True,True,True,all4-early-fusion+ridge-only
289,201.0,0.9,201.0,201.0,matched,,2025-02-28T06:24:38.676589+00:00,2024-04-13T09:13:02.381325+00:00,3.0,0.0,,1.0,True,True,True,True,all4-early-fusion+ridge-only
290,202.0,0.9,202.0,202.0,matched,,2025-02-28T06:24:38.775038+00:00,2024-04-13T09:13:02.481874+00:00,3.0,0.0,,1.0,True,True,True,True,all4-early-fusion+ridge-only
291,203.0,0.9,203.0,203.0,matched,,2025-02-28T06:24:38.876150+00:00,2024-04-13T09:13:02.577523+00:00,3.0,0.0,,1.0,True,True,True,True,all4-early-fusion+ridge-only
292,204.0,0.9,204.0,204.0,matched,,2025-02-28T06:24:38.974653+00:00,2024-04-13T09:13:02.679200+00:00,3.0,0.130502754571602,,1.0,True,True,True,True,all4-early-fusion+ridge-only
293,205.0,0.9,205.0,205.0,matched,,2025-02-28T06:24:39.074642+00:00,2024-04-13T09:13:02.777619+00:00,3.0,0.0,,1.0,True,True,True,True,all4-early-fusion+ridge-only
294,206.0,0.9,206.0,206.0,matched,,2025-02-28T06:24:39.174532+00:00,2024-04-13T09:13:02.877786+00:00,3.0,0.025778328578024645,,1.0,True,True,True,True,all4-early-fusion+ridge-only
295,207.0,0.9,207.0,207.0,matched,,2025-02-28T06:24:39.275630+00:00,2024-04-13T09:13:02.977973+00:00,3.0,0.0,,1.0,True,True,True,True,all4-early-fusion+ridge-only
296,208.0,0.9,208.0,208.0,matched,,2025-02-28T06:24:39.374781+00:00,2024-04-13T09:13:03.080997+00:00,3.0,0.08553395288523946,,1.0,True,True,True,True,all4-early-fusion+ridge-only
297,209.0,0.9,209.0,209.0,matched,,2025-02-28T06:24:39.478354+00:00,2024-04-13T09:13:03.179327+00:00,3.0,0.0,,1.0,True,True,True,True,all4-early-fusion+ridge-only
298,210.0,0.9,210.0,210.0,matched,,2025-02-28T06:24:39.575963+00:00,2024-04-13T09:13:03.281322+00:00,2.9919682251565933,0.0,,1.0,True,True,True,True,all4-early-fusion+ridge-only
299,211.0,0.9,211.0,211.0,matched,,2025-02-28T06:24:39.674999+00:00,2024-04-13T09:13:03.377500+00:00,2.9919682251565933,0.0,,1.0,True,True,True,True,all4-early-fusion+ridge-only
300,212.0,0.9,212.0,212.0,matched,,2025-02-28T06:24:39.776892+00:00,2024-04-13T09:13:03.481925+00:00,2.9919682251565933,0.0,,1.0,True,True,True,True,all4-early-fusion+ridge-only
301,213.0,0.9,213.0,213.0,matched,,2025-02-28T06:24:39.875723+00:00,2024-04-13T09:13:03.581402+00:00,2.9919682251565933,0.0,,1.0,True,True,True,True,all4-early-fusion+ridge-only
302,214.0,0.9,214.0,214.0,matched,,2025-02-28T06:24:39.974269+00:00,2024-04-13T09:13:03.683845+00:00,2.9919682251565933,0.0,,1.0,True,True,True,True,all4-early-fusion+ridge-only
303,215.0,0.9,215.0,215.0,matched,,2025-02-28T06:24:40.079582+00:00,2024-04-13T09:13:03.777817+00:00,2.9919682251565933,-0.08834952327747247,,1.0,True,True,True,True,all4-early-fusion+ridge-only
304,216.0,0.9,216.0,216.0,matched,,2025-02-28T06:24:40.183693+00:00,2024-04-13T09:13:03.883742+00:00,2.9919682251565933,0.0,,1.0,True,True,True,True,all4-early-fusion+ridge-only
305,217.0,0.9,217.0,217.0,matched,,2025-02-28T06:24:40.279576+00:00,2024-04-13T09:13:03.986732+00:00,2.9919682251565933,0.18051277823532752,,1.0,True,True,True,True,all4-early-fusion+ridge-only
306,218.0,0.9,218.0,218.0,matched,,2025-02-28T06:24:40.378763+00:00,2024-04-13T09:13:04.081045+00:00,2.9919682251565933,0.0,,1.0,True,True,True,True,all4-early-fusion+ridge-only
307,219.0,0.9,219.0,219.0,matched,,2025-02-28T06:24:40.478155+00:00,2024-04-13T09:13:04.185027+00:00,2.985570068368138,0.31114368110793533,,1.0,True,True,True,True,all4-early-fusion+ridge-only
308,220.0,0.9,220.0,220.0,matched,,2025-02-28T06:24:40.577797+00:00,2024-04-13T09:13:04.277802+00:00,2.985570068368138,0.2074657276625005,,1.0,True,True,True,True,all4-early-fusion+ridge-only
309,221.0,0.9,221.0,221.0,matched,,2025-02-28T06:24:40.677755+00:00,2024-04-13T09:13:04.378697+00:00,2.9936018432115445,0.0,,1.0,True,True,True,True,all4-early-fusion+ridge-only
310,222.0,0.9,222.0,222.0,matched,,2025-02-28T06:24:40.775487+00:00,2024-04-13T09:13:04.477663+00:00,2.9936018432115445,0.0,,1.0,True,True,True,True,all4-early-fusion+ridge-only
311,223.0,0.9,223.0,223.0,matched,,2025-02-28T06:24:40.875110+00:00,2024-04-13T09:13:04.577665+00:00,2.9936018432115445,0.08606076870034007,,1.0120481927710843,True,True,True,True,all4-early-fusion+ridge-only
312,224.0,0.9,224.0,224.0,matched,,2025-02-28T06:24:40.975698+00:00,2024-04-13T09:13:04.677674+00:00,2.9936018432115445,0.004244007966656582,,1.0234263465282283,True,True,True,True,all4-early-fusion+ridge-only
313,225.0,0.9,225.0,225.0,matched,,2025-02-28T06:24:41.075919+00:00,2024-04-13T09:13:04.778405+00:00,2.9936018432115445,0.0,,1.0339960238568586,True,True,True,True,all4-early-fusion+ridge-only
314,226.0,0.9,226.0,226.0,matched,,2025-02-28T06:24:41.175339+00:00,2024-04-13T09:13:04.883090+00:00,2.9892420326317506,0.0,,1.0436191762322755,True,True,True,True,all4-early-fusion+ridge-only
315,227.0,0.9,227.0,227.0,matched,,2025-02-28T06:24:41.274691+00:00,2024-04-13T09:13:04.978115+00:00,2.9892420326317506,0.14399015507671686,,1.0521619766643788,True,True,True,True,all4-early-fusion+ridge-only
316,228.0,0.9,228.0,228.0,matched,,2025-02-28T06:24:41.375690+00:00,2024-04-13T09:13:05.079990+00:00,2.9892420326317506,0.19641330142650748,,1.0594989561586639,True,True,True,True,all4-early-fusion+ridge-only
317,229.0,0.9,229.0,229.0,matched,,2025-02-28T06:24:41.474401+00:00,2024-04-13T09:13:05.179119+00:00,2.9892420326317506,0.0,,1.0655172413793101,True,True,True,True,all4-early-fusion+ridge-only
318,230.0,0.9,230.0,230.0,matched,,2025-02-28T06:24:41.574335+00:00,2024-04-13T09:13:05.278727+00:00,2.995640189420206,0.0,,1.0701206529453513,True,True,True,True,all4-early-fusion+ridge-only
319,231.0,0.9,231.0,231.0,matched,,2025-02-28T06:24:41.679401+00:00,2024-04-13T09:13:05.378635+00:00,2.995640189420206,-0.04795791637773528,,1.0732334047109209,True,True,True,True,all4-early-fusion+ridge-only
320,232.0,0.9,232.0,233.0,ambiguous_range,,2025-02-28T06:24:41.777682+00:00,2024-04-13T09:13:05.481392+00:00,2.995640189420206,0.0,,1.0748031496062993,True,True,True,True,all4-early-fusion+ridge-only
321,234.0,0.9,234.0,234.0,matched,,2025-02-28T06:24:41.877162+00:00,2024-04-13T09:13:05.678062+00:00,2.995640189420206,0.0,,1.0732334047109209,True,True,True,True,all4-early-fusion+ridge-only
322,235.0,0.9,235.0,235.0,matched,,2025-02-28T06:24:41.974232+00:00,2024-04-13T09:13:05.777635+00:00,2.995640189420206,0.0,,1.0701206529453513,True,True,True,True,all4-early-fusion+ridge-only
323,236.0,0.9,236.0,236.0,matched,,2025-02-28T06:24:42.074696+00:00,2024-04-13T09:13:05.877871+00:00,2.9319875354978806,0.0,,1.0800781250000002,True,True,True,True,all4-early-fusion+ridge-only
324,237.0,0.9,237.0,237.0,matched,,2025-02-28T06:24:42.177850+00:00,2024-04-13T09:13:05.981595+00:00,2.9319875354978806,0.3005672391153311,,1.0874284876045184,True,True,True,True,all4-early-fusion+ridge-only
325,238.0,0.9,238.0,238.0,matched,,2025-02-28T06:24:42.275498+00:00,2024-04-13T09:13:06.081867+00:00,2.9363473460776746,0.3806559047013174,,1.091937869822485,True,True,True,True,all4-early-fusion+ridge-only
326,239.0,0.9,239.0,239.0,matched,,2025-02-28T06:24:42.375066+00:00,2024-04-13T09:13:06.181511+00:00,2.9363473460776746,0.0498013782106943,,1.0934579439252337,True,True,True,True,all4-early-fusion+ridge-only
327,240.0,0.9,240.0,240.0,matched,,2025-02-28T06:24:42.474567+00:00,2024-04-13T09:13:06.281896+00:00,2.9363473460776746,0.0,,1.091937869822485,True,True,True,True,all4-early-fusion+ridge-only
328,241.0,0.9,241.0,241.0,matched,,2025-02-28T06:24:42.575361+00:00,2024-04-13T09:13:06.381290+00:00,2.9363473460776746,-0.7001791931455799,,1.087428487604518,True,True,True,True,all4-early-fusion+ridge-only
329,242.0,0.9,242.0,242.0,matched,,2025-02-28T06:24:42.674513+00:00,2024-04-13T09:13:06.485316+00:00,2.899846529712694,0.0,,1.080078125,True,True,True,True,all4-early-fusion+ridge-only
330,243.0,0.9,243.0,243.0,matched,,2025-02-28T06:24:42.777692+00:00,2024-04-13T09:13:06.583638+00:00,2.899846529712694,0.1809614215015487,,1.0701206529453513,True,True,True,True,all4-early-fusion+ridge-only
331,244.0,0.9,244.0,244.0,matched,,2025-02-28T06:24:42.878226+00:00,2024-04-13T09:13:06.678707+00:00,2.899846529712694,0.0,,1.0732334047109209,True,True,True,True,all4-early-fusion+ridge-only
332,245.0,0.9,245.0,246.0,ambiguous_range,,2025-02-28T06:24:42.976005+00:00,2024-04-13T09:13:06.778930+00:00,2.8463771513118967,0.0,,1.0748031496062993,True,True,True,True,all4-early-fusion+ridge-only
333,247.0,0.9,247.0,247.0,matched,,2025-02-28T06:24:43.075495+00:00,2024-04-13T09:13:06.982189+00:00,2.8463771513118967,0.0,,1.0732334047109209,True,True,True,True,all4-early-fusion+ridge-only
334,248.0,0.9,248.0,248.0,matched,,2025-02-28T06:24:43.174369+00:00,2024-04-13T09:13:07.078085+00:00,2.910029805234222,-0.40150898001478463,,1.0701206529453513,True,True,True,True,all4-early-fusion+ridge-only
335,249.0,0.9,249.0,249.0,matched,,2025-02-28T06:24:43.279550+00:00,2024-04-13T09:13:07.177742+00:00,2.884570020726675,0.0,,1.0655172413793106,True,True,True,True,all4-early-fusion+ridge-only
336,250.0,0.9,250.0,250.0,matched,,2025-02-28T06:24:43.378155+00:00,2024-04-13T09:13:07.280228+00:00,2.8379987133879467,0.06500578500595733,,1.059498956158664,True,True,True,True,all4-early-fusion+ridge-only
337,251.0,0.9,251.0,251.0,matched,,2025-02-28T06:24:43.475235+00:00,2024-04-13T09:13:07.378041+00:00,2.7606766875318414,-0.5881631624087724,,1.052161976664379,True,True,True,True,all4-early-fusion+ridge-only
338,252.0,0.9,252.0,252.0,matched,,2025-02-28T06:24:43.580057+00:00,2024-04-13T09:13:07.477854+00:00,2.7112704577706292,0.0,,1.0436191762322757,True,True,True,True,all4-early-fusion+ridge-only
339,253.0,0.9,253.0,253.0,matched,,2025-02-28T06:24:43.675184+00:00,2024-04-13T09:13:07.583433+00:00,2.6386450530835535,0.0,,1.033996023856859,True,True,True,True,all4-early-fusion+ridge-only
340,254.0,0.9,254.0,254.0,matched,,2025-02-28T06:24:43.774421+00:00,2024-04-13T09:13:07.677397+00:00,2.5962398718533195,-0.28005762958301617,,1.0234263465282283,True,True,True,True,all4-early-fusion+ridge-only
341,255.0,0.9,255.0,255.0,matched,,2025-02-28T06:24:43.874390+00:00,2024-04-13T09:13:07.778477+00:00,2.4917997931635445,-0.5122843807260105,,1.0120481927710843,True,True,True,True,all4-early-fusion+ridge-only
342,256.0,0.9,256.0,256.0,matched,,2025-02-28T06:24:43.979887+00:00,2024-04-13T09:13:07.879340+00:00,2.401348324106736,-0.8505422844171604,,1.0,True,True,True,True,all4-early-fusion+ridge-only
343,257.0,0.9,257.0,257.0,matched,,2025-02-28T06:24:44.075845+00:00,2024-04-13T09:13:07.977956+00:00,2.389111091894097,-0.25649860165952587,,1.0,True,True,True,True,all4-early-fusion+ridge-only
344,258.0,0.9,258.0,258.0,matched,,2025-02-28T06:24:44.177800+00:00,2024-04-13T09:13:08.082838+00:00,2.3104082025185217,-0.3385443266531363,,1.0,True,True,True,True,all4-early-fusion+ridge-only
345,259.0,0.9,259.0,259.0,matched,,2025-02-28T06:24:44.275760+00:00,2024-04-13T09:13:08.178263+00:00,2.2830198044201917,-0.5820367066276977,,1.0,True,True,True,True,all4-early-fusion+ridge-only
346,260.0,0.9,260.0,260.0,matched,,2025-02-28T06:24:44.375555+00:00,2024-04-13T09:13:08.282617+00:00,2.3084795889277387,-1.1447252485476427,,1.0,True,True,True,True,all4-early-fusion+ridge-only
347,261.0,0.9,261.0,261.0,matched,,2025-02-28T06:24:44.480000+00:00,2024-04-13T09:13:08.390002+00:00,2.3550508962664667,-0.9949661596248953,,1.0,True,True,True,True,all4-early-fusion+ridge-only
348,262.0,0.9,262.0,262.0,matched,,2025-02-28T06:24:44.578652+00:00,2024-04-13T09:13:08.485335+00:00,2.415437628931351,-0.3901790898142594,,1.0,True,True,True,True,all4-early-fusion+ridge-only
349,263.0,0.9,263.0,263.0,matched,,2025-02-28T06:24:44.674999+00:00,2024-04-13T09:13:08.582019+00:00,2.4648438586925625,-0.7376587384281996,,1.0,True,True,True,True,all4-early-fusion+ridge-only
350,264.0,0.9,264.0,264.0,matched,,2025-02-28T06:24:44.774765+00:00,2024-04-13T09:13:08.678812+00:00,2.5374692633796387,-0.30127237908162385,,1.0,True,True,True,True,all4-early-fusion+ridge-only
351,265.0,0.9,265.0,265.0,matched,,2025-02-28T06:24:44.874622+00:00,2024-04-13T09:13:08.782878+00:00,2.616375260974853,0.0,,1.0,True,True,True,True,all4-early-fusion+ridge-only
352,266.0,0.9,266.0,266.0,matched,,2025-02-28T06:24:44.974751+00:00,2024-04-13T09:13:08.878082+00:00,2.720815339664628,0.0,,1.0,True,True,True,True,all4-early-fusion+ridge-only
353,267.0,0.9,267.0,267.0,matched,,2025-02-28T06:24:45.075342+00:00,2024-04-13T09:13:08.983179+00:00,2.8112668087214363,-0.02259786185239543,,1.0,True,True,True,True,all4-early-fusion+ridge-only
354,268.0,0.9,268.0,268.0,matched,,2025-02-28T06:24:45.174463+00:00,2024-04-13T09:13:09.079040+00:00,2.8769734193348735,0.09620489635230767,,1.0,True,True,True,True,all4-early-fusion+ridge-only
355,269.0,0.9,269.0,269.0,matched,,2025-02-28T06:24:45.282345+00:00,2024-04-13T09:13:09.178866+00:00,2.9556763087104487,0.0,,1.0,True,True,True,True,all4-early-fusion+ridge-only
356,270.0,0.9,270.0,270.0,matched,,2025-02-28T06:24:45.379168+00:00,2024-04-13T09:13:09.287253+00:00,2.9830647068087783,0.0,,1.0,True,True,True,True,all4-early-fusion+ridge-only
357,271.0,0.9,271.0,271.0,matched,,2025-02-28T06:24:45.479678+00:00,2024-04-13T09:13:09.379141+00:00,2.9830647068087783,0.0,,1.0,True,True,True,True,all4-early-fusion+ridge-only
358,272.0,0.9,272.0,272.0,matched,,2025-02-28T06:24:45.576551+00:00,2024-04-13T09:13:09.481716+00:00,2.9830647068087783,0.017112617890130633,,1.0,True,True,True,True,all4-early-fusion+ridge-only
359,273.0,0.9,273.0,273.0,matched,,2025-02-28T06:24:45.679692+00:00,2024-04-13T09:13:09.582468+00:00,3.0,0.0,,1.0,True,True,True,True,all4-early-fusion+ridge-only
360,274.0,0.9,274.0,274.0,matched,,2025-02-28T06:24:45.781364+00:00,2024-04-13T09:13:09.678312+00:00,3.0,0.1458471599215958,,1.0,True,True,True,True,all4-early-fusion+ridge-only
361,275.0,0.9,275.0,275.0,matched,,2025-02-28T06:24:45.879594+00:00,2024-04-13T09:13:09.780497+00:00,3.0,0.33912281178639425,,1.0,True,True,True,True,all4-early-fusion+ridge-only
362,276.0,0.9,276.0,276.0,matched,,2025-02-28T06:24:45.975335+00:00,2024-04-13T09:13:09.885003+00:00,3.0,0.09498778431755284,,1.0,True,True,True,True,all4-early-fusion+ridge-only
363,277.0,0.9,277.0,277.0,matched,,2025-02-28T06:24:46.075955+00:00,2024-04-13T09:13:09.978078+00:00,3.0,0.11240255954813128,,1.0,True,True,True,True,all4-early-fusion+ridge-only
364,278.0,0.9,278.0,278.0,matched,,2025-02-28T06:24:46.177469+00:00,2024-04-13T09:13:10.078053+00:00,3.0,0.0,,1.0,True,True,True,True,all4-early-fusion+ridge-only
365,279.0,0.9,279.0,279.0,matched,,2025-02-28T06:24:46.279858+00:00,2024-04-13T09:13:10.177781+00:00,3.0,0.0,,1.0,True,True,True,True,all4-early-fusion+ridge-only
366,280.0,0.9,280.0,280.0,matched,,2025-02-28T06:24:46.374466+00:00,2024-04-13T09:13:10.280341+00:00,2.9913495891129602,0.09934563152540621,,1.0,True,True,True,True,all4-early-fusion+ridge-only
367,281.0,0.9,281.0,281.0,matched,,2025-02-28T06:24:46.476863+00:00,2024-04-13T09:13:10.379698+00:00,2.991349589112961,0.0,,1.0,True,True,True,True,all4-early-fusion+ridge-only
368,282.0,0.9,282.0,282.0,matched,,2025-02-28T06:24:46.579315+00:00,2024-04-13T09:13:10.478238+00:00,2.991349589112961,0.0,,1.0,True,True,True,True,all4-early-fusion+ridge-only
369,283.0,0.9,283.0,283.0,matched,,2025-02-28T06:24:46.677217+00:00,2024-04-13T09:13:10.577768+00:00,2.9913495891129602,0.0,,1.0,True,True,True,True,all4-early-fusion+ridge-only
370,284.0,0.9,284.0,284.0,matched,,2025-02-28T06:24:46.774749+00:00,2024-04-13T09:13:10.679085+00:00,2.9913495891129602,0.0,,1.0,True,True,True,True,all4-early-fusion+ridge-only
371,285.0,0.9,285.0,285.0,matched,,2025-02-28T06:24:46.874717+00:00,2024-04-13T09:13:10.781142+00:00,2.9913495891129602,-0.09515451975743394,,1.0,True,True,True,True,all4-early-fusion+ridge-only
372,286.0,0.9,286.0,286.0,matched,,2025-02-28T06:24:46.974977+00:00,2024-04-13T09:13:10.881791+00:00,2.9913495891129602,0.0,,1.0,True,True,True,True,all4-early-fusion+ridge-only
373,287.0,0.9,287.0,287.0,matched,,2025-02-28T06:24:47.080081+00:00,2024-04-13T09:13:10.980576+00:00,2.9913495891129602,0.0056871671786167255,,1.0,True,True,True,True,all4-early-fusion+ridge-only
374,288.0,0.9,288.0,288.0,matched,,2025-02-28T06:24:47.174108+00:00,2024-04-13T09:13:11.081792+00:00,2.9913495891129602,0.0,,1.0,True,True,True,True,all4-early-fusion+ridge-only
375,289.0,0.9,289.0,289.0,matched,,2025-02-28T06:24:47.278019+00:00,2024-04-13T09:13:11.178633+00:00,2.9913495891129602,0.058241898999795705,,1.0,True,True,True,True,all4-early-fusion+ridge-only
376,290.0,0.9,290.0,290.0,matched,,2025-02-28T06:24:47.375242+00:00,2024-04-13T09:13:11.278900+00:00,2.9913495891129602,0.2917528396295941,,1.0,True,True,True,True,all4-early-fusion+ridge-only
377,291.0,0.9,291.0,291.0,matched,,2025-02-28T06:24:47.474950+00:00,2024-04-13T09:13:11.377733+00:00,3.0,0.2562650655562724,,1.0,True,True,True,True,all4-early-fusion+ridge-only
378,292.0,0.9,292.0,292.0,matched,,2025-02-28T06:24:47.574715+00:00,2024-04-13T09:13:11.478966+00:00,2.9996019221930315,0.0,,1.0,True,True,True,True,all4-early-fusion+ridge-only
379,293.0,0.9,293.0,293.0,matched,,2025-02-28T06:24:47.675370+00:00,2024-04-13T09:13:11.581974+00:00,2.9756119213599574,0.10543025158615293,,1.0,True,True,True,True,all4-early-fusion+ridge-only
380,294.0,0.9,294.0,294.0,matched,,2025-02-28T06:24:47.776684+00:00,2024-04-13T09:13:11.678252+00:00,2.9703212711589546,0.0,,1.0,True,True,True,True,all4-early-fusion+ridge-only
381,295.0,0.9,295.0,295.0,matched,,2025-02-28T06:24:47.881518+00:00,2024-04-13T09:13:11.777750+00:00,2.9703212711589546,0.0,,1.0,True,True,True,True,all4-early-fusion+ridge-only
382,296.0,0.9,296.0,296.0,matched,,2025-02-28T06:24:47.978432+00:00,2024-04-13T09:13:11.885051+00:00,2.9703212711589546,0.05944247602735597,,1.0,True,True,True,True,all4-early-fusion+ridge-only
383,297.0,0.9,297.0,297.0,matched,,2025-02-28T06:24:48.077250+00:00,2024-04-13T09:13:11.981788+00:00,2.9600074679927233,0.13645663150373988,,1.0,True,True,True,True,all4-early-fusion+ridge-only
384,298.0,0.9,298.0,298.0,matched,,2025-02-28T06:24:48.175049+00:00,2024-04-13T09:13:12.078403+00:00,2.9600074679927233,-0.263890009163819,,1.0,True,True,True,True,all4-early-fusion+ridge-only
385,299.0,0.9,299.0,299.0,matched,,2025-02-28T06:24:48.278320+00:00,2024-04-13T09:13:12.180817+00:00,2.9371004061479695,0.1635571065846113,,1.0,True,True,True,True,all4-early-fusion+ridge-only
386,300.0,0.9,300.0,300.0,matched,,2025-02-28T06:24:48.374948+00:00,2024-04-13T09:13:12.278320+00:00,2.921920209865711,0.129938995506099,,1.0,True,True,True,True,all4-early-fusion+ridge-only
387,301.0,0.9,301.0,301.0,matched,,2025-02-28T06:24:48.474956+00:00,2024-04-13T09:13:12.379681+00:00,2.8747297496944673,0.21230968411871398,,1.0,True,True,True,True,all4-early-fusion+ridge-only
388,302.0,0.9,302.0,302.0,matched,,2025-02-28T06:24:48.578114+00:00,2024-04-13T09:13:12.479886+00:00,2.833107867002081,-0.11345183482854715,,1.0,True,True,True,True,all4-early-fusion+ridge-only
389,303.0,0.9,303.0,303.0,matched,,2025-02-28T06:24:48.675574+00:00,2024-04-13T09:13:12.580064+00:00,2.7896260407291367,0.2139075033041129,,1.0,True,True,True,True,all4-early-fusion+ridge-only
390,304.0,0.9,304.0,304.0,matched,,2025-02-28T06:24:48.778348+00:00,2024-04-13T09:13:12.678053+00:00,2.7980149371880008,0.17335077522350417,,1.0,True,True,True,True,all4-early-fusion+ridge-only
391,305.0,0.9,305.0,305.0,matched,,2025-02-28T06:24:48.879149+00:00,2024-04-13T09:13:12.781994+00:00,2.7751711082929567,0.0011441006057091307,,1.0,True,True,True,True,all4-early-fusion+ridge-only
392,306.0,0.9,306.0,306.0,matched,,2025-02-28T06:24:48.978466+00:00,2024-04-13T09:13:12.878988+00:00,2.7490399099605725,-0.5190950618836871,,1.0,True,True,True,True,all4-early-fusion+ridge-only
393,307.0,0.9,307.0,307.0,matched,,2025-02-28T06:24:49.081979+00:00,2024-04-13T09:13:12.980236+00:00,2.728926233823228,-0.4578407096162498,,1.0,True,True,True,True,all4-early-fusion+ridge-only
394,308.0,0.9,308.0,308.0,matched,,2025-02-28T06:24:49.174704+00:00,2024-04-13T09:13:13.082891+00:00,2.727038366461247,-0.30806241300706283,,1.0,True,True,True,True,all4-early-fusion+ridge-only
395,309.0,0.9,309.0,309.0,matched,,2025-02-28T06:24:49.275130+00:00,2024-04-13T09:13:13.180600+00:00,2.7270383664612474,-0.07155615508148383,,1.0,True,True,True,True,all4-early-fusion+ridge-only
396,310.0,0.9,310.0,310.0,matched,,2025-02-28T06:24:49.377584+00:00,2024-04-13T09:13:13.280056+00:00,2.7286146694498417,-0.30795005540257625,,1.0,True,True,True,True,all4-early-fusion+ridge-only
397,311.0,0.9,311.0,311.0,matched,,2025-02-28T06:24:49.478883+00:00,2024-04-13T09:13:13.377831+00:00,2.734111516357282,-0.2874431816562275,,1.0,True,True,True,True,all4-early-fusion+ridge-only
398,312.0,0.9,312.0,312.0,matched,,2025-02-28T06:24:49.582699+00:00,2024-04-13T09:13:13.483001+00:00,2.7737905588899605,0.13901743580686832,,1.0,True,True,True,True,all4-early-fusion+ridge-only
399,313.0,0.9,313.0,313.0,matched,,2025-02-28T06:24:49.679683+00:00,2024-04-13T09:13:13.578409+00:00,2.8132248749977067,0.15884226026902226,,1.0,True,True,True,True,all4-early-fusion+ridge-only
400,314.0,0.9,314.0,314.0,matched,,2025-02-28T06:24:49.778460+00:00,2024-04-13T09:13:13.678296+00:00,2.857104779077619,0.17749310752606107,,1.0,True,True,True,True,all4-early-fusion+ridge-only
401,315.0,0.9,315.0,315.0,matched,,2025-02-28T06:24:49.875189+00:00,2024-04-13T09:13:13.778185+00:00,2.8657066367768453,-0.23463834741775713,,1.0,True,True,True,True,all4-early-fusion+ridge-only
402,316.0,0.9,316.0,316.0,matched,,2025-02-28T06:24:49.977603+00:00,2024-04-13T09:13:13.878189+00:00,2.893841115872892,0.20408733910093835,,1.0,True,True,True,True,all4-early-fusion+ridge-only
403,317.0,0.9,317.0,317.0,matched,,2025-02-28T06:24:50.075557+00:00,2024-04-13T09:13:13.977814+00:00,2.919972314205276,-0.08262559402421932,,1.0,True,True,True,True,all4-early-fusion+ridge-only
404,318.0,0.9,318.0,318.0,matched,,2025-02-28T06:24:50.175153+00:00,2024-04-13T09:13:14.077711+00:00,2.9366802201144946,0.13591535865619564,,1.0,True,True,True,True,all4-early-fusion+ridge-only
405,319.0,0.9,319.0,319.0,matched,,2025-02-28T06:24:50.274555+00:00,2024-04-13T09:13:14.178566+00:00,2.948881890642707,0.4677146978129265,,1.0,True,True,True,True,all4-early-fusion+ridge-only
406,320.0,0.9,320.0,320.0,matched,,2025-02-28T06:24:50.374427+00:00,2024-04-13T09:13:14.278401+00:00,2.948881890642707,0.337484641627916,,1.0,True,True,True,True,all4-early-fusion+ridge-only
407,321.0,0.9,321.0,321.0,matched,,2025-02-28T06:24:50.474413+00:00,2024-04-13T09:13:14.379248+00:00,2.9702126494988663,0.49503967971642204,,1.0,True,True,True,True,all4-early-fusion+ridge-only
408,322.0,0.9,322.0,322.0,matched,,2025-02-28T06:24:50.574692+00:00,2024-04-13T09:13:14.481648+00:00,2.979895998873684,0.07601895600972375,,1.0,True,True,True,True,all4-early-fusion+ridge-only
409,323.0,0.9,323.0,323.0,matched,,2025-02-28T06:24:50.679841+00:00,2024-04-13T09:13:14.581968+00:00,2.9874074165122497,0.3275794985914424,,1.0,True,True,True,True,all4-early-fusion+ridge-only
410,324.0,0.9,324.0,324.0,matched,,2025-02-28T06:24:50.778708+00:00,2024-04-13T09:13:14.682062+00:00,2.9895949830968904,0.03788781991863299,,1.0,True,True,True,True,all4-early-fusion+ridge-only
411,325.0,0.9,325.0,325.0,matched,,2025-02-28T06:24:50.878091+00:00,2024-04-13T09:13:14.778172+00:00,2.9895949830968904,0.3572644434695915,,1.0,True,True,True,True,all4-early-fusion+ridge-only
412,326.0,0.9,326.0,326.0,matched,,2025-02-28T06:24:50.974908+00:00,2024-04-13T09:13:14.879647+00:00,2.996594229771874,0.5022816017503873,,1.0,True,True,True,True,all4-early-fusion+ridge-only
413,327.0,0.9,327.0,327.0,matched,,2025-02-28T06:24:51.075456+00:00,2024-04-13T09:13:14.980828+00:00,2.996594229771874,0.3074158498860635,,1.0,True,True,True,True,all4-early-fusion+ridge-only
414,328.0,0.9,328.0,328.0,matched,,2025-02-28T06:24:51.174807+00:00,2024-04-13T09:13:15.078013+00:00,2.996594229771874,0.40282435257831395,,1.0,True,True,True,True,all4-early-fusion+ridge-only
415,329.0,0.9,329.0,329.0,matched,,2025-02-28T06:24:51.274986+00:00,2024-04-13T09:13:15.178929+00:00,3.0,0.21596157833112972,,1.0,True,True,True,True,all4-early-fusion+ridge-only
416,330.0,0.9,330.0,330.0,matched,,2025-02-28T06:24:51.375050+00:00,2024-04-13T09:13:15.278280+00:00,3.0,0.0,,1.0,True,True,True,True,all4-early-fusion+ridge-only
417,331.0,0.9,331.0,331.0,matched,,2025-02-28T06:24:51.475240+00:00,2024-04-13T09:13:15.377962+00:00,3.0,0.2228937808903657,,0.987012987012987,True,True,True,True,all4-early-fusion+ridge-only
418,332.0,0.9,332.0,332.0,matched,,2025-02-28T06:24:51.574760+00:00,2024-04-13T09:13:15.481498+00:00,3.0,0.0,,0.9753246753246754,True,True,True,True,all4-early-fusion+ridge-only
419,333.0,0.9,333.0,333.0,matched,,2025-02-28T06:24:51.675216+00:00,2024-04-13T09:13:15.581699+00:00,3.0,0.0,,0.9649350649350648,True,True,True,True,all4-early-fusion+ridge-only
420,334.0,0.9,334.0,334.0,matched,,2025-02-28T06:24:51.775680+00:00,2024-04-13T09:13:15.678473+00:00,3.0,0.0,,0.9558441558441557,True,True,True,True,all4-early-fusion+ridge-only
421,335.0,0.9,335.0,335.0,matched,,2025-02-28T06:24:51.874757+00:00,2024-04-13T09:13:15.779386+00:00,3.0,0.0,,0.9480519480519479,True,True,True,True,all4-early-fusion+ridge-only
422,336.0,0.9,336.0,336.0,matched,,2025-02-28T06:24:51.974159+00:00,2024-04-13T09:13:15.877764+00:00,3.0,0.33430778158861596,,0.9415584415584414,True,True,True,True,all4-early-fusion+ridge-only
423,337.0,0.9,337.0,337.0,matched,,2025-02-28T06:24:52.074962+00:00,2024-04-13T09:13:15.980731+00:00,3.0,0.15606576526938465,,0.9363636363636362,True,True,True,True,all4-early-fusion+ridge-only
424,338.0,0.9,338.0,338.0,matched,,2025-02-28T06:24:52.176095+00:00,2024-04-13T09:13:16.081181+00:00,3.0,0.0,,0.9324675324675324,True,True,True,True,all4-early-fusion+ridge-only
425,339.0,0.9,339.0,339.0,matched,,2025-02-28T06:24:52.277169+00:00,2024-04-13T09:13:16.179164+00:00,3.0,0.0,,0.9298701298701298,True,True,True,True,all4-early-fusion+ridge-only
426,340.0,0.9,340.0,340.0,matched,,2025-02-28T06:24:52.375301+00:00,2024-04-13T09:13:16.277636+00:00,3.0,0.0,,0.9285714285714286,True,True,True,True,all4-early-fusion+ridge-only
427,340.0,0.9,340.0,340.0,matched,,2025-02-28T06:24:52.477219+00:00,2024-04-13T09:13:16.277636+00:00,3.0,0.0,,0.9285714285714286,True,True,True,True,all4-early-fusion+ridge-only
428,341.0,0.9,341.0,341.0,matched,,2025-02-28T06:24:52.578520+00:00,2024-04-13T09:13:16.379324+00:00,3.0,0.0,,0.9298701298701298,True,True,True,True,all4-early-fusion+ridge-only
429,342.0,0.9,342.0,342.0,matched,,2025-02-28T06:24:52.678413+00:00,2024-04-13T09:13:16.483599+00:00,3.0,0.0,,0.9324675324675324,True,True,True,True,all4-early-fusion+ridge-only
430,343.0,0.9,343.0,343.0,matched,,2025-02-28T06:24:52.774455+00:00,2024-04-13T09:13:16.582385+00:00,3.0,0.251654346149746,,0.9233766233766235,True,True,True,True,all4-early-fusion+ridge-only
431,344.0,0.9,344.0,344.0,matched,,2025-02-28T06:24:52.875580+00:00,2024-04-13T09:13:16.682244+00:00,3.0,0.11056473802210753,,0.9168831168831171,True,True,True,True,all4-early-fusion+ridge-only
432,345.0,0.9,345.0,345.0,matched,,2025-02-28T06:24:52.975664+00:00,2024-04-13T09:13:16.783296+00:00,3.0,0.0,,0.912987012987013,True,True,True,True,all4-early-fusion+ridge-only
433,346.0,0.9,346.0,346.0,matched,,2025-02-28T06:24:53.075750+00:00,2024-04-13T09:13:16.882365+00:00,3.0,0.2318057567752323,,0.9116883116883117,True,True,True,True,all4-early-fusion+ridge-only
434,347.0,0.9,347.0,347.0,matched,,2025-02-28T06:24:53.175520+00:00,2024-04-13T09:13:16.978703+00:00,3.0,0.12947144184695114,,0.912987012987013,True,True,True,True,all4-early-fusion+ridge-only
435,348.0,0.9,348.0,348.0,matched,,2025-02-28T06:24:53.278121+00:00,2024-04-13T09:13:17.078156+00:00,3.0,0.004839206501601634,,0.9168831168831167,True,True,True,True,all4-early-fusion+ridge-only
436,349.0,0.9,349.0,349.0,matched,,2025-02-28T06:24:53.379531+00:00,2024-04-13T09:13:17.181889+00:00,3.0,0.31612108627803615,,0.9233766233766232,True,True,True,True,all4-early-fusion+ridge-only
437,350.0,0.9,350.0,350.0,matched,,2025-02-28T06:24:53.478406+00:00,2024-04-13T09:13:17.280384+00:00,3.0,0.1527045813244019,,0.9324675324675324,True,True,True,True,all4-early-fusion+ridge-only
438,351.0,0.9,351.0,351.0,matched,,2025-02-28T06:24:53.577044+00:00,2024-04-13T09:13:17.383991+00:00,3.0,0.062461708366921886,,0.9298701298701298,True,True,True,True,all4-early-fusion+ridge-only
439,352.0,0.9,352.0,352.0,matched,,2025-02-28T06:24:53.676387+00:00,2024-04-13T09:13:17.479356+00:00,3.0,0.0,,0.9285714285714286,True,True,True,True,all4-early-fusion+ridge-only
440,352.0,0.9,352.0,352.0,matched,,2025-02-28T06:24:53.775397+00:00,2024-04-13T09:13:17.479356+00:00,3.0,0.09948354713156515,,0.9285714285714286,True,True,True,True,all4-early-fusion+ridge-only
441,353.0,0.9,353.0,353.0,matched,,2025-02-28T06:24:53.874449+00:00,2024-04-13T09:13:17.578081+00:00,3.0,0.0,,0.9168831168831169,True,True,True,True,all4-early-fusion+ridge-only
442,354.0,0.9,354.0,354.0,matched,,2025-02-28T06:24:53.974387+00:00,2024-04-13T09:13:17.678010+00:00,3.0,0.0,,0.9077922077922079,True,True,True,True,all4-early-fusion+ridge-only
443,355.0,0.9,355.0,355.0,matched,,2025-02-28T06:24:54.075097+00:00,2024-04-13T09:13:17.783094+00:00,3.0,0.017044785256497885,,0.9012987012987015,True,True,True,True,all4-early-fusion+ridge-only
444,356.0,0.9,356.0,356.0,matched,,2025-02-28T06:24:54.176352+00:00,2024-04-13T09:13:17.882026+00:00,3.0,0.11960405360179216,,0.8974025974025974,True,True,True,True,all4-early-fusion+ridge-only
445,357.0,0.9,357.0,357.0,matched,,2025-02-28T06:24:54.274308+00:00,2024-04-13T09:13:17.983014+00:00,3.0,0.2404270049677879,,0.8961038961038961,True,True,True,True,all4-early-fusion+ridge-only
446,358.0,0.9,358.0,358.0,matched,,2025-02-28T06:24:54.374208+00:00,2024-04-13T09:13:18.079580+00:00,3.0,0.28860181193237544,,0.8974025974025974,True,True,True,True,all4-early-fusion+ridge-only
447,359.0,0.9,359.0,359.0,matched,,2025-02-28T06:24:54.475141+00:00,2024-04-13T09:13:18.178164+00:00,3.0,0.36815248193397876,,0.9012987012987012,True,True,True,True,all4-early-fusion+ridge-only
448,360.0,0.9,360.0,360.0,matched,,2025-02-28T06:24:54.574996+00:00,2024-04-13T09:13:18.279143+00:00,3.0,0.09706000108321966,,0.9077922077922076,True,True,True,True,all4-early-fusion+ridge-only
449,361.0,0.9,361.0,361.0,matched,,2025-02-28T06:24:54.675713+00:00,2024-04-13T09:13:18.381402+00:00,3.0,0.0,,0.9168831168831169,True,True,True,True,all4-early-fusion+ridge-only
450,362.0,0.9,362.0,362.0,matched,,2025-02-28T06:24:54.775168+00:00,2024-04-13T09:13:18.483638+00:00,3.0,0.0,,0.9155844155844156,True,True,True,True,all4-early-fusion+ridge-only
451,362.0,0.9,362.0,362.0,matched,,2025-02-28T06:24:54.876637+00:00,2024-04-13T09:13:18.483638+00:00,3.0,0.33435644605272374,,0.9038961038961039,True,True,True,True,all4-early-fusion+ridge-only
452,363.0,0.9,363.0,363.0,matched,,2025-02-28T06:24:54.977611+00:00,2024-04-13T09:13:18.583162+00:00,3.0,0.2697912203649713,,0.8948051948051949,True,True,True,True,all4-early-fusion+ridge-only
453,364.0,0.9,364.0,364.0,matched,,2025-02-28T06:24:55.081593+00:00,2024-04-13T09:13:18.680131+00:00,3.0,0.3771008181063884,,0.8883116883116885,True,True,True,True,all4-early-fusion+ridge-only
454,365.0,0.9,365.0,365.0,matched,,2025-02-28T06:24:55.181399+00:00,2024-04-13T09:13:18.778728+00:00,3.0,0.20604380063563976,,0.8844155844155844,True,True,True,True,all4-early-fusion+ridge-only
455,366.0,0.9,366.0,366.0,matched,,2025-02-28T06:24:55.274537+00:00,2024-04-13T09:13:18.882417+00:00,3.0,0.0,,0.8831168831168831,True,True,True,True,all4-early-fusion+ridge-only
456,367.0,0.9,367.0,367.0,matched,,2025-02-28T06:24:55.376343+00:00,2024-04-13T09:13:18.983261+00:00,3.0,0.0,,0.8844155844155844,True,True,True,True,all4-early-fusion+ridge-only
457,368.0,0.9,368.0,368.0,matched,,2025-02-28T06:24:55.474402+00:00,2024-04-13T09:13:19.078887+00:00,3.0,0.3596066245736882,,0.8883116883116882,True,True,True,True,all4-early-fusion+ridge-only
458,369.0,0.9,369.0,369.0,matched,,2025-02-28T06:24:55.574380+00:00,2024-04-13T09:13:19.177876+00:00,3.0,0.0,,0.8948051948051946,True,True,True,True,all4-early-fusion+ridge-only
459,370.0,0.9,370.0,370.0,matched,,2025-02-28T06:24:55.677439+00:00,2024-04-13T09:13:19.281874+00:00,3.0,0.0,,0.8909090909090909,True,True,True,True,all4-early-fusion+ridge-only
460,370.0,0.9,370.0,370.0,matched,,2025-02-28T06:24:55.776131+00:00,2024-04-13T09:13:19.281874+00:00,3.0,0.00386221231976025,,0.8909090909090909,True,True,True,True,all4-early-fusion+ridge-only
461,371.0,0.9,371.0,371.0,matched,,2025-02-28T06:24:55.875824+00:00,2024-04-13T09:13:19.382128+00:00,3.0,0.0,,0.8948051948051949,True,True,True,True,all4-early-fusion+ridge-only
462,372.0,0.9,372.0,372.0,matched,,2025-02-28T06:24:55.974319+00:00,2024-04-13T09:13:19.481223+00:00,3.0,0.0,,0.8753246753246755,True,True,True,True,all4-early-fusion+ridge-only
463,373.0,0.9,373.0,373.0,matched,,2025-02-28T06:24:56.074212+00:00,2024-04-13T09:13:19.581299+00:00,3.0,0.0,,0.8597402597402597,True,True,True,True,all4-early-fusion+ridge-only
464,374.0,0.9,374.0,374.0,matched,,2025-02-28T06:24:56.174528+00:00,2024-04-13T09:13:19.682590+00:00,3.0,0.0,,0.8480519480519481,True,True,True,True,all4-early-fusion+ridge-only
465,375.0,0.9,375.0,375.0,matched,,2025-02-28T06:24:56.274669+00:00,2024-04-13T09:13:19.777774+00:00,3.0,0.0,,0.8402597402597403,True,True,True,True,all4-early-fusion+ridge-only
466,376.0,0.9,376.0,376.0,matched,,2025-02-28T06:24:56.380185+00:00,2024-04-13T09:13:19.878760+00:00,3.0,0.0,,0.8363636363636363,True,True,True,True,all4-early-fusion+ridge-only
467,377.0,0.9,377.0,377.0,matched,,2025-02-28T06:24:56.475335+00:00,2024-04-13T09:13:19.978755+00:00,3.0,0.0,,0.8363636363636363,True,True,True,True,all4-early-fusion+ridge-only
468,378.0,0.9,378.0,378.0,matched,,2025-02-28T06:24:56.574507+00:00,2024-04-13T09:13:20.077559+00:00,3.0,0.0,,0.8402597402597403,True,True,True,True,all4-early-fusion+ridge-only
469,378.0,0.9,378.0,378.0,matched,,2025-02-28T06:24:56.686188+00:00,2024-04-13T09:13:20.077559+00:00,3.0,0.33342767143013985,,0.8480519480519481,True,True,True,True,all4-early-fusion+ridge-only
470,379.0,0.9,379.0,379.0,matched,,2025-02-28T06:24:56.775017+00:00,2024-04-13T09:13:20.177507+00:00,3.0,0.0,,0.8597402597402597,True,True,True,True,all4-early-fusion+ridge-only
471,380.0,0.9,380.0,380.0,matched,,2025-02-28T06:24:56.875412+00:00,2024-04-13T09:13:20.279543+00:00,3.0,0.0,,0.8480519480519481,True,True,True,True,all4-early-fusion+ridge-only
472,380.0,0.9,380.0,380.0,matched,,2025-02-28T06:24:56.974236+00:00,2024-04-13T09:13:20.279543+00:00,3.0,0.21305231530055257,,0.8402597402597403,True,True,True,True,all4-early-fusion+ridge-only
473,381.0,0.9,381.0,381.0,matched,,2025-02-28T06:24:57.074296+00:00,2024-04-13T09:13:20.377725+00:00,3.0,0.20973802270788067,,0.8363636363636363,True,True,True,True,all4-early-fusion+ridge-only
474,382.0,0.9,382.0,382.0,matched,,2025-02-28T06:24:57.175564+00:00,2024-04-13T09:13:20.478961+00:00,3.0,0.0,,0.8363636363636363,True,True,True,True,all4-early-fusion+ridge-only
475,383.0,0.9,383.0,383.0,matched,,2025-02-28T06:24:57.275195+00:00,2024-04-13T09:13:20.579496+00:00,3.0,0.0,,0.8402597402597403,True,True,True,True,all4-early-fusion+ridge-only
476,384.0,0.9,384.0,384.0,matched,,2025-02-28T06:24:57.374575+00:00,2024-04-13T09:13:20.682011+00:00,3.0,0.0,,0.8480519480519481,True,True,True,True,all4-early-fusion+ridge-only
477,385.0,0.9,385.0,385.0,matched,,2025-02-28T06:24:57.477581+00:00,2024-04-13T09:13:20.782510+00:00,3.0,0.17598951361368087,,0.8467532467532467,True,True,True,True,all4-early-fusion+ridge-only
478,386.0,0.9,386.0,386.0,matched,,2025-02-28T06:24:57.574548+00:00,2024-04-13T09:13:20.880620+00:00,3.0,0.0,,0.8506493506493507,True,True,True,True,all4-early-fusion+ridge-only
479,387.0,0.9,387.0,387.0,matched,,2025-02-28T06:24:57.674239+00:00,2024-04-13T09:13:20.981282+00:00,3.0,0.0,,0.8597402597402597,True,True,True,True,all4-early-fusion+ridge-only
480,388.0,0.9,388.0,388.0,matched,,2025-02-28T06:24:57.779906+00:00,2024-04-13T09:13:21.080098+00:00,3.0,0.0,,0.8597402597402597,True,True,True,True,all4-early-fusion+ridge-only
481,388.0,0.9,388.0,388.0,matched,,2025-02-28T06:24:57.874899+00:00,2024-04-13T09:13:21.080098+00:00,3.0,0.0,,0.8636363636363636,True,True,True,True,all4-early-fusion+ridge-only
482,389.0,0.9,389.0,389.0,matched,,2025-02-28T06:24:57.977538+00:00,2024-04-13T09:13:21.179031+00:00,3.0,0.06977613687260886,,0.8714285714285714,True,True,True,True,all4-early-fusion+ridge-only
483,390.0,0.9,390.0,390.0,matched,,2025-02-28T06:24:58.074683+00:00,2024-04-13T09:13:21.278360+00:00,3.0,0.0,,0.8688311688311688,True,True,True,True,all4-early-fusion+ridge-only
484,391.0,0.9,391.0,391.0,matched,,2025-02-28T06:24:58.174448+00:00,2024-04-13T09:13:21.377893+00:00,3.0,0.0,,0.8688311688311688,True,True,True,True,all4-early-fusion+ridge-only
485,392.0,0.9,392.0,392.0,matched,,2025-02-28T06:24:58.275727+00:00,2024-04-13T09:13:21.477790+00:00,3.0,0.0,,0.8714285714285714,True,True,True,True,all4-early-fusion+ridge-only
486,393.0,0.9,393.0,393.0,matched,,2025-02-28T06:24:58.376344+00:00,2024-04-13T09:13:21.581578+00:00,3.0,0.0,,0.8766233766233766,True,True,True,True,all4-early-fusion+ridge-only
487,393.0,0.9,393.0,393.0,matched,,2025-02-28T06:24:58.474431+00:00,2024-04-13T09:13:21.581578+00:00,3.0,0.0,,0.8844155844155843,True,True,True,True,all4-early-fusion+ridge-only
488,394.0,0.9,394.0,394.0,matched,,2025-02-28T06:24:58.575097+00:00,2024-04-13T09:13:21.680641+00:00,3.0,0.0,,0.8948051948051948,True,True,True,True,all4-early-fusion+ridge-only
489,395.0,0.9,395.0,395.0,matched,,2025-02-28T06:24:58.674790+00:00,2024-04-13T09:13:21.777566+00:00,3.0,0.0,,0.9077922077922078,True,True,True,True,all4-early-fusion+ridge-only
490,396.0,0.9,396.0,396.0,matched,,2025-02-28T06:24:58.778962+00:00,2024-04-13T09:13:21.878106+00:00,3.0,0.0,,0.9233766233766234,True,True,True,True,all4-early-fusion+ridge-only
491,397.0,0.9,397.0,397.0,matched,,2025-02-28T06:24:58.876073+00:00,2024-04-13T09:13:21.981907+00:00,3.0,0.0,,0.9415584415584417,True,True,True,True,all4-early-fusion+ridge-only
492,398.0,0.9,398.0,398.0,matched,,2025-02-28T06:24:58.974394+00:00,2024-04-13T09:13:22.080844+00:00,3.0,0.0,,0.9480519480519481,True,True,True,True,all4-early-fusion+ridge-only
493,399.0,0.9,399.0,399.0,matched,,2025-02-28T06:24:59.078160+00:00,2024-04-13T09:13:22.178909+00:00,3.0,0.0,,0.9558441558441559,True,True,True,True,all4-early-fusion+ridge-only
494,400.0,0.9,400.0,400.0,matched,,2025-02-28T06:24:59.178070+00:00,2024-04-13T09:13:22.279083+00:00,3.0,0.0,,0.9649350649350651,True,True,True,True,all4-early-fusion+ridge-only
495,401.0,0.9,401.0,401.0,matched,,2025-02-28T06:24:59.281046+00:00,2024-04-13T09:13:22.380582+00:00,3.0,0.0,,0.9753246753246754,True,True,True,True,all4-early-fusion+ridge-only
496,402.0,0.9,402.0,402.0,matched,,2025-02-28T06:24:59.378286+00:00,2024-04-13T09:13:22.477842+00:00,3.0,0.0,,0.987012987012987,True,True,True,True,all4-early-fusion+ridge-only
497,403.0,0.9,403.0,403.0,matched,,2025-02-28T06:24:59.479458+00:00,2024-04-13T09:13:22.584952+00:00,3.0,0.0,,1.0,True,True,True,True,all4-early-fusion+ridge-only
498,404.0,0.9,404.0,404.0,matched,,2025-02-28T06:24:59.574694+00:00,2024-04-13T09:13:22.677900+00:00,3.0,0.0,,1.0,True,True,True,True,all4-early-fusion+ridge-only
499,405.0,0.9,405.0,405.0,matched,,2025-02-28T06:24:59.675979+00:00,2024-04-13T09:13:22.777427+00:00,3.0,0.0,,1.0,True,True,True,True,all4-early-fusion+ridge-only
500,406.0,0.9,406.0,406.0,matched,,2025-02-28T06:24:59.775281+00:00,2024-04-13T09:13:22.878461+00:00,3.0,0.0,,1.0,True,True,True,True,all4-early-fusion+ridge-only
501,407.0,0.9,407.0,407.0,matched,,2025-02-28T06:24:59.875106+00:00,2024-04-13T09:13:22.977787+00:00,3.0,0.0,,1.0,True,True,True,True,all4-early-fusion+ridge-only
502,408.0,0.9,408.0,408.0,matched,,2025-02-28T06:24:59.974899+00:00,2024-04-13T09:13:23.080320+00:00,3.0,0.0,,1.0,True,True,True,True,all4-early-fusion+ridge-only
503,409.0,0.9,409.0,409.0,matched,,2025-02-28T06:25:00.075524+00:00,2024-04-13T09:13:23.177819+00:00,3.0,0.1521617712751806,,1.0,True,True,True,True,all4-early-fusion+ridge-only
504,410.0,0.9,410.0,410.0,matched,,2025-02-28T06:25:00.179462+00:00,2024-04-13T09:13:23.279200+00:00,3.0,0.27464753178236156,,1.0,True,True,True,True,all4-early-fusion+ridge-only
505,411.0,0.9,411.0,411.0,matched,,2025-02-28T06:25:00.280542+00:00,2024-04-13T09:13:23.379360+00:00,3.0,0.21296476270808817,,1.0,True,True,True,True,all4-early-fusion+ridge-only
506,412.0,0.9,412.0,412.0,matched,,2025-02-28T06:25:00.375532+00:00,2024-04-13T09:13:23.481078+00:00,3.0,0.22561656347381165,,1.0,True,True,True,True,all4-early-fusion+ridge-only
507,413.0,0.9,413.0,413.0,matched,,2025-02-28T06:25:00.476723+00:00,2024-04-13T09:13:23.586169+00:00,3.0,0.18441624310385807,,1.0,True,True,True,True,all4-early-fusion+ridge-only
508,414.0,0.9,414.0,414.0,matched,,2025-02-28T06:25:00.577444+00:00,2024-04-13T09:13:23.679266+00:00,3.0,0.03584434101107181,,1.0,True,True,True,True,all4-early-fusion+ridge-only
509,415.0,0.9,415.0,415.0,matched,,2025-02-28T06:25:00.676016+00:00,2024-04-13T09:13:23.780158+00:00,3.0,0.0,,1.0,True,True,True,True,all4-early-fusion+ridge-only
510,416.0,0.9,416.0,416.0,matched,,2025-02-28T06:25:00.775386+00:00,2024-04-13T09:13:23.881050+00:00,2.970494401429114,0.07298596300392157,,1.0,True,True,True,True,all4-early-fusion+ridge-only
511,417.0,0.9,417.0,417.0,matched,,2025-02-28T06:25:00.874326+00:00,2024-04-13T09:13:23.983339+00:00,2.78534201160409,0.1412067204185501,,1.0,True,True,True,True,all4-early-fusion+ridge-only
512,418.0,0.9,418.0,418.0,matched,,2025-02-28T06:25:00.976221+00:00,2024-04-13T09:13:24.081350+00:00,2.7240988430144735,0.09039156855493546,,1.0,True,True,True,True,all4-early-fusion+ridge-only
513,419.0,0.9,419.0,419.0,matched,,2025-02-28T06:25:01.075006+00:00,2024-04-13T09:13:24.182059+00:00,2.6894130306880446,0.07090002513214166,,1.0,True,True,True,True,all4-early-fusion+ridge-only
514,420.0,0.9,420.0,420.0,matched,,2025-02-28T06:25:01.175407+00:00,2024-04-13T09:13:24.277785+00:00,2.6873529511382452,0.005390879937130499,,1.0,True,True,True,True,all4-early-fusion+ridge-only
515,421.0,0.9,421.0,421.0,matched,,2025-02-28T06:25:01.274814+00:00,2024-04-13T09:13:24.380436+00:00,2.6856408893164265,-0.32456158427974957,,1.0,True,True,True,True,all4-early-fusion+ridge-only
516,422.0,0.9,422.0,422.0,matched,,2025-02-28T06:25:01.375111+00:00,2024-04-13T09:13:24.478810+00:00,2.6856408893164265,-2.0366762880752596,,1.0,True,True,True,True,all4-early-fusion+ridge-only
517,423.0,0.9,423.0,423.0,matched,,2025-02-28T06:25:01.475770+00:00,2024-04-13T09:13:24.577628+00:00,2.6856408893164265,-0.6736748544857858,,1.0,True,True,True,True,all4-early-fusion+ridge-only
518,424.0,0.9,424.0,424.0,matched,,2025-02-28T06:25:01.575341+00:00,2024-04-13T09:13:24.678023+00:00,2.685640889316426,-0.3815439355907122,,1.0,True,True,True,True,all4-early-fusion+ridge-only
519,425.0,0.9,425.0,425.0,matched,,2025-02-28T06:25:01.676414+00:00,2024-04-13T09:13:24.777531+00:00,2.6856408893164265,-0.022660875047795237,,1.0,True,True,True,True,all4-early-fusion+ridge-only
520,426.0,0.9,426.0,426.0,matched,,2025-02-28T06:25:01.775988+00:00,2024-04-13T09:13:24.877884+00:00,2.685640889316426,-0.01883268004000671,,1.0,True,True,True,True,all4-early-fusion+ridge-only
521,427.0,0.9,427.0,427.0,matched,,2025-02-28T06:25:01.875557+00:00,2024-04-13T09:13:24.984283+00:00,2.715146487887313,0.0,,1.0,True,True,True,True,all4-early-fusion+ridge-only
522,428.0,0.9,428.0,428.0,matched,,2025-02-28T06:25:01.974554+00:00,2024-04-13T09:13:25.078252+00:00,2.89082094386815,0.19183490764814826,,1.0,True,True,True,True,all4-early-fusion+ridge-only
523,429.0,0.9,429.0,429.0,matched,,2025-02-28T06:25:02.075402+00:00,2024-04-13T09:13:25.181653+00:00,2.885530763934987,0.0,,1.0,True,True,True,True,all4-early-fusion+ridge-only
524,430.0,0.9,430.0,430.0,matched,,2025-02-28T06:25:02.178406+00:00,2024-04-13T09:13:25.278147+00:00,2.8370909320128277,0.0305064923752143,,1.0,True,True,True,True,all4-early-fusion+ridge-only
525,431.0,0.9,431.0,431.0,matched,,2025-02-28T06:25:02.275683+00:00,2024-04-13T09:13:25.378648+00:00,2.8196699783813255,0.26845752928417177,,1.0,True,True,True,True,all4-early-fusion+ridge-only
526,432.0,0.9,432.0,432.0,matched,,2025-02-28T06:25:02.375566+00:00,2024-04-13T09:13:25.479082+00:00,2.821382040203144,0.0,,1.0,True,True,True,True,all4-early-fusion+ridge-only
527,433.0,0.9,433.0,433.0,matched,,2025-02-28T06:25:02.475746+00:00,2024-04-13T09:13:25.581197+00:00,2.821382040203144,-0.10425727228604798,,1.0,True,True,True,True,all4-early-fusion+ridge-only
528,434.0,0.9,434.0,434.0,matched,,2025-02-28T06:25:02.574321+00:00,2024-04-13T09:13:25.679218+00:00,2.821382040203144,-0.5691103787999947,,1.0,True,True,True,True,all4-early-fusion+ridge-only
529,435.0,0.9,435.0,435.0,matched,,2025-02-28T06:25:02.674740+00:00,2024-04-13T09:13:25.782391+00:00,2.821382040203144,-0.7875166731131156,,1.0,True,True,True,True,all4-early-fusion+ridge-only
530,436.0,0.9,436.0,436.0,matched,,2025-02-28T06:25:02.778352+00:00,2024-04-13T09:13:25.879228+00:00,2.821382040203144,-0.21429136499432033,,1.0,True,True,True,True,all4-early-fusion+ridge-only
531,437.0,0.9,437.0,437.0,matched,,2025-02-28T06:25:02.876371+00:00,2024-04-13T09:13:25.978852+00:00,2.821382040203144,0.3546318582150989,,1.0,True,True,True,True,all4-early-fusion+ridge-only
532,438.0,0.9,438.0,438.0,matched,,2025-02-28T06:25:02.974380+00:00,2024-04-13T09:13:26.077650+00:00,2.821382040203144,0.3901721123365931,,1.0,True,True,True,True,all4-early-fusion+ridge-only
533,439.0,0.9,439.0,439.0,matched,,2025-02-28T06:25:03.075272+00:00,2024-04-13T09:13:26.183251+00:00,2.8308599740473306,0.0,,1.0,True,True,True,True,all4-early-fusion+ridge-only
534,440.0,0.9,440.0,440.0,matched,,2025-02-28T06:25:03.174464+00:00,2024-04-13T09:13:26.277969+00:00,2.8973933225701107,0.0,,1.0,True,True,True,True,all4-early-fusion+ridge-only
535,441.0,0.9,441.0,441.0,matched,,2025-02-28T06:25:03.274927+00:00,2024-04-13T09:13:26.378608+00:00,2.980518966818698,0.3760777037991936,,1.0,True,True,True,True,all4-early-fusion+ridge-only
536,442.0,0.9,442.0,442.0,matched,,2025-02-28T06:25:03.375032+00:00,2024-04-13T09:13:26.479531+00:00,3.0,0.1831718065370973,,1.0,True,True,True,True,all4-early-fusion+ridge-only
537,443.0,0.9,443.0,443.0,matched,,2025-02-28T06:25:03.474346+00:00,2024-04-13T09:13:26.578197+00:00,3.0,0.36927697115020575,,1.0,True,True,True,True,all4-early-fusion+ridge-only
538,444.0,0.9,444.0,444.0,matched,,2025-02-28T06:25:03.578303+00:00,2024-04-13T09:13:26.681445+00:00,3.0,0.17500912228637455,,1.0,True,True,True,True,all4-early-fusion+ridge-only
539,445.0,0.9,445.0,445.0,matched,,2025-02-28T06:25:03.679085+00:00,2024-04-13T09:13:26.781522+00:00,3.0,0.11676840433231384,,1.0,True,True,True,True,all4-early-fusion+ridge-only
540,446.0,0.9,446.0,446.0,matched,,2025-02-28T06:25:03.775163+00:00,2024-04-13T09:13:26.877990+00:00,3.0,0.25698651125310645,,1.0,True,True,True,True,all4-early-fusion+ridge-only
541,447.0,0.9,447.0,447.0,matched,,2025-02-28T06:25:03.880273+00:00,2024-04-13T09:13:26.978718+00:00,3.0,0.09308007986148903,,1.0,True,True,True,True,all4-early-fusion+ridge-only
542,448.0,0.9,448.0,448.0,matched,,2025-02-28T06:25:03.975510+00:00,2024-04-13T09:13:27.078707+00:00,3.0,0.1980955813602292,,1.0,True,True,True,True,all4-early-fusion+ridge-only
543,449.0,0.9,449.0,449.0,matched,,2025-02-28T06:25:04.076599+00:00,2024-04-13T09:13:27.187122+00:00,3.0,0.1853985311445041,,1.0,True,True,True,True,all4-early-fusion+ridge-only
544,450.0,0.9,450.0,450.0,matched,,2025-02-28T06:25:04.174245+00:00,2024-04-13T09:13:27.280909+00:00,3.0,0.2265405461345673,,1.0,True,True,True,True,all4-early-fusion+ridge-only
545,451.0,0.9,451.0,451.0,matched,,2025-02-28T06:25:04.274105+00:00,2024-04-13T09:13:27.378472+00:00,3.0,0.3676825094109848,,1.0,True,True,True,True,all4-early-fusion+ridge-only
546,452.0,0.9,452.0,452.0,matched,,2025-02-28T06:25:04.374315+00:00,2024-04-13T09:13:27.478678+00:00,3.0,0.0,,1.0,True,True,True,True,all4-early-fusion+ridge-only
547,453.0,0.9,453.0,453.0,matched,,2025-02-28T06:25:04.474175+00:00,2024-04-13T09:13:27.577728+00:00,3.0,0.0,,1.0,True,True,True,True,all4-early-fusion+ridge-only
548,454.0,0.9,454.0,454.0,matched,,2025-02-28T06:25:04.574340+00:00,2024-04-13T09:13:27.680264+00:00,3.0,0.0,,1.0,True,True,True,True,all4-early-fusion+ridge-only
549,455.0,0.9,455.0,455.0,matched,,2025-02-28T06:25:04.677358+00:00,2024-04-13T09:13:27.777691+00:00,3.0,0.0,,1.0,True,True,True,True,all4-early-fusion+ridge-only
550,456.0,0.9,456.0,456.0,matched,,2025-02-28T06:25:04.777598+00:00,2024-04-13T09:13:27.878103+00:00,3.0,0.0,,1.0,True,True,True,True,all4-early-fusion+ridge-only
551,457.0,0.9,457.0,457.0,matched,,2025-02-28T06:25:04.880996+00:00,2024-04-13T09:13:27.978916+00:00,3.0,0.35760279017767127,,1.0,True,True,True,True,all4-early-fusion+ridge-only
552,458.0,0.9,458.0,458.0,matched,,2025-02-28T06:25:04.974691+00:00,2024-04-13T09:13:28.079519+00:00,3.0,0.09478816217751707,,1.0,True,True,True,True,all4-early-fusion+ridge-only
553,459.0,0.9,459.0,459.0,matched,,2025-02-28T06:25:05.075145+00:00,2024-04-13T09:13:28.178389+00:00,3.0,0.12040030868373774,,1.0,True,True,True,True,all4-early-fusion+ridge-only
554,460.0,0.9,460.0,460.0,matched,,2025-02-28T06:25:05.176385+00:00,2024-04-13T09:13:28.281821+00:00,3.0,0.02511529089393738,,1.0,True,True,True,True,all4-early-fusion+ridge-only
555,461.0,0.9,461.0,461.0,matched,,2025-02-28T06:25:05.274501+00:00,2024-04-13T09:13:28.381406+00:00,3.0,0.43292331135225925,,1.0,True,True,True,True,all4-early-fusion+ridge-only
556,462.0,0.9,462.0,462.0,matched,,2025-02-28T06:25:05.377826+00:00,2024-04-13T09:13:28.482565+00:00,3.0,0.0,,1.0,True,True,True,True,all4-early-fusion+ridge-only
557,463.0,0.9,463.0,463.0,matched,,2025-02-28T06:25:05.481440+00:00,2024-04-13T09:13:28.583693+00:00,3.0,0.0,,1.0,True,True,True,True,all4-early-fusion+ridge-only
558,464.0,0.9,464.0,464.0,matched,,2025-02-28T06:25:05.581593+00:00,2024-04-13T09:13:28.681068+00:00,3.0,0.033376119261661064,,1.0,True,True,True,True,all4-early-fusion+ridge-only
559,465.0,0.9,465.0,465.0,matched,,2025-02-28T06:25:05.675227+00:00,2024-04-13T09:13:28.779279+00:00,3.0,0.20935258151107483,,1.0,True,True,True,True,all4-early-fusion+ridge-only
560,466.0,0.9,466.0,466.0,matched,,2025-02-28T06:25:05.778264+00:00,2024-04-13T09:13:28.880311+00:00,3.0,0.3887349721204947,,1.0,True,True,True,True,all4-early-fusion+ridge-only
561,467.0,0.9,467.0,467.0,matched,,2025-02-28T06:25:05.874171+00:00,2024-04-13T09:13:28.977509+00:00,3.0,0.48916498642319883,,1.0,True,True,True,True,all4-early-fusion+ridge-only
562,468.0,0.9,468.0,468.0,matched,,2025-02-28T06:25:05.981278+00:00,2024-04-13T09:13:29.079058+00:00,3.0,0.19291535432384777,,1.0,True,True,True,True,all4-early-fusion+ridge-only
563,469.0,0.9,469.0,469.0,matched,,2025-02-28T06:25:06.077088+00:00,2024-04-13T09:13:29.177917+00:00,3.0,0.0,,1.0,True,True,True,True,all4-early-fusion+ridge-only
564,470.0,0.9,470.0,470.0,matched,,2025-02-28T06:25:06.174556+00:00,2024-04-13T09:13:29.281107+00:00,3.0,0.0,,1.0,True,True,True,True,all4-early-fusion+ridge-only
565,471.0,0.9,471.0,471.0,matched,,2025-02-28T06:25:06.278538+00:00,2024-04-13T09:13:29.384318+00:00,3.0,0.0,,1.0,True,True,True,True,all4-early-fusion+ridge-only
566,472.0,0.9,472.0,472.0,matched,,2025-02-28T06:25:06.375696+00:00,2024-04-13T09:13:29.478617+00:00,3.0,0.348863443454273,,1.0,True,True,True,True,all4-early-fusion+ridge-only
567,473.0,0.9,473.0,473.0,matched,,2025-02-28T06:25:06.475315+00:00,2024-04-13T09:13:29.577638+00:00,3.0,0.4526048943397818,,1.0,True,True,True,True,all4-early-fusion+ridge-only
568,474.0,0.9,474.0,474.0,matched,,2025-02-28T06:25:06.575514+00:00,2024-04-13T09:13:29.679245+00:00,3.0,0.06135174494354745,,1.0,True,True,True,True,all4-early-fusion+ridge-only
569,475.0,0.9,475.0,475.0,matched,,2025-02-28T06:25:06.674376+00:00,2024-04-13T09:13:29.778051+00:00,3.0,0.3126550962093564,,1.0,True,True,True,True,all4-early-fusion+ridge-only
570,476.0,0.9,476.0,476.0,matched,,2025-02-28T06:25:06.775840+00:00,2024-04-13T09:13:29.878221+00:00,3.0,0.3887765027523651,,1.0,True,True,True,True,all4-early-fusion+ridge-only
571,477.0,0.9,477.0,477.0,matched,,2025-02-28T06:25:06.874282+00:00,2024-04-13T09:13:29.982754+00:00,3.0,0.005716234692188404,,1.0,True,True,True,True,all4-early-fusion+ridge-only
572,478.0,0.9,478.0,478.0,matched,,2025-02-28T06:25:06.974558+00:00,2024-04-13T09:13:30.085056+00:00,3.0,0.1463187425527832,,1.0,True,True,True,True,all4-early-fusion+ridge-only
573,479.0,0.9,479.0,479.0,matched,,2025-02-28T06:25:07.077701+00:00,2024-04-13T09:13:30.183100+00:00,3.0,0.1972689047820939,,1.0,True,True,True,True,all4-early-fusion+ridge-only
574,480.0,0.9,480.0,480.0,matched,,2025-02-28T06:25:07.174916+00:00,2024-04-13T09:13:30.282918+00:00,3.0,0.27681091447709383,,0.987012987012987,True,True,True,True,all4-early-fusion+ridge-only
575,481.0,0.9,481.0,481.0,matched,,2025-02-28T06:25:07.278454+00:00,2024-04-13T09:13:30.378551+00:00,3.0,0.2820475162980016,,0.9753246753246754,True,True,True,True,all4-early-fusion+ridge-only
576,482.0,0.9,482.0,482.0,matched,,2025-02-28T06:25:07.379011+00:00,2024-04-13T09:13:30.478161+00:00,3.0,0.3667610083705699,,0.9649350649350648,True,True,True,True,all4-early-fusion+ridge-only
577,483.0,0.9,483.0,483.0,matched,,2025-02-28T06:25:07.476639+00:00,2024-04-13T09:13:30.582105+00:00,3.0,0.0,,0.9558441558441557,True,True,True,True,all4-early-fusion+ridge-only
578,484.0,0.9,484.0,484.0,matched,,2025-02-28T06:25:07.575529+00:00,2024-04-13T09:13:30.681024+00:00,3.0,0.0870192483590082,,0.9480519480519479,True,True,True,True,all4-early-fusion+ridge-only
579,485.0,0.9,485.0,485.0,matched,,2025-02-28T06:25:07.675302+00:00,2024-04-13T09:13:30.782079+00:00,3.0,0.0,,0.9285714285714284,True,True,True,True,all4-early-fusion+ridge-only
580,486.0,0.9,486.0,486.0,matched,,2025-02-28T06:25:07.775543+00:00,2024-04-13T09:13:30.878250+00:00,3.0,0.0,,0.9116883116883117,True,True,True,True,all4-early-fusion+ridge-only
581,487.0,0.9,487.0,487.0,matched,,2025-02-28T06:25:07.875451+00:00,2024-04-13T09:13:30.978112+00:00,3.0,0.0,,0.8974025974025974,True,True,True,True,all4-early-fusion+ridge-only
582,488.0,0.9,488.0,488.0,matched,,2025-02-28T06:25:07.975111+00:00,2024-04-13T09:13:31.081732+00:00,3.0,0.0,,0.8857142857142857,True,True,True,True,all4-early-fusion+ridge-only
583,489.0,0.9,489.0,489.0,matched,,2025-02-28T06:25:08.076221+00:00,2024-04-13T09:13:31.182035+00:00,3.0,0.0,,0.8766233766233767,True,True,True,True,all4-early-fusion+ridge-only
584,489.0,0.9,489.0,489.0,matched,,2025-02-28T06:25:08.178327+00:00,2024-04-13T09:13:31.182035+00:00,3.0,0.3677477589823508,,0.8701298701298701,True,True,True,True,all4-early-fusion+ridge-only
585,490.0,0.9,490.0,490.0,matched,,2025-02-28T06:25:08.279775+00:00,2024-04-13T09:13:31.279763+00:00,3.0,0.415339986889284,,0.8662337662337662,True,True,True,True,all4-early-fusion+ridge-only
586,491.0,0.9,491.0,491.0,matched,,2025-02-28T06:25:08.381028+00:00,2024-04-13T09:13:31.382818+00:00,3.0,0.2961762183040557,,0.8649350649350649,True,True,True,True,all4-early-fusion+ridge-only
587,492.0,0.9,492.0,492.0,matched,,2025-02-28T06:25:08.477388+00:00,2024-04-13T09:13:31.480213+00:00,3.0,0.1549073213409966,,0.8662337662337662,True,True,True,True,all4-early-fusion+ridge-only
588,493.0,0.9,493.0,493.0,matched,,2025-02-28T06:25:08.575916+00:00,2024-04-13T09:13:31.577791+00:00,3.0,0.26291418965096547,,0.8701298701298701,True,True,True,True,all4-early-fusion+ridge-only
589,493.0,0.9,493.0,493.0,matched,,2025-02-28T06:25:08.674707+00:00,2024-04-13T09:13:31.577791+00:00,3.0,0.22310955562196,,0.8636363636363636,True,True,True,True,all4-early-fusion+ridge-only
590,494.0,0.9,494.0,494.0,matched,,2025-02-28T06:25:08.780911+00:00,2024-04-13T09:13:31.685030+00:00,3.0,0.0755845621164557,,0.861038961038961,True,True,True,True,all4-early-fusion+ridge-only
591,495.0,0.9,495.0,495.0,matched,,2025-02-28T06:25:08.875850+00:00,2024-04-13T09:13:31.777591+00:00,3.0,0.0,,0.8623376623376623,True,True,True,True,all4-early-fusion+ridge-only
592,496.0,0.9,496.0,496.0,matched,,2025-02-28T06:25:08.975045+00:00,2024-04-13T09:13:31.880189+00:00,3.0,0.0,,0.8675324675324675,True,True,True,True,all4-early-fusion+ridge-only
593,497.0,0.9,497.0,497.0,matched,,2025-02-28T06:25:09.076607+00:00,2024-04-13T09:13:31.978382+00:00,3.0,0.0,,0.8766233766233766,True,True,True,True,all4-early-fusion+ridge-only
594,498.0,0.9,498.0,498.0,matched,,2025-02-28T06:25:09.176048+00:00,2024-04-13T09:13:32.080259+00:00,3.0,0.10622679858284734,,0.8896103896103896,True,True,True,True,all4-early-fusion+ridge-only
595,499.0,0.9,499.0,499.0,matched,,2025-02-28T06:25:09.274203+00:00,2024-04-13T09:13:32.180143+00:00,3.0,0.1473970451396478,,0.892207792207792,True,True,True,True,all4-early-fusion+ridge-only
596,500.0,0.9,500.0,500.0,matched,,2025-02-28T06:25:09.375401+00:00,2024-04-13T09:13:32.278509+00:00,3.0,0.0,,0.8974025974025972,True,True,True,True,all4-early-fusion+ridge-only
597,501.0,0.9,501.0,501.0,matched,,2025-02-28T06:25:09.476339+00:00,2024-04-13T09:13:32.377552+00:00,3.0,0.0,,0.905194805194805,True,True,True,True,all4-early-fusion+ridge-only
598,502.0,0.9,502.0,502.0,matched,,2025-02-28T06:25:09.578493+00:00,2024-04-13T09:13:32.477756+00:00,3.0,0.14469958046106468,,0.9155844155844156,True,True,True,True,all4-early-fusion+ridge-only
599,502.0,0.9,502.0,502.0,matched,,2025-02-28T06:25:09.679046+00:00,2024-04-13T09:13:32.477756+00:00,3.0,0.0,,0.9285714285714286,True,True,True,True,all4-early-fusion+ridge-only
600,503.0,0.9,503.0,503.0,matched,,2025-02-28T06:25:09.774321+00:00,2024-04-13T09:13:32.578133+00:00,3.0,0.00588544046078443,,0.9298701298701298,True,True,True,True,all4-early-fusion+ridge-only
601,504.0,0.9,504.0,504.0,matched,,2025-02-28T06:25:09.875206+00:00,2024-04-13T09:13:32.681908+00:00,3.0,0.09432482899599215,,0.9324675324675324,True,True,True,True,all4-early-fusion+ridge-only
602,505.0,0.9,505.0,505.0,matched,,2025-02-28T06:25:09.974916+00:00,2024-04-13T09:13:32.780779+00:00,3.0,0.0,,0.9363636363636365,True,True,True,True,all4-early-fusion+ridge-only
603,506.0,0.9,506.0,506.0,matched,,2025-02-28T06:25:10.075562+00:00,2024-04-13T09:13:32.878978+00:00,3.0,0.0,,0.9415584415584417,True,True,True,True,all4-early-fusion+ridge-only
604,507.0,0.9,507.0,507.0,matched,,2025-02-28T06:25:10.175289+00:00,2024-04-13T09:13:32.980826+00:00,3.0,0.44990307121450446,,0.9480519480519481,True,True,True,True,all4-early-fusion+ridge-only
605,508.0,0.9,508.0,508.0,matched,,2025-02-28T06:25:10.276292+00:00,2024-04-13T09:13:33.077697+00:00,3.0,0.07709697868021426,,0.9558441558441559,True,True,True,True,all4-early-fusion+ridge-only
606,509.0,0.9,509.0,509.0,matched,,2025-02-28T06:25:10.374611+00:00,2024-04-13T09:13:33.182079+00:00,3.0,0.0,,0.9649350649350651,True,True,True,True,all4-early-fusion+ridge-only
607,510.0,0.9,510.0,510.0,matched,,2025-02-28T06:25:10.474346+00:00,2024-04-13T09:13:33.287915+00:00,3.0,0.0,,0.9623376623376624,True,True,True,True,all4-early-fusion+ridge-only
608,511.0,0.9,511.0,511.0,matched,,2025-02-28T06:25:10.576280+00:00,2024-04-13T09:13:33.383982+00:00,3.0,0.07239401870464723,,0.9623376623376624,True,True,True,True,all4-early-fusion+ridge-only
609,512.0,0.9,512.0,512.0,matched,,2025-02-28T06:25:10.675977+00:00,2024-04-13T09:13:33.480724+00:00,3.0,0.0,,0.9649350649350648,True,True,True,True,all4-early-fusion+ridge-only
610,513.0,0.9,513.0,513.0,matched,,2025-02-28T06:25:10.778379+00:00,2024-04-13T09:13:33.584296+00:00,3.0,0.0,,0.9558441558441558,True,True,True,True,all4-early-fusion+ridge-only
611,514.0,0.9,514.0,514.0,matched,,2025-02-28T06:25:10.877721+00:00,2024-04-13T09:13:33.678325+00:00,3.0,0.0,,0.948051948051948,True,True,True,True,all4-early-fusion+ridge-only
612,515.0,0.9,515.0,515.0,matched,,2025-02-28T06:25:10.976207+00:00,2024-04-13T09:13:33.780332+00:00,3.0,0.0,,0.9415584415584416,True,True,True,True,all4-early-fusion+ridge-only
613,516.0,0.9,516.0,516.0,matched,,2025-02-28T06:25:11.074926+00:00,2024-04-13T09:13:33.878163+00:00,3.0,0.0,,0.9363636363636364,True,True,True,True,all4-early-fusion+ridge-only
614,517.0,0.9,517.0,517.0,matched,,2025-02-28T06:25:11.174644+00:00,2024-04-13T09:13:33.977842+00:00,3.0,0.0,,0.9324675324675324,True,True,True,True,all4-early-fusion+ridge-only
615,518.0,0.9,518.0,518.0,matched,,2025-02-28T06:25:11.274916+00:00,2024-04-13T09:13:34.078978+00:00,3.0,0.0,,0.9298701298701298,True,True,True,True,all4-early-fusion+ridge-only
616,519.0,0.9,519.0,519.0,matched,,2025-02-28T06:25:11.375888+00:00,2024-04-13T09:13:34.177822+00:00,3.0,0.21991944302793343,,0.9285714285714286,True,True,True,True,all4-early-fusion+ridge-only
617,519.0,0.9,519.0,519.0,matched,,2025-02-28T06:25:11.476379+00:00,2024-04-13T09:13:34.177822+00:00,3.0,0.27928811108153395,,0.9285714285714286,True,True,True,True,all4-early-fusion+ridge-only
618,520.0,0.9,520.0,520.0,matched,,2025-02-28T06:25:11.578312+00:00,2024-04-13T09:13:34.279315+00:00,3.0,0.3008764800657886,,0.9168831168831169,True,True,True,True,all4-early-fusion+ridge-only
619,521.0,0.9,521.0,521.0,matched,,2025-02-28T06:25:11.681152+00:00,2024-04-13T09:13:34.381921+00:00,3.0,0.23176755443608732,,0.9077922077922078,True,True,True,True,all4-early-fusion+ridge-only
620,522.0,0.9,522.0,522.0,matched,,2025-02-28T06:25:11.777275+00:00,2024-04-13T09:13:34.478335+00:00,3.0,0.18179573012436956,,0.9012987012987013,True,True,True,True,all4-early-fusion+ridge-only
621,523.0,0.9,523.0,523.0,matched,,2025-02-28T06:25:11.874349+00:00,2024-04-13T09:13:34.583353+00:00,3.0,0.0,,0.8974025974025974,True,True,True,True,all4-early-fusion+ridge-only
622,524.0,0.9,524.0,524.0,matched,,2025-02-28T06:25:11.974557+00:00,2024-04-13T09:13:34.678575+00:00,3.0,0.0,,0.8961038961038961,True,True,True,True,all4-early-fusion+ridge-only
623,525.0,0.9,525.0,525.0,matched,,2025-02-28T06:25:12.074430+00:00,2024-04-13T09:13:34.781597+00:00,3.0,0.04905019287184764,,0.8974025974025974,True,True,True,True,all4-early-fusion+ridge-only
624,526.0,0.9,526.0,526.0,matched,,2025-02-28T06:25:12.177291+00:00,2024-04-13T09:13:34.887084+00:00,3.0,0.19725509818064424,,0.9012987012987013,True,True,True,True,all4-early-fusion+ridge-only
625,527.0,0.9,527.0,527.0,matched,,2025-02-28T06:25:12.274424+00:00,2024-04-13T09:13:34.984421+00:00,3.0,0.29420102515362245,,0.9077922077922078,True,True,True,True,all4-early-fusion+ridge-only
626,528.0,0.9,528.0,528.0,matched,,2025-02-28T06:25:12.374400+00:00,2024-04-13T09:13:35.078185+00:00,3.0,0.01116452579723104,,0.9168831168831169,True,True,True,True,all4-early-fusion+ridge-only
627,529.0,0.9,529.0,529.0,matched,,2025-02-28T06:25:12.474418+00:00,2024-04-13T09:13:35.177591+00:00,3.0,0.40557790677337646,,0.9285714285714286,True,True,True,True,all4-early-fusion+ridge-only
628,529.0,0.9,529.0,529.0,matched,,2025-02-28T06:25:12.576148+00:00,2024-04-13T09:13:35.177591+00:00,3.0,0.0,,0.9155844155844156,True,True,True,True,all4-early-fusion+ridge-only
629,530.0,0.9,530.0,530.0,matched,,2025-02-28T06:25:12.674540+00:00,2024-04-13T09:13:35.282018+00:00,3.0,0.0,,0.9051948051948052,True,True,True,True,all4-early-fusion+ridge-only
630,531.0,0.9,531.0,531.0,matched,,2025-02-28T06:25:12.783815+00:00,2024-04-13T09:13:35.384527+00:00,3.0,0.0,,0.8974025974025974,True,True,True,True,all4-early-fusion+ridge-only
631,532.0,0.9,532.0,532.0,matched,,2025-02-28T06:25:12.876210+00:00,2024-04-13T09:13:35.478070+00:00,3.0,0.0,,0.8922077922077922,True,True,True,True,all4-early-fusion+ridge-only
632,533.0,0.9,533.0,533.0,matched,,2025-02-28T06:25:12.974581+00:00,2024-04-13T09:13:35.577636+00:00,3.0,0.05977908598228865,,0.8896103896103896,True,True,True,True,all4-early-fusion+ridge-only
633,534.0,0.9,534.0,534.0,matched,,2025-02-28T06:25:13.074866+00:00,2024-04-13T09:13:35.679455+00:00,3.0,0.0,,0.8896103896103896,True,True,True,True,all4-early-fusion+ridge-only
634,535.0,0.9,535.0,535.0,matched,,2025-02-28T06:25:13.175446+00:00,2024-04-13T09:13:35.777884+00:00,3.0,0.0,,0.8922077922077922,True,True,True,True,all4-early-fusion+ridge-only
635,536.0,0.9,536.0,536.0,matched,,2025-02-28T06:25:13.276983+00:00,2024-04-13T09:13:35.881906+00:00,3.0,0.0,,0.8974025974025974,True,True,True,True,all4-early-fusion+ridge-only
636,537.0,0.9,537.0,537.0,matched,,2025-02-28T06:25:13.374529+00:00,2024-04-13T09:13:35.981620+00:00,3.0,0.061260167382279906,,0.9051948051948052,True,True,True,True,all4-early-fusion+ridge-only
637,538.0,0.9,538.0,538.0,matched,,2025-02-28T06:25:13.474334+00:00,2024-04-13T09:13:36.079881+00:00,2.999534085610884,0.0,,0.9025974025974026,True,True,True,True,all4-early-fusion+ridge-only
638,538.0,0.9,538.0,538.0,matched,,2025-02-28T06:25:13.577119+00:00,2024-04-13T09:13:36.079881+00:00,2.9058135357028188,0.0,,0.9038961038961039,True,True,True,True,all4-early-fusion+ridge-only
639,539.0,0.9,539.0,539.0,matched,,2025-02-28T06:25:13.678609+00:00,2024-04-13T09:13:36.180263+00:00,2.9000448399124776,0.08764192074916588,,0.8818181818181818,True,True,True,True,all4-early-fusion+ridge-only
640,540.0,0.9,540.0,540.0,matched,,2025-02-28T06:25:13.778905+00:00,2024-04-13T09:13:36.281751+00:00,2.9000448399124776,0.09121385350078448,,0.8636363636363636,True,True,True,True,all4-early-fusion+ridge-only
641,541.0,0.9,541.0,541.0,matched,,2025-02-28T06:25:13.880806+00:00,2024-04-13T09:13:36.378304+00:00,2.9000448399124776,0.21391819946441437,,0.8493506493506493,True,True,True,True,all4-early-fusion+ridge-only
642,542.0,0.9,542.0,542.0,matched,,2025-02-28T06:25:13.974606+00:00,2024-04-13T09:13:36.478771+00:00,2.9000448399124776,-0.005125058280279315,,0.8389610389610389,True,True,True,True,all4-early-fusion+ridge-only
643,543.0,0.9,543.0,543.0,matched,,2025-02-28T06:25:14.078540+00:00,2024-04-13T09:13:36.583263+00:00,2.9000448399124776,-1.027745442465228,,0.8324675324675325,True,True,True,True,all4-early-fusion+ridge-only
644,544.0,0.9,544.0,544.0,matched,,2025-02-28T06:25:14.175315+00:00,2024-04-13T09:13:36.678234+00:00,2.9000448399124776,-0.0634556536937505,,0.8298701298701299,True,True,True,True,all4-early-fusion+ridge-only
645,545.0,0.9,545.0,545.0,matched,,2025-02-28T06:25:14.278996+00:00,2024-04-13T09:13:36.787927+00:00,2.9000448399124776,0.27924194354713183,,0.8311688311688312,True,True,True,True,all4-early-fusion+ridge-only
646,546.0,0.9,546.0,546.0,matched,,2025-02-28T06:25:14.374496+00:00,2024-04-13T09:13:36.879879+00:00,2.9000448399124776,0.2654143901976087,,0.8363636363636363,True,True,True,True,all4-early-fusion+ridge-only
647,546.0,0.9,546.0,546.0,matched,,2025-02-28T06:25:14.478652+00:00,2024-04-13T09:13:36.879879+00:00,2.9000448399124776,0.0,,0.8454545454545455,True,True,True,True,all4-early-fusion+ridge-only
648,547.0,0.9,547.0,547.0,matched,,2025-02-28T06:25:14.575542+00:00,2024-04-13T09:13:36.984440+00:00,2.9005107543015938,0.0,,0.8584415584415584,True,True,True,True,all4-early-fusion+ridge-only
649,547.0,0.9,547.0,547.0,matched,,2025-02-28T06:25:14.676227+00:00,2024-04-13T09:13:36.984440+00:00,2.994231304209659,0.04366263322072106,,0.861038961038961,True,True,True,True,all4-early-fusion+ridge-only
650,548.0,0.9,548.0,548.0,matched,,2025-02-28T06:25:14.775066+00:00,2024-04-13T09:13:37.079439+00:00,3.0,0.032782854109735915,,0.8662337662337662,True,True,True,True,all4-early-fusion+ridge-only
651,549.0,0.9,549.0,549.0,matched,,2025-02-28T06:25:14.874892+00:00,2024-04-13T09:13:37.177886+00:00,3.0,0.0,,0.874025974025974,True,True,True,True,all4-early-fusion+ridge-only
652,550.0,0.9,550.0,550.0,matched,,2025-02-28T06:25:14.978793+00:00,2024-04-13T09:13:37.280547+00:00,3.0,0.0,,0.8844155844155844,True,True,True,True,all4-early-fusion+ridge-only
653,551.0,0.9,551.0,551.0,matched,,2025-02-28T06:25:15.076080+00:00,2024-04-13T09:13:37.382680+00:00,3.0,0.0,,0.8974025974025974,True,True,True,True,all4-early-fusion+ridge-only
654,552.0,0.9,552.0,552.0,matched,,2025-02-28T06:25:15.175820+00:00,2024-04-13T09:13:37.478570+00:00,3.0,0.0,,0.912987012987013,True,True,True,True,all4-early-fusion+ridge-only
655,553.0,0.9,553.0,553.0,matched,,2025-02-28T06:25:15.274493+00:00,2024-04-13T09:13:37.577690+00:00,3.0,0.0,,0.9311688311688312,True,True,True,True,all4-early-fusion+ridge-only
656,554.0,0.9,554.0,554.0,matched,,2025-02-28T06:25:15.374949+00:00,2024-04-13T09:13:37.682925+00:00,3.0,0.0,,0.951948051948052,True,True,True,True,all4-early-fusion+ridge-only
657,555.0,0.9,555.0,555.0,matched,,2025-02-28T06:25:15.474424+00:00,2024-04-13T09:13:37.779579+00:00,3.0,0.0,,0.9753246753246754,True,True,True,True,all4-early-fusion+ridge-only
658,556.0,0.9,556.0,556.0,matched,,2025-02-28T06:25:15.579407+00:00,2024-04-13T09:13:37.880098+00:00,3.0,0.0,,0.987012987012987,True,True,True,True,all4-early-fusion+ridge-only
659,557.0,0.9,557.0,557.0,matched,,2025-02-28T06:25:15.680204+00:00,2024-04-13T09:13:37.977807+00:00,3.0,0.0,,1.0,True,True,True,True,all4-early-fusion+ridge-only
660,558.0,0.9,558.0,558.0,matched,,2025-02-28T06:25:15.774680+00:00,2024-04-13T09:13:38.078262+00:00,3.0,0.0,,1.0,True,True,True,True,all4-early-fusion+ridge-only
661,559.0,0.9,559.0,559.0,matched,,2025-02-28T06:25:15.875047+00:00,2024-04-13T09:13:38.182300+00:00,3.0,0.03622955146158713,,1.0,True,True,True,True,all4-early-fusion+ridge-only
662,560.0,0.9,560.0,560.0,matched,,2025-02-28T06:25:15.975395+00:00,2024-04-13T09:13:38.278591+00:00,3.0,0.01884998780164615,,0.987012987012987,True,True,True,True,all4-early-fusion+ridge-only
663,561.0,0.9,561.0,561.0,matched,,2025-02-28T06:25:16.074742+00:00,2024-04-13T09:13:38.377670+00:00,3.0,0.13676409147261115,,0.9753246753246754,True,True,True,True,all4-early-fusion+ridge-only
664,562.0,0.9,562.0,562.0,matched,,2025-02-28T06:25:16.174990+00:00,2024-04-13T09:13:38.482797+00:00,3.0,0.27292792856804926,,0.964935064935065,True,True,True,True,all4-early-fusion+ridge-only
665,563.0,0.9,563.0,563.0,matched,,2025-02-28T06:25:16.275796+00:00,2024-04-13T09:13:38.583882+00:00,3.0,0.02542788089917636,,0.9558441558441558,True,True,True,True,all4-early-fusion+ridge-only
666,564.0,0.9,564.0,564.0,matched,,2025-02-28T06:25:16.379221+00:00,2024-04-13T09:13:38.678104+00:00,2.9891236160842216,0.0,,0.948051948051948,True,True,True,True,all4-early-fusion+ridge-only
667,565.0,0.9,565.0,565.0,matched,,2025-02-28T06:25:16.474720+00:00,2024-04-13T09:13:38.777703+00:00,2.9891236160842216,0.0,,0.9415584415584416,True,True,True,True,all4-early-fusion+ridge-only
668,566.0,0.9,566.0,566.0,matched,,2025-02-28T06:25:16.574729+00:00,2024-04-13T09:13:38.879306+00:00,2.9891236160842216,0.0,,0.9363636363636364,True,True,True,True,all4-early-fusion+ridge-only
669,567.0,0.9,567.0,567.0,matched,,2025-02-28T06:25:16.675496+00:00,2024-04-13T09:13:38.979444+00:00,2.9891236160842216,0.0,,0.9324675324675324,True,True,True,True,all4-early-fusion+ridge-only
670,568.0,0.9,568.0,568.0,matched,,2025-02-28T06:25:16.774169+00:00,2024-04-13T09:13:39.078263+00:00,2.9891236160842216,0.0,,0.9298701298701298,True,True,True,True,all4-early-fusion+ridge-only
671,569.0,0.9,569.0,569.0,matched,,2025-02-28T06:25:16.878852+00:00,2024-04-13T09:13:39.180556+00:00,2.9891236160842216,-0.042508701173992414,,0.9285714285714286,True,True,True,True,all4-early-fusion+ridge-only
672,569.0,0.9,569.0,569.0,matched,,2025-02-28T06:25:16.975817+00:00,2024-04-13T09:13:39.180556+00:00,2.9891236160842216,0.0,,0.9285714285714286,True,True,True,True,all4-early-fusion+ridge-only
673,570.0,0.9,570.0,570.0,matched,,2025-02-28T06:25:17.074595+00:00,2024-04-13T09:13:39.278136+00:00,2.9891236160842216,0.16180232525574212,,0.9298701298701298,True,True,True,True,all4-early-fusion+ridge-only
674,571.0,0.9,571.0,571.0,matched,,2025-02-28T06:25:17.177336+00:00,2024-04-13T09:13:39.381202+00:00,2.9891236160842216,0.0,,0.9324675324675324,True,True,True,True,all4-early-fusion+ridge-only
675,572.0,0.9,572.0,572.0,matched,,2025-02-28T06:25:17.278517+00:00,2024-04-13T09:13:39.477853+00:00,2.9891236160842216,0.0,,0.9363636363636364,True,True,True,True,all4-early-fusion+ridge-only
676,573.0,0.9,573.0,573.0,matched,,2025-02-28T06:25:17.378446+00:00,2024-04-13T09:13:39.578019+00:00,2.9891236160842216,0.0,,0.9415584415584416,True,True,True,True,all4-early-fusion+ridge-only
677,574.0,0.9,574.0,574.0,matched,,2025-02-28T06:25:17.475832+00:00,2024-04-13T09:13:39.678582+00:00,3.0,0.18364730411695263,,0.948051948051948,True,True,True,True,all4-early-fusion+ridge-only
678,575.0,0.9,575.0,575.0,matched,,2025-02-28T06:25:17.578360+00:00,2024-04-13T09:13:39.782437+00:00,3.0,0.08937966488422289,,0.9558441558441558,True,True,True,True,all4-early-fusion+ridge-only
679,576.0,0.9,576.0,576.0,matched,,2025-02-28T06:25:17.676183+00:00,2024-04-13T09:13:39.883828+00:00,3.0,0.26839764916601005,,0.964935064935065,True,True,True,True,all4-early-fusion+ridge-only
680,577.0,0.9,577.0,577.0,matched,,2025-02-28T06:25:17.775575+00:00,2024-04-13T09:13:39.979798+00:00,3.0,0.2699481048746617,,0.9753246753246754,True,True,True,True,all4-early-fusion+ridge-only
681,578.0,0.9,578.0,578.0,matched,,2025-02-28T06:25:17.874840+00:00,2024-04-13T09:13:40.082619+00:00,3.0,0.0,,0.987012987012987,True,True,True,True,all4-early-fusion+ridge-only
682,579.0,0.9,579.0,579.0,matched,,2025-02-28T06:25:17.974601+00:00,2024-04-13T09:13:40.177973+00:00,3.0,0.0,,1.0,True,True,True,True,all4-early-fusion+ridge-only
683,580.0,0.9,580.0,580.0,matched,,2025-02-28T06:25:18.075682+00:00,2024-04-13T09:13:40.280293+00:00,3.0,0.09503350713771841,,1.0,True,True,True,True,all4-early-fusion+ridge-only
684,581.0,0.9,581.0,581.0,matched,,2025-02-28T06:25:18.174432+00:00,2024-04-13T09:13:40.377862+00:00,3.0,0.0,,0.987012987012987,True,True,True,True,all4-early-fusion+ridge-only
685,582.0,0.9,582.0,582.0,matched,,2025-02-28T06:25:18.276165+00:00,2024-04-13T09:13:40.477814+00:00,3.0,0.0,,0.9753246753246754,True,True,True,True,all4-early-fusion+ridge-only
686,583.0,0.9,583.0,583.0,matched,,2025-02-28T06:25:18.375549+00:00,2024-04-13T09:13:40.581384+00:00,3.0,0.14186850615199953,,0.964935064935065,True,True,True,True,all4-early-fusion+ridge-only
687,584.0,0.9,584.0,584.0,matched,,2025-02-28T06:25:18.475674+00:00,2024-04-13T09:13:40.678886+00:00,3.0,0.17095479244124823,,0.9558441558441558,True,True,True,True,all4-early-fusion+ridge-only
688,585.0,0.9,585.0,585.0,matched,,2025-02-28T06:25:18.574531+00:00,2024-04-13T09:13:40.778302+00:00,3.0,0.0,,0.948051948051948,True,True,True,True,all4-early-fusion+ridge-only
689,586.0,0.9,586.0,586.0,matched,,2025-02-28T06:25:18.674824+00:00,2024-04-13T09:13:40.882615+00:00,3.0,0.009145329483677411,,0.9415584415584416,True,True,True,True,all4-early-fusion+ridge-only
690,587.0,0.9,587.0,587.0,matched,,2025-02-28T06:25:18.775364+00:00,2024-04-13T09:13:40.985898+00:00,3.0,0.0,,0.9363636363636364,True,True,True,True,all4-early-fusion+ridge-only
691,588.0,0.9,588.0,588.0,matched,,2025-02-28T06:25:18.876822+00:00,2024-04-13T09:13:41.078834+00:00,3.0,0.0,,0.9324675324675324,True,True,True,True,all4-early-fusion+ridge-only
692,589.0,0.9,589.0,589.0,matched,,2025-02-28T06:25:18.974348+00:00,2024-04-13T09:13:41.179408+00:00,3.0,0.24226724380510367,,0.9298701298701298,True,True,True,True,all4-early-fusion+ridge-only
693,590.0,0.9,590.0,590.0,matched,,2025-02-28T06:25:19.078587+00:00,2024-04-13T09:13:41.279252+00:00,3.0,0.0,,0.9285714285714286,True,True,True,True,all4-early-fusion+ridge-only
694,590.0,0.9,590.0,590.0,matched,,2025-02-28T06:25:19.174450+00:00,2024-04-13T09:13:41.279252+00:00,3.0,0.27071379448160116,,0.9285714285714286,True,True,True,True,all4-early-fusion+ridge-only
695,591.0,0.9,591.0,591.0,matched,,2025-02-28T06:25:19.275140+00:00,2024-04-13T09:13:41.381714+00:00,3.0,0.0,,0.9298701298701298,True,True,True,True,all4-early-fusion+ridge-only
696,592.0,0.9,592.0,592.0,matched,,2025-02-28T06:25:19.374251+00:00,2024-04-13T09:13:41.485536+00:00,3.0,0.28747565048926527,,0.9324675324675324,True,True,True,True,all4-early-fusion+ridge-only
697,593.0,0.9,593.0,593.0,matched,,2025-02-28T06:25:19.478123+00:00,2024-04-13T09:13:41.579066+00:00,3.0,0.07629341379377141,,0.9363636363636364,True,True,True,True,all4-early-fusion+ridge-only
698,594.0,0.9,594.0,594.0,matched,,2025-02-28T06:25:19.578302+00:00,2024-04-13T09:13:41.679454+00:00,3.0,0.12233774040030809,,0.9415584415584416,True,True,True,True,all4-early-fusion+ridge-only
699,595.0,0.9,595.0,595.0,matched,,2025-02-28T06:25:19.675307+00:00,2024-04-13T09:13:41.781389+00:00,3.0,0.028779071539978496,,0.948051948051948,True,True,True,True,all4-early-fusion+ridge-only
700,596.0,0.9,596.0,596.0,matched,,2025-02-28T06:25:19.774190+00:00,2024-04-13T09:13:41.887495+00:00,3.0,0.44089666437738506,,0.9558441558441558,True,True,True,True,all4-early-fusion+ridge-only
701,597.0,0.9,597.0,597.0,matched,,2025-02-28T06:25:19.877120+00:00,2024-04-13T09:13:41.982093+00:00,3.0,0.28365290656125364,,0.964935064935065,True,True,True,True,all4-early-fusion+ridge-only
702,598.0,0.9,598.0,598.0,matched,,2025-02-28T06:25:19.979196+00:00,2024-04-13T09:13:42.078997+00:00,3.0,0.41103364284535937,,0.9753246753246754,True,True,True,True,all4-early-fusion+ridge-only
703,599.0,0.9,599.0,599.0,matched,,2025-02-28T06:25:20.074906+00:00,2024-04-13T09:13:42.177712+00:00,3.0,0.2336545786835278,,0.987012987012987,True,True,True,True,all4-early-fusion+ridge-only
704,600.0,0.9,600.0,600.0,matched,,2025-02-28T06:25:20.176143+00:00,2024-04-13T09:13:42.283210+00:00,3.0,0.3794394324676498,,1.0,True,True,True,True,all4-early-fusion+ridge-only
705,601.0,0.9,601.0,601.0,matched,,2025-02-28T06:25:20.277329+00:00,2024-04-13T09:13:42.381992+00:00,3.0,0.0,,1.0,True,True,True,True,all4-early-fusion+ridge-only
706,602.0,0.9,602.0,602.0,matched,,2025-02-28T06:25:20.374793+00:00,2024-04-13T09:13:42.480269+00:00,3.0,0.0,,1.0,True,True,True,True,all4-early-fusion+ridge-only
707,603.0,0.9,603.0,603.0,matched,,2025-02-28T06:25:20.476131+00:00,2024-04-13T09:13:42.581675+00:00,3.0,0.026746424903060895,,1.0,True,True,True,True,all4-early-fusion+ridge-only
708,604.0,0.9,604.0,604.0,matched,,2025-02-28T06:25:20.575797+00:00,2024-04-13T09:13:42.682513+00:00,3.0,0.0,,1.0,True,True,True,True,all4-early-fusion+ridge-only
709,605.0,0.9,605.0,605.0,matched,,2025-02-28T06:25:20.675968+00:00,2024-04-13T09:13:42.777936+00:00,3.0,0.0,,1.0,True,True,True,True,all4-early-fusion+ridge-only
710,606.0,0.9,606.0,606.0,matched,,2025-02-28T06:25:20.775785+00:00,2024-04-13T09:13:42.882946+00:00,3.0,0.0,,1.0,True,True,True,True,all4-early-fusion+ridge-only
711,607.0,0.9,607.0,607.0,matched,,2025-02-28T06:25:20.880690+00:00,2024-04-13T09:13:42.978300+00:00,3.0,0.030587874531441184,,1.0,True,True,True,True,all4-early-fusion+ridge-only
712,608.0,0.9,608.0,608.0,matched,,2025-02-28T06:25:20.975454+00:00,2024-04-13T09:13:43.077755+00:00,3.0,0.28662616568753885,,1.0,True,True,True,True,all4-early-fusion+ridge-only
713,609.0,0.9,609.0,609.0,matched,,2025-02-28T06:25:21.077096+00:00,2024-04-13T09:13:43.186964+00:00,3.0,0.0,,1.0,True,True,True,True,all4-early-fusion+ridge-only
714,610.0,0.9,610.0,610.0,matched,,2025-02-28T06:25:21.175371+00:00,2024-04-13T09:13:43.280398+00:00,3.0,0.37178602416150053,,1.0,True,True,True,True,all4-early-fusion+ridge-only
715,611.0,0.9,611.0,611.0,matched,,2025-02-28T06:25:21.274300+00:00,2024-04-13T09:13:43.380198+00:00,3.0,0.0,,1.0,True,True,True,True,all4-early-fusion+ridge-only
716,612.0,0.9,612.0,612.0,matched,,2025-02-28T06:25:21.375492+00:00,2024-04-13T09:13:43.481469+00:00,3.0,0.0,,1.0,True,True,True,True,all4-early-fusion+ridge-only
717,613.0,0.9,613.0,613.0,matched,,2025-02-28T06:25:21.474477+00:00,2024-04-13T09:13:43.578221+00:00,3.0,0.0,,1.0,True,True,True,True,all4-early-fusion+ridge-only
718,614.0,0.9,614.0,614.0,matched,,2025-02-28T06:25:21.575496+00:00,2024-04-13T09:13:43.683093+00:00,3.0,0.03522071980552921,,1.0,True,True,True,True,all4-early-fusion+ridge-only
719,615.0,0.9,615.0,615.0,matched,,2025-02-28T06:25:21.674784+00:00,2024-04-13T09:13:43.777557+00:00,3.0,0.0,,1.0,True,True,True,True,all4-early-fusion+ridge-only
720,616.0,0.9,616.0,616.0,matched,,2025-02-28T06:25:21.778655+00:00,2024-04-13T09:13:43.887180+00:00,3.0,0.0,,1.0,True,True,True,True,all4-early-fusion+ridge-only
721,617.0,0.9,617.0,617.0,matched,,2025-02-28T06:25:21.876985+00:00,2024-04-13T09:13:43.979532+00:00,3.0,0.0,,1.0,True,True,True,True,all4-early-fusion+ridge-only
722,618.0,0.9,618.0,618.0,matched,,2025-02-28T06:25:21.979506+00:00,2024-04-13T09:13:44.077601+00:00,3.0,0.0,,1.0,True,True,True,True,all4-early-fusion+ridge-only
723,619.0,0.9,619.0,619.0,matched,,2025-02-28T06:25:22.075788+00:00,2024-04-13T09:13:44.177797+00:00,3.0,0.17838916118207981,,1.0,True,True,True,True,all4-early-fusion+ridge-only
724,620.0,0.9,620.0,620.0,matched,,2025-02-28T06:25:22.175389+00:00,2024-04-13T09:13:44.280618+00:00,3.0,0.0,,1.0,True,True,True,True,all4-early-fusion+ridge-only
725,621.0,0.9,621.0,621.0,matched,,2025-02-28T06:25:22.275869+00:00,2024-04-13T09:13:44.378022+00:00,3.0,0.0,,1.0,True,True,True,True,all4-early-fusion+ridge-only
726,622.0,0.9,622.0,622.0,matched,,2025-02-28T06:25:22.374353+00:00,2024-04-13T09:13:44.478288+00:00,3.0,0.0,,1.0,True,True,True,True,all4-early-fusion+ridge-only
727,623.0,0.9,623.0,623.0,matched,,2025-02-28T06:25:22.475360+00:00,2024-04-13T09:13:44.581414+00:00,3.0,0.0,,1.0,True,True,True,True,all4-early-fusion+ridge-only
728,624.0,0.9,624.0,624.0,matched,,2025-02-28T06:25:22.575531+00:00,2024-04-13T09:13:44.682218+00:00,3.0,0.0,,1.0,True,True,True,True,all4-early-fusion+ridge-only
729,625.0,0.9,625.0,625.0,matched,,2025-02-28T06:25:22.674864+00:00,2024-04-13T09:13:44.779163+00:00,3.0,0.2166852151092149,,1.0,True,True,True,True,all4-early-fusion+ridge-only
730,626.0,0.9,626.0,626.0,matched,,2025-02-28T06:25:22.774420+00:00,2024-04-13T09:13:44.883496+00:00,3.0,0.1919138955210875,,1.0,True,True,True,True,all4-early-fusion+ridge-only
731,627.0,0.9,627.0,627.0,matched,,2025-02-28T06:25:22.884163+00:00,2024-04-13T09:13:44.979594+00:00,3.0,0.266856137134722,,1.0,True,True,True,True,all4-early-fusion+ridge-only
732,628.0,0.9,628.0,628.0,matched,,2025-02-28T06:25:22.978061+00:00,2024-04-13T09:13:45.078197+00:00,3.0,0.0,,1.0,True,True,True,True,all4-early-fusion+ridge-only
733,629.0,0.9,629.0,629.0,matched,,2025-02-28T06:25:23.075003+00:00,2024-04-13T09:13:45.179748+00:00,3.0,0.018843976855026146,,1.0,True,True,True,True,all4-early-fusion+ridge-only
734,630.0,0.9,630.0,630.0,matched,,2025-02-28T06:25:23.177108+00:00,2024-04-13T09:13:45.277631+00:00,2.9987426627849754,0.0,,1.0,True,True,True,True,all4-early-fusion+ridge-only
735,631.0,0.9,631.0,631.0,matched,,2025-02-28T06:25:23.274472+00:00,2024-04-13T09:13:45.380610+00:00,2.9987426627849754,0.15393951123950833,,1.0,True,True,True,True,all4-early-fusion+ridge-only
736,632.0,0.9,632.0,632.0,matched,,2025-02-28T06:25:23.376231+00:00,2024-04-13T09:13:45.479562+00:00,2.9987426627849754,0.0017806671240880867,,1.0,True,True,True,True,all4-early-fusion+ridge-only
737,633.0,0.9,633.0,633.0,matched,,2025-02-28T06:25:23.481998+00:00,2024-04-13T09:13:45.580262+00:00,2.9987426627849754,0.14539596718149372,,1.0,True,True,True,True,all4-early-fusion+ridge-only
738,634.0,0.9,634.0,634.0,matched,,2025-02-28T06:25:23.577851+00:00,2024-04-13T09:13:45.678390+00:00,2.9987426627849754,0.027540697163583427,,1.0,True,True,True,True,all4-early-fusion+ridge-only
739,635.0,0.9,635.0,635.0,matched,,2025-02-28T06:25:23.677611+00:00,2024-04-13T09:13:45.777657+00:00,2.9987426627849754,0.15538174811010164,,1.0,True,True,True,True,all4-early-fusion+ridge-only
740,636.0,0.9,636.0,636.0,matched,,2025-02-28T06:25:23.774921+00:00,2024-04-13T09:13:45.882771+00:00,2.9987426627849754,0.11571005832009673,,1.0,True,True,True,True,all4-early-fusion+ridge-only
741,637.0,0.9,637.0,637.0,matched,,2025-02-28T06:25:23.876842+00:00,2024-04-13T09:13:45.980064+00:00,2.9987426627849754,0.0497752822941977,,1.0,True,True,True,True,all4-early-fusion+ridge-only
742,638.0,0.9,638.0,638.0,matched,,2025-02-28T06:25:23.974234+00:00,2024-04-13T09:13:46.082286+00:00,2.9987426627849754,0.0,,1.0,True,True,True,True,all4-early-fusion+ridge-only
743,639.0,0.9,639.0,639.0,matched,,2025-02-28T06:25:24.074486+00:00,2024-04-13T09:13:46.177918+00:00,2.9849844860203976,0.0,,1.0,True,True,True,True,all4-early-fusion+ridge-only
744,640.0,0.9,640.0,640.0,matched,,2025-02-28T06:25:24.174397+00:00,2024-04-13T09:13:46.281826+00:00,2.970390093265762,0.2421315508380868,,1.0,True,True,True,True,all4-early-fusion+ridge-only
745,641.0,0.9,641.0,641.0,matched,,2025-02-28T06:25:24.274759+00:00,2024-04-13T09:13:46.378055+00:00,2.9695501948182526,0.08643907856119393,,1.0,True,True,True,True,all4-early-fusion+ridge-only
746,642.0,0.9,642.0,642.0,matched,,2025-02-28T06:25:24.374356+00:00,2024-04-13T09:13:46.478524+00:00,2.9695501948182526,0.0412428163275016,,1.0,True,True,True,True,all4-early-fusion+ridge-only
747,643.0,0.9,643.0,643.0,matched,,2025-02-28T06:25:24.474108+00:00,2024-04-13T09:13:46.579166+00:00,2.940646002409406,0.0,,1.0,True,True,True,True,all4-early-fusion+ridge-only
748,644.0,0.9,644.0,644.0,matched,,2025-02-28T06:25:24.575075+00:00,2024-04-13T09:13:46.682227+00:00,2.9406460024094057,-0.15133994441035048,,1.0,True,True,True,True,all4-early-fusion+ridge-only
749,645.0,0.9,645.0,645.0,matched,,2025-02-28T06:25:24.675148+00:00,2024-04-13T09:13:46.778752+00:00,2.9406460024094057,-0.16053832030100024,,1.0,True,True,True,True,all4-early-fusion+ridge-only
750,646.0,0.9,646.0,646.0,matched,,2025-02-28T06:25:24.779015+00:00,2024-04-13T09:13:46.880121+00:00,2.9406460024094057,0.13154635518708924,,1.0,True,True,True,True,all4-early-fusion+ridge-only
751,647.0,0.9,647.0,647.0,matched,,2025-02-28T06:25:24.874842+00:00,2024-04-13T09:13:46.981889+00:00,2.9406460024094057,0.20117226156960832,,1.0,True,True,True,True,all4-early-fusion+ridge-only
752,648.0,0.9,648.0,648.0,matched,,2025-02-28T06:25:24.974644+00:00,2024-04-13T09:13:47.079835+00:00,2.9406460024094057,-0.31794611649731763,,1.0,True,True,True,True,all4-early-fusion+ridge-only
753,649.0,0.9,649.0,649.0,matched,,2025-02-28T06:25:25.075807+00:00,2024-04-13T09:13:47.178365+00:00,2.9406460024094057,0.0047589611387475195,,1.0,True,True,True,True,all4-early-fusion+ridge-only
754,650.0,0.9,650.0,650.0,matched,,2025-02-28T06:25:25.174693+00:00,2024-04-13T09:13:47.278749+00:00,2.954404179173983,0.0,,1.0,True,True,True,True,all4-early-fusion+ridge-only
755,651.0,0.9,651.0,651.0,matched,,2025-02-28T06:25:25.276396+00:00,2024-04-13T09:13:47.380115+00:00,2.9689985719286196,0.20682386106131023,,1.0,True,True,True,True,all4-early-fusion+ridge-only
756,652.0,0.9,652.0,652.0,matched,,2025-02-28T06:25:25.377960+00:00,2024-04-13T09:13:47.478055+00:00,2.971095807591153,0.12014432211376791,,1.0,True,True,True,True,all4-early-fusion+ridge-only
757,653.0,0.9,653.0,653.0,matched,,2025-02-28T06:25:25.478405+00:00,2024-04-13T09:13:47.578298+00:00,2.971095807591153,0.0,,1.0,True,True,True,True,all4-early-fusion+ridge-only
758,654.0,0.9,654.0,654.0,matched,,2025-02-28T06:25:25.579275+00:00,2024-04-13T09:13:47.677517+00:00,3.0,0.07500190502957782,,1.0,True,True,True,True,all4-early-fusion+ridge-only
759,655.0,0.9,655.0,655.0,matched,,2025-02-28T06:25:25.674959+00:00,2024-04-13T09:13:47.779218+00:00,3.0,0.0,,1.0,True,True,True,True,all4-early-fusion+ridge-only
760,656.0,0.9,656.0,656.0,matched,,2025-02-28T06:25:25.775762+00:00,2024-04-13T09:13:47.878664+00:00,3.0,0.11995553495477917,,1.0,True,True,True,True,all4-early-fusion+ridge-only
761,657.0,0.9,657.0,657.0,matched,,2025-02-28T06:25:25.874497+00:00,2024-04-13T09:13:47.981787+00:00,3.0,0.0,,1.0,True,True,True,True,all4-early-fusion+ridge-only
762,658.0,0.9,658.0,658.0,matched,,2025-02-28T06:25:25.974363+00:00,2024-04-13T09:13:48.084079+00:00,3.0,0.10842395061063348,,1.0,True,True,True,True,all4-early-fusion+ridge-only
763,659.0,0.9,659.0,659.0,matched,,2025-02-28T06:25:26.074547+00:00,2024-04-13T09:13:48.178694+00:00,3.0,0.0,,1.0,True,True,True,True,all4-early-fusion+ridge-only
764,660.0,0.9,660.0,660.0,matched,,2025-02-28T06:25:26.175384+00:00,2024-04-13T09:13:48.279108+00:00,3.0,0.3117391397542506,,1.0,True,True,True,True,all4-early-fusion+ridge-only
765,661.0,0.9,661.0,661.0,matched,,2025-02-28T06:25:26.276268+00:00,2024-04-13T09:13:48.378186+00:00,3.0,0.22878258145610975,,1.0,True,True,True,True,all4-early-fusion+ridge-only
766,662.0,0.9,662.0,662.0,matched,,2025-02-28T06:25:26.378406+00:00,2024-04-13T09:13:48.478602+00:00,3.0,0.23182424359517428,,1.0,True,True,True,True,all4-early-fusion+ridge-only
767,663.0,0.9,663.0,663.0,matched,,2025-02-28T06:25:26.479667+00:00,2024-04-13T09:13:48.582633+00:00,3.0,0.0,,1.0,True,True,True,True,all4-early-fusion+ridge-only
768,664.0,0.9,664.0,664.0,matched,,2025-02-28T06:25:26.574907+00:00,2024-04-13T09:13:48.678555+00:00,3.0,0.0,,1.0,True,True,True,True,all4-early-fusion+ridge-only
769,665.0,0.9,665.0,665.0,matched,,2025-02-28T06:25:26.675754+00:00,2024-04-13T09:13:48.777573+00:00,3.0,0.17158216941561255,,1.0,True,True,True,True,all4-early-fusion+ridge-only
770,666.0,0.9,666.0,666.0,matched,,2025-02-28T06:25:26.774331+00:00,2024-04-13T09:13:48.878114+00:00,3.0,0.2344892832042711,,1.0,True,True,True,True,all4-early-fusion+ridge-only
771,667.0,0.9,667.0,667.0,matched,,2025-02-28T06:25:26.876113+00:00,2024-04-13T09:13:48.978699+00:00,3.0,0.26089529933350075,,1.0,True,True,True,True,all4-early-fusion+ridge-only
772,668.0,0.9,668.0,668.0,matched,,2025-02-28T06:25:26.974521+00:00,2024-04-13T09:13:49.079209+00:00,3.0,0.2515614197772713,,1.0,True,True,True,True,all4-early-fusion+ridge-only
773,669.0,0.9,669.0,669.0,matched,,2025-02-28T06:25:27.077263+00:00,2024-04-13T09:13:49.178522+00:00,3.0,0.0,,1.0,True,True,True,True,all4-early-fusion+ridge-only
774,670.0,0.9,670.0,670.0,matched,,2025-02-28T06:25:27.181721+00:00,2024-04-13T09:13:49.277965+00:00,3.0,0.1439703725577135,,1.0,True,True,True,True,all4-early-fusion+ridge-only
775,671.0,0.9,671.0,671.0,matched,,2025-02-28T06:25:27.282206+00:00,2024-04-13T09:13:49.377484+00:00,3.0,0.0,,1.0,True,True,True,True,all4-early-fusion+ridge-only
776,672.0,0.9,672.0,672.0,matched,,2025-02-28T06:25:27.377179+00:00,2024-04-13T09:13:49.479800+00:00,3.0,0.030646112533144088,,1.0,True,True,True,True,all4-early-fusion+ridge-only
777,673.0,0.9,673.0,673.0,matched,,2025-02-28T06:25:27.475408+00:00,2024-04-13T09:13:49.579016+00:00,3.0,0.0,,1.0,True,True,True,True,all4-early-fusion+ridge-only
778,674.0,0.9,674.0,674.0,matched,,2025-02-28T06:25:27.576294+00:00,2024-04-13T09:13:49.682590+00:00,3.0,0.0,,1.0,True,True,True,True,all4-early-fusion+ridge-only
779,675.0,0.9,675.0,675.0,matched,,2025-02-28T06:25:27.674939+00:00,2024-04-13T09:13:49.782014+00:00,2.9919152610737614,0.0,,1.0,True,True,True,True,all4-early-fusion+ridge-only
780,676.0,0.9,676.0,676.0,matched,,2025-02-28T06:25:27.774204+00:00,2024-04-13T09:13:49.882277+00:00,2.991915261073761,0.0,,1.0,True,True,True,True,all4-early-fusion+ridge-only
781,677.0,0.9,677.0,677.0,matched,,2025-02-28T06:25:27.878282+00:00,2024-04-13T09:13:49.978069+00:00,2.978133518739852,0.0,,1.0,True,True,True,True,all4-early-fusion+ridge-only
782,678.0,0.9,678.0,678.0,matched,,2025-02-28T06:25:27.974748+00:00,2024-04-13T09:13:50.080571+00:00,2.978133518739852,0.0,,1.0,True,True,True,True,all4-early-fusion+ridge-only
783,679.0,0.9,679.0,679.0,matched,,2025-02-28T06:25:28.075393+00:00,2024-04-13T09:13:50.179964+00:00,2.978133518739852,0.043660464035460755,,1.0,True,True,True,True,all4-early-fusion+ridge-only
784,680.0,0.9,680.0,680.0,matched,,2025-02-28T06:25:28.174595+00:00,2024-04-13T09:13:50.278861+00:00,2.978133518739852,0.03379606538253199,,1.0,True,True,True,True,all4-early-fusion+ridge-only
785,681.0,0.9,681.0,681.0,matched,,2025-02-28T06:25:28.277129+00:00,2024-04-13T09:13:50.378262+00:00,2.978133518739852,0.0,,1.0,True,True,True,True,all4-early-fusion+ridge-only
786,682.0,0.9,682.0,682.0,matched,,2025-02-28T06:25:28.374188+00:00,2024-04-13T09:13:50.478975+00:00,2.978133518739852,-0.15159916567300336,,1.0,True,True,True,True,all4-early-fusion+ridge-only
787,683.0,0.9,683.0,683.0,matched,,2025-02-28T06:25:28.477551+00:00,2024-04-13T09:13:50.579514+00:00,2.9773002909505184,0.0,,1.0,True,True,True,True,all4-early-fusion+ridge-only
788,684.0,0.9,684.0,684.0,matched,,2025-02-28T06:25:28.582258+00:00,2024-04-13T09:13:50.682824+00:00,2.9773002909505184,0.29028834907254764,,1.0,True,True,True,True,all4-early-fusion+ridge-only
789,685.0,0.9,685.0,685.0,matched,,2025-02-28T06:25:28.675133+00:00,2024-04-13T09:13:50.784614+00:00,2.9773002909505184,0.0,,1.0,True,True,True,True,all4-early-fusion+ridge-only
790,686.0,0.9,686.0,686.0,matched,,2025-02-28T06:25:28.774687+00:00,2024-04-13T09:13:50.882532+00:00,2.985385029876757,0.03319530308200891,,1.0,True,True,True,True,all4-early-fusion+ridge-only
791,687.0,0.9,687.0,687.0,matched,,2025-02-28T06:25:28.878161+00:00,2024-04-13T09:13:50.982309+00:00,2.95767501285852,0.0,,1.0120481927710843,True,True,True,True,all4-early-fusion+ridge-only
792,688.0,0.9,688.0,688.0,matched,,2025-02-28T06:25:28.979188+00:00,2024-04-13T09:13:51.085432+00:00,2.9714567551924294,-0.009165505682668496,,1.0234263465282283,True,True,True,True,all4-early-fusion+ridge-only
793,689.0,0.9,689.0,689.0,matched,,2025-02-28T06:25:29.076291+00:00,2024-04-13T09:13:51.179061+00:00,2.9714567551924294,0.0,,1.0339960238568588,True,True,True,True,all4-early-fusion+ridge-only
794,690.0,0.9,690.0,690.0,matched,,2025-02-28T06:25:29.175784+00:00,2024-04-13T09:13:51.281116+00:00,2.9714567551924294,0.030453745286695977,,1.0436191762322755,True,True,True,True,all4-early-fusion+ridge-only
795,691.0,0.9,691.0,691.0,matched,,2025-02-28T06:25:29.274682+00:00,2024-04-13T09:13:51.379599+00:00,2.9714567551924294,0.0,,1.0521619766643788,True,True,True,True,all4-early-fusion+ridge-only
796,692.0,0.9,692.0,692.0,matched,,2025-02-28T06:25:29.375676+00:00,2024-04-13T09:13:51.481769+00:00,2.9714567551924294,-0.30481018720061037,,1.059498956158664,True,True,True,True,all4-early-fusion+ridge-only
797,693.0,0.9,693.0,693.0,matched,,2025-02-28T06:25:29.475976+00:00,2024-04-13T09:13:51.580012+00:00,2.9714567551924294,0.0,,1.0655172413793101,True,True,True,True,all4-early-fusion+ridge-only
798,694.0,0.9,694.0,694.0,matched,,2025-02-28T06:25:29.574572+00:00,2024-04-13T09:13:51.678344+00:00,2.972289982981763,0.20066219463537704,,1.0701206529453513,True,True,True,True,all4-early-fusion+ridge-only
799,695.0,0.9,695.0,695.0,matched,,2025-02-28T06:25:29.675356+00:00,2024-04-13T09:13:51.778356+00:00,2.972289982981763,0.10306368971174074,,1.0732334047109209,True,True,True,True,all4-early-fusion+ridge-only
800,696.0,0.9,696.0,697.0,ambiguous_range,,2025-02-28T06:25:29.774615+00:00,2024-04-13T09:13:51.878555+00:00,2.972289982981763,0.3199263447401486,,1.0748031496062993,True,True,True,True,all4-early-fusion+ridge-only
801,698.0,0.9,698.0,698.0,matched,,2025-02-28T06:25:29.876211+00:00,2024-04-13T09:13:52.081861+00:00,2.972289982981763,0.30077680708937926,,1.0732334047109209,True,True,True,True,all4-early-fusion+ridge-only
802,699.0,0.9,699.0,699.0,matched,,2025-02-28T06:25:29.975570+00:00,2024-04-13T09:13:52.180344+00:00,3.0,0.16441431639828785,,1.0701206529453513,True,True,True,True,all4-early-fusion+ridge-only
803,700.0,0.9,700.0,700.0,matched,,2025-02-28T06:25:30.074600+00:00,2024-04-13T09:13:52.278809+00:00,3.0,0.30899627817988673,,1.0655172413793101,True,True,True,True,all4-early-fusion+ridge-only
804,701.0,0.9,701.0,701.0,matched,,2025-02-28T06:25:30.175124+00:00,2024-04-13T09:13:52.378601+00:00,3.0,0.07383152967977624,,1.059498956158664,True,True,True,True,all4-early-fusion+ridge-only
805,702.0,0.9,702.0,702.0,matched,,2025-02-28T06:25:30.275180+00:00,2024-04-13T09:13:52.479071+00:00,3.0,0.1884691876818385,,1.0521619766643788,True,True,True,True,all4-early-fusion+ridge-only
806,703.0,0.9,703.0,703.0,matched,,2025-02-28T06:25:30.377997+00:00,2024-04-13T09:13:52.581035+00:00,3.0,0.0,,1.0436191762322753,True,True,True,True,all4-early-fusion+ridge-only
807,704.0,0.9,704.0,704.0,matched,,2025-02-28T06:25:30.477017+00:00,2024-04-13T09:13:52.683956+00:00,3.0,0.0,,1.0339960238568588,True,True,True,True,all4-early-fusion+ridge-only
808,705.0,0.9,705.0,705.0,matched,,2025-02-28T06:25:30.575338+00:00,2024-04-13T09:13:52.780262+00:00,3.0,0.0,,1.0234263465282283,True,True,True,True,all4-early-fusion+ridge-only
809,706.0,0.9,706.0,706.0,matched,,2025-02-28T06:25:30.675517+00:00,2024-04-13T09:13:52.880801+00:00,3.0,0.0,,1.0120481927710843,True,True,True,True,all4-early-fusion+ridge-only
810,707.0,0.9,707.0,707.0,matched,,2025-02-28T06:25:30.778793+00:00,2024-04-13T09:13:52.979471+00:00,3.0,0.1809288328253995,,1.0,True,True,True,True,all4-early-fusion+ridge-only
811,708.0,0.9,708.0,708.0,matched,,2025-02-28T06:25:30.874731+00:00,2024-04-13T09:13:53.081069+00:00,3.0,0.0,,1.0,True,True,True,True,all4-early-fusion+ridge-only
812,709.0,0.9,709.0,709.0,matched,,2025-02-28T06:25:30.977525+00:00,2024-04-13T09:13:53.181863+00:00,3.0,0.0,,1.0,True,True,True,True,all4-early-fusion+ridge-only
813,710.0,0.9,710.0,710.0,matched,,2025-02-28T06:25:31.078221+00:00,2024-04-13T09:13:53.278051+00:00,3.0,0.0,,1.0,True,True,True,True,all4-early-fusion+ridge-only
814,711.0,0.9,711.0,711.0,matched,,2025-02-28T06:25:31.181357+00:00,2024-04-13T09:13:53.382666+00:00,3.0,0.24004223679945946,,1.0,True,True,True,True,all4-early-fusion+ridge-only
815,712.0,0.9,712.0,712.0,matched,,2025-02-28T06:25:31.281606+00:00,2024-04-13T09:13:53.480145+00:00,2.9992154898048073,0.0,,1.0,True,True,True,True,all4-early-fusion+ridge-only
816,713.0,0.9,713.0,713.0,matched,,2025-02-28T06:25:31.377666+00:00,2024-04-13T09:13:53.577640+00:00,2.984364848784291,0.20823769714603824,,1.0,True,True,True,True,all4-early-fusion+ridge-only
817,714.0,0.9,714.0,714.0,matched,,2025-02-28T06:25:31.475239+00:00,2024-04-13T09:13:53.678184+00:00,2.959788867053416,0.2493067217959486,,1.0,True,True,True,True,all4-early-fusion+ridge-only
818,715.0,0.9,715.0,715.0,matched,,2025-02-28T06:25:31.578388+00:00,2024-04-13T09:13:53.777847+00:00,2.956381478254962,0.2444193149356435,,1.0,True,True,True,True,all4-early-fusion+ridge-only
819,716.0,0.9,716.0,716.0,matched,,2025-02-28T06:25:31.678244+00:00,2024-04-13T09:13:53.880091+00:00,2.956381478254962,0.10727229493954216,,1.0,True,True,True,True,all4-early-fusion+ridge-only
820,717.0,0.9,717.0,717.0,matched,,2025-02-28T06:25:31.776109+00:00,2024-04-13T09:13:53.979998+00:00,2.956381478254962,0.2714492560283652,,0.987012987012987,True,True,True,True,all4-early-fusion+ridge-only
821,718.0,0.9,718.0,718.0,matched,,2025-02-28T06:25:31.874448+00:00,2024-04-13T09:13:54.077983+00:00,2.956381478254962,-0.0673797178627007,,0.9753246753246754,True,True,True,True,all4-early-fusion+ridge-only
822,719.0,0.9,719.0,719.0,matched,,2025-02-28T06:25:31.981566+00:00,2024-04-13T09:13:54.178251+00:00,2.956381478254962,-0.09981814946017487,,0.964935064935065,True,True,True,True,all4-early-fusion+ridge-only
823,720.0,0.9,720.0,720.0,matched,,2025-02-28T06:25:32.076793+00:00,2024-04-13T09:13:54.278961+00:00,2.956381478254962,-0.010599606717677013,,0.9558441558441558,True,True,True,True,all4-early-fusion+ridge-only
824,721.0,0.9,721.0,721.0,matched,,2025-02-28T06:25:32.175378+00:00,2024-04-13T09:13:54.379791+00:00,2.956381478254962,0.11418642335091533,,0.948051948051948,True,True,True,True,all4-early-fusion+ridge-only
825,722.0,0.9,722.0,722.0,matched,,2025-02-28T06:25:32.275219+00:00,2024-04-13T09:13:54.478256+00:00,2.956381478254962,0.12639448845875512,,0.9415584415584416,True,True,True,True,all4-early-fusion+ridge-only
826,723.0,0.9,723.0,723.0,matched,,2025-02-28T06:25:32.374921+00:00,2024-04-13T09:13:54.577853+00:00,2.9571659884501544,0.02205268745967004,,0.9363636363636364,True,True,True,True,all4-early-fusion+ridge-only
827,724.0,0.9,724.0,724.0,matched,,2025-02-28T06:25:32.480341+00:00,2024-04-13T09:13:54.678494+00:00,2.9720166294706716,0.14345649501031588,,0.9324675324675324,True,True,True,True,all4-early-fusion+ridge-only
828,725.0,0.9,725.0,725.0,matched,,2025-02-28T06:25:32.579329+00:00,2024-04-13T09:13:54.777946+00:00,2.9814383407557172,0.04935487082239387,,0.9298701298701298,True,True,True,True,all4-early-fusion+ridge-only
829,726.0,0.9,726.0,726.0,matched,,2025-02-28T06:25:32.675850+00:00,2024-04-13T09:13:54.879397+00:00,2.9763478855650223,0.0791650012105718,,0.9285714285714286,True,True,True,True,all4-early-fusion+ridge-only
830,726.0,0.9,726.0,726.0,matched,,2025-02-28T06:25:32.777768+00:00,2024-04-13T09:13:54.879397+00:00,2.9763478855650223,0.0,,0.9285714285714286,True,True,True,True,all4-early-fusion+ridge-only
831,727.0,0.9,727.0,727.0,matched,,2025-02-28T06:25:32.876892+00:00,2024-04-13T09:13:54.978730+00:00,2.961466580213074,0.21658545713138366,,0.9298701298701298,True,True,True,True,all4-early-fusion+ridge-only
832,728.0,0.9,728.0,728.0,matched,,2025-02-28T06:25:32.974849+00:00,2024-04-13T09:13:55.079848+00:00,2.9370651322352725,0.2802082284748324,,0.9324675324675324,True,True,True,True,all4-early-fusion+ridge-only
833,729.0,0.9,729.0,729.0,matched,,2025-02-28T06:25:33.080270+00:00,2024-04-13T09:13:55.178045+00:00,2.9116476077286837,-0.16669697490412716,,0.9363636363636364,True,True,True,True,all4-early-fusion+ridge-only
834,730.0,0.9,730.0,730.0,matched,,2025-02-28T06:25:33.178395+00:00,2024-04-13T09:13:55.278413+00:00,2.8736823025353697,-0.09347628388062601,,0.9415584415584416,True,True,True,True,all4-early-fusion+ridge-only
835,731.0,0.9,731.0,731.0,matched,,2025-02-28T06:25:33.275683+00:00,2024-04-13T09:13:55.384027+00:00,2.8736823025353697,0.12496450408865245,,0.948051948051948,True,True,True,True,all4-early-fusion+ridge-only
836,732.0,0.9,732.0,732.0,matched,,2025-02-28T06:25:33.374534+00:00,2024-04-13T09:13:55.481012+00:00,2.8736823025353697,0.043486427721330934,,0.9558441558441558,True,True,True,True,all4-early-fusion+ridge-only
837,733.0,0.9,733.0,733.0,matched,,2025-02-28T06:25:33.475818+00:00,2024-04-13T09:13:55.581265+00:00,2.8618224546708513,0.12614219657182435,,0.964935064935065,True,True,True,True,all4-early-fusion+ridge-only
838,734.0,0.9,734.0,734.0,matched,,2025-02-28T06:25:33.580554+00:00,2024-04-13T09:13:55.678418+00:00,2.8252023660845773,0.18063991203677565,,0.9623376623376624,True,True,True,True,all4-early-fusion+ridge-only
839,735.0,0.9,735.0,735.0,matched,,2025-02-28T06:25:33.675798+00:00,2024-04-13T09:13:55.777636+00:00,2.7994765922810996,-0.058149701620942906,,0.9493506493506494,True,True,True,True,all4-early-fusion+ridge-only
840,736.0,0.9,736.0,736.0,matched,,2025-02-28T06:25:33.778143+00:00,2024-04-13T09:13:55.882747+00:00,2.772760907508437,0.3898303139941586,,0.9272727272727272,True,True,True,True,all4-early-fusion+ridge-only
841,737.0,0.9,737.0,737.0,matched,,2025-02-28T06:25:33.875618+00:00,2024-04-13T09:13:55.980075+00:00,2.7545767894755335,0.3780196669423721,,0.8831168831168831,True,True,True,True,all4-early-fusion+ridge-only
842,738.0,0.9,738.0,738.0,matched,,2025-02-28T06:25:33.974420+00:00,2024-04-13T09:13:56.079076+00:00,2.7646242453152334,-0.11248243977315342,,0.8311688311688312,True,True,True,True,all4-early-fusion+ridge-only
843,739.0,0.9,739.0,739.0,matched,,2025-02-28T06:25:34.075824+00:00,2024-04-13T09:13:56.182250+00:00,2.7890256932930355,-0.20894765633698587,,0.7727272727272727,True,True,True,True,all4-early-fusion+ridge-only
844,740.0,0.9,740.0,740.0,matched,,2025-02-28T06:25:34.174761+00:00,2024-04-13T09:13:56.281785+00:00,2.814443217799624,-0.2923158166735633,,0.7220779220779221,True,True,True,True,all4-early-fusion+ridge-only
845,741.0,0.9,741.0,741.0,matched,,2025-02-28T06:25:34.277109+00:00,2024-04-13T09:13:56.379551+00:00,2.852408522992938,-0.0914363147127304,,0.6792207792207792,True,True,True,True,all4-early-fusion+ridge-only
846,742.0,0.9,742.0,742.0,matched,,2025-02-28T06:25:34.375589+00:00,2024-04-13T09:13:56.478788+00:00,2.852408522992938,-0.20002529836194283,,0.6441558441558441,True,True,True,True,all4-early-fusion+ridge-only
847,743.0,0.9,743.0,743.0,matched,,2025-02-28T06:25:34.476453+00:00,2024-04-13T09:13:56.578419+00:00,2.852408522992938,-0.05317234463472875,,0.6168831168831169,True,True,True,True,all4-early-fusion+ridge-only
848,743.0,0.9,743.0,743.0,matched,,2025-02-28T06:25:34.575473+00:00,2024-04-13T09:13:56.578419+00:00,2.864268370857457,0.048981995806614886,,0.5974025974025974,True,True,True,True,all4-early-fusion+ridge-only
849,743.0,0.9,743.0,743.0,matched,,2025-02-28T06:25:34.675239+00:00,2024-04-13T09:13:56.578419+00:00,2.9008884594437307,0.13024102795531523,,0.5727272727272728,True,True,True,True,all4-early-fusion+ridge-only
850,743.0,0.9,743.0,743.0,matched,,2025-02-28T06:25:34.780125+00:00,2024-04-13T09:13:56.578419+00:00,2.941768503693038,0.11910733055806277,,0.5571428571428572,True,True,True,True,all4-early-fusion+ridge-only
851,743.0,0.9,743.0,743.0,matched,,2025-02-28T06:25:34.874644+00:00,2024-04-13T09:13:56.578419+00:00,2.9769820324548486,0.062309035634990906,,0.5506493506493506,True,True,True,True,all4-early-fusion+ridge-only
852,743.0,0.9,743.0,743.0,matched,,2025-02-28T06:25:34.974247+00:00,2024-04-13T09:13:56.578419+00:00,2.995166150487752,0.2518064214381428,,0.5532467532467532,True,True,True,True,all4-early-fusion+ridge-only
853,743.0,0.9,743.0,743.0,matched,,2025-02-28T06:25:35.078342+00:00,2024-04-13T09:13:56.578419+00:00,3.0,0.0,,0.564935064935065,True,True,True,True,all4-early-fusion+ridge-only
854,744.0,0.9,744.0,744.0,matched,,2025-02-28T06:25:35.178290+00:00,2024-04-13T09:13:56.681843+00:00,2.9832830995286836,0.1027260458986472,,0.5857142857142857,True,True,True,True,all4-early-fusion+ridge-only
855,745.0,0.9,745.0,745.0,matched,,2025-02-28T06:25:35.278713+00:00,2024-04-13T09:13:56.781968+00:00,2.9712342483111085,0.0,,0.6155844155844156,True,True,True,True,all4-early-fusion+ridge-only
856,746.0,0.9,746.0,746.0,matched,,2025-02-28T06:25:35.376475+00:00,2024-04-13T09:13:56.882025+00:00,2.958128178376495,0.0,,0.6545454545454545,True,True,True,True,all4-early-fusion+ridge-only
857,747.0,0.9,747.0,747.0,matched,,2025-02-28T06:25:35.475026+00:00,2024-04-13T09:13:56.979193+00:00,2.958128178376495,0.0,,0.7025974025974026,True,True,True,True,all4-early-fusion+ridge-only
858,748.0,0.9,748.0,748.0,matched,,2025-02-28T06:25:35.575839+00:00,2024-04-13T09:13:57.080694+00:00,2.917937506514495,0.0,,0.7673430564362713,True,True,True,True,all4-early-fusion+ridge-only
859,748.0,0.9,748.0,748.0,matched,,2025-02-28T06:25:35.680545+00:00,2024-04-13T09:13:57.080694+00:00,2.8173100414279975,-0.17017403364679096,,0.8284231018818948,True,True,True,True,all4-early-fusion+ridge-only
860,749.0,0.9,749.0,749.0,matched,,2025-02-28T06:25:35.775532+00:00,2024-04-13T09:13:57.183187+00:00,2.70058693399991,-0.13253736339333066,,0.88389662027833,True,True,True,True,all4-early-fusion+ridge-only
861,750.0,0.9,750.0,750.0,matched,,2025-02-28T06:25:35.875764+00:00,2024-04-13T09:13:57.284876+00:00,2.6007303861159947,-0.10181055498148028,,0.9317353139770426,True,True,True,True,all4-early-fusion+ridge-only
862,751.0,0.9,751.0,751.0,matched,,2025-02-28T06:25:35.975630+00:00,2024-04-13T09:13:57.377558+00:00,2.4840753862694225,0.21424090273627083,,0.969869595058339,True,True,True,True,all4-early-fusion+ridge-only
863,752.0,0.9,752.0,752.0,matched,,2025-02-28T06:25:36.075764+00:00,2024-04-13T09:13:57.478806+00:00,2.369414093790152,-0.3444652188507158,,0.9962421711899795,True,True,True,True,all4-early-fusion+ridge-only
864,753.0,0.9,753.0,753.0,matched,,2025-02-28T06:25:36.179720+00:00,2024-04-13T09:13:57.577755+00:00,2.3231356684944275,-0.9106688153621978,,1.0088669950738915,True,True,True,True,all4-early-fusion+ridge-only
865,754.0,0.9,754.0,754.0,matched,,2025-02-28T06:25:36.279215+00:00,2024-04-13T09:13:57.682578+00:00,2.2887952871722557,-1.1273106289023553,,1.0217175301632364,True,True,True,True,all4-early-fusion+ridge-only
866,755.0,0.9,755.0,755.0,matched,,2025-02-28T06:25:36.375922+00:00,2024-04-13T09:13:57.782256+00:00,2.2348831162190375,-0.9409785564885647,,1.0346895074946467,True,True,True,True,all4-early-fusion+ridge-only
867,757.0,0.9,756.0,757.0,ambiguous_range,,2025-02-28T06:25:36.474359+00:00,2024-04-13T09:13:57.982011+00:00,2.1995109393883783,-1.2832049983122937,,1.060558339298497,True,True,True,True,all4-early-fusion+ridge-only
868,758.0,0.9,758.0,758.0,matched,,2025-02-28T06:25:36.574608+00:00,2024-04-13T09:13:58.082267+00:00,2.177082327308167,-1.1438462186066407,,1.0732334047109209,True,True,True,True,all4-early-fusion+ridge-only
869,759.0,0.9,759.0,759.0,matched,,2025-02-28T06:25:36.674533+00:00,2024-04-13T09:13:58.178988+00:00,2.1936848220982084,-0.5090626782529726,,1.0701206529453513,True,True,True,True,all4-early-fusion+ridge-only
870,760.0,0.9,760.0,760.0,matched,,2025-02-28T06:25:36.774933+00:00,2024-04-13T09:13:58.277927+00:00,2.2943122871847055,-0.5616300997283692,,1.0655172413793101,True,True,True,True,all4-early-fusion+ridge-only
871,761.0,0.9,761.0,761.0,matched,,2025-02-28T06:25:36.874707+00:00,2024-04-13T09:13:58.377908+00:00,2.393513414343967,-0.7255712438787341,,1.059498956158664,True,True,True,True,all4-early-fusion+ridge-only
872,762.0,0.9,762.0,762.0,matched,,2025-02-28T06:25:36.974642+00:00,2024-04-13T09:13:58.479932+00:00,2.4663888579727993,-0.5332607144179935,,1.0521619766643788,True,True,True,True,all4-early-fusion+ridge-only
873,763.0,0.9,763.0,763.0,matched,,2025-02-28T06:25:37.077321+00:00,2024-04-13T09:13:58.586306+00:00,2.561880245226188,-0.16510382690581826,,1.0297096556380823,True,True,True,True,all4-early-fusion+ridge-only
874,764.0,0.9,764.0,764.0,matched,,2025-02-28T06:25:37.174359+00:00,2024-04-13T09:13:58.685086+00:00,2.673383247623155,-0.25946994779154453,,1.007952286282306,True,True,True,True,all4-early-fusion+ridge-only
875,765.0,0.9,765.0,765.0,matched,,2025-02-28T06:25:37.277825+00:00,2024-04-13T09:13:58.783695+00:00,2.71966167291888,0.0,,0.9870214146658013,True,True,True,True,all4-early-fusion+ridge-only
876,766.0,0.9,766.0,766.0,matched,,2025-02-28T06:25:37.376677+00:00,2024-04-13T09:13:58.881574+00:00,2.770718954712368,-0.19274178295708966,,0.9670259987317691,True,True,True,True,all4-early-fusion+ridge-only
877,767.0,0.9,767.0,767.0,matched,,2025-02-28T06:25:37.476556+00:00,2024-04-13T09:13:58.983711+00:00,2.8366799768831616,-0.29679214680590604,,0.948051948051948,True,True,True,True,all4-early-fusion+ridge-only
878,768.0,0.9,768.0,768.0,matched,,2025-02-28T06:25:37.576628+00:00,2024-04-13T09:13:59.087407+00:00,2.885158223648434,-0.23279973852502067,,0.9415584415584416,True,True,True,True,all4-early-fusion+ridge-only
879,769.0,0.9,769.0,769.0,matched,,2025-02-28T06:25:37.678359+00:00,2024-04-13T09:13:59.178562+00:00,2.9075868357286456,-0.03474119090533767,,0.9363636363636364,True,True,True,True,all4-early-fusion+ridge-only
880,770.0,0.9,770.0,770.0,matched,,2025-02-28T06:25:37.774469+00:00,2024-04-13T09:13:59.279260+00:00,2.931175012800604,0.0,,0.9324675324675324,True,True,True,True,all4-early-fusion+ridge-only
881,771.0,0.9,771.0,771.0,matched,,2025-02-28T06:25:37.874268+00:00,2024-04-13T09:13:59.378480+00:00,2.931175012800604,0.0,,0.9298701298701298,True,True,True,True,all4-early-fusion+ridge-only
882,772.0,0.9,772.0,772.0,matched,,2025-02-28T06:25:37.974874+00:00,2024-04-13T09:13:59.477911+00:00,2.9486969930694302,0.0,,0.9285714285714286,True,True,True,True,all4-early-fusion+ridge-only
883,772.0,0.9,772.0,772.0,matched,,2025-02-28T06:25:38.076368+00:00,2024-04-13T09:13:59.477911+00:00,2.9756780973245127,0.0,,0.9285714285714286,True,True,True,True,all4-early-fusion+ridge-only
884,773.0,0.9,773.0,773.0,matched,,2025-02-28T06:25:38.174805+00:00,2024-04-13T09:13:59.578119+00:00,2.9968417099176965,0.0,,0.9298701298701298,True,True,True,True,all4-early-fusion+ridge-only
885,774.0,0.9,774.0,774.0,matched,,2025-02-28T06:25:38.275938+00:00,2024-04-13T09:13:59.678375+00:00,3.0,0.0,,0.9324675324675324,True,True,True,True,all4-early-fusion+ridge-only
886,775.0,0.9,775.0,775.0,matched,,2025-02-28T06:25:38.375856+00:00,2024-04-13T09:13:59.777334+00:00,3.0,0.0,,0.9363636363636364,True,True,True,True,all4-early-fusion+ridge-only
887,776.0,0.9,776.0,776.0,matched,,2025-02-28T06:25:38.474707+00:00,2024-04-13T09:13:59.881999+00:00,3.0,0.0,,0.9415584415584416,True,True,True,True,all4-early-fusion+ridge-only
888,777.0,0.9,777.0,777.0,matched,,2025-02-28T06:25:38.578133+00:00,2024-04-13T09:13:59.977864+00:00,3.0,0.0,,0.948051948051948,True,True,True,True,all4-early-fusion+ridge-only
889,778.0,0.9,778.0,778.0,matched,,2025-02-28T06:25:38.677922+00:00,2024-04-13T09:14:00.079551+00:00,3.0,0.0,,0.9558441558441558,True,True,True,True,all4-early-fusion+ridge-only
890,779.0,0.9,779.0,779.0,matched,,2025-02-28T06:25:38.777511+00:00,2024-04-13T09:14:00.177808+00:00,3.0,0.0,,0.964935064935065,True,True,True,True,all4-early-fusion+ridge-only
891,780.0,0.9,780.0,780.0,matched,,2025-02-28T06:25:38.875661+00:00,2024-04-13T09:14:00.277890+00:00,3.0,0.0,,0.9753246753246754,True,True,True,True,all4-early-fusion+ridge-only
892,781.0,0.9,781.0,781.0,matched,,2025-02-28T06:25:38.978698+00:00,2024-04-13T09:14:00.379092+00:00,3.0,0.0,,0.987012987012987,True,True,True,True,all4-early-fusion+ridge-only
893,782.0,0.9,782.0,782.0,matched,,2025-02-28T06:25:39.076051+00:00,2024-04-13T09:14:00.485647+00:00,3.0,0.0,,1.0,True,True,True,True,all4-early-fusion+ridge-only
894,783.0,0.9,783.0,783.0,matched,,2025-02-28T06:25:39.174370+00:00,2024-04-13T09:14:00.577727+00:00,3.0,0.0,,1.0,True,True,True,True,all4-early-fusion+ridge-only
895,784.0,0.9,784.0,784.0,matched,,2025-02-28T06:25:39.278886+00:00,2024-04-13T09:14:00.678402+00:00,3.0,0.0,,1.0,True,True,True,True,all4-early-fusion+ridge-only
896,785.0,0.9,785.0,785.0,matched,,2025-02-28T06:25:39.375006+00:00,2024-04-13T09:14:00.777698+00:00,3.0,0.1046902514778747,,1.0,True,True,True,True,all4-early-fusion+ridge-only
897,786.0,0.9,786.0,786.0,matched,,2025-02-28T06:25:39.474442+00:00,2024-04-13T09:14:00.878845+00:00,3.0,0.0,,1.0,True,True,True,True,all4-early-fusion+ridge-only
898,787.0,0.9,787.0,787.0,matched,,2025-02-28T06:25:39.575958+00:00,2024-04-13T09:14:00.978238+00:00,3.0,0.10557813577296882,,1.0,True,True,True,True,all4-early-fusion+ridge-only
899,788.0,0.9,788.0,788.0,matched,,2025-02-28T06:25:39.674336+00:00,2024-04-13T09:14:01.077796+00:00,3.0,0.30132968786643444,,1.0,True,True,True,True,all4-early-fusion+ridge-only
900,789.0,0.9,789.0,789.0,matched,,2025-02-28T06:25:39.775769+00:00,2024-04-13T09:14:01.178256+00:00,3.0,0.2917008214788668,,1.0,True,True,True,True,all4-early-fusion+ridge-only
901,790.0,0.9,790.0,790.0,matched,,2025-02-28T06:25:39.875203+00:00,2024-04-13T09:14:01.280392+00:00,3.0,0.023376614137143203,,1.0,True,True,True,True,all4-early-fusion+ridge-only
902,791.0,0.9,791.0,791.0,matched,,2025-02-28T06:25:39.977952+00:00,2024-04-13T09:14:01.377710+00:00,3.0,0.0,,1.0,True,True,True,True,all4-early-fusion+ridge-only
903,792.0,0.9,792.0,792.0,matched,,2025-02-28T06:25:40.074660+00:00,2024-04-13T09:14:01.478625+00:00,3.0,0.0,,1.0,True,True,True,True,all4-early-fusion+ridge-only
904,793.0,0.9,793.0,793.0,matched,,2025-02-28T06:25:40.174229+00:00,2024-04-13T09:14:01.578153+00:00,3.0,0.0,,1.0,True,True,True,True,all4-early-fusion+ridge-only
905,794.0,0.9,794.0,794.0,matched,,2025-02-28T06:25:40.275131+00:00,2024-04-13T09:14:01.678338+00:00,3.0,0.0,,1.0,True,True,True,True,all4-early-fusion+ridge-only
906,795.0,0.9,795.0,795.0,matched,,2025-02-28T06:25:40.379985+00:00,2024-04-13T09:14:01.780212+00:00,3.0,0.0,,1.0,True,True,True,True,all4-early-fusion+ridge-only
907,796.0,0.9,796.0,796.0,matched,,2025-02-28T06:25:40.481185+00:00,2024-04-13T09:14:01.882023+00:00,3.0,0.10339930492719551,,1.0,True,True,True,True,all4-early-fusion+ridge-only
908,797.0,0.9,797.0,797.0,matched,,2025-02-28T06:25:40.579625+00:00,2024-04-13T09:14:01.980170+00:00,3.0,0.2170495305242981,,1.0,True,True,True,True,all4-early-fusion+ridge-only
909,798.0,0.9,798.0,798.0,matched,,2025-02-28T06:25:40.677923+00:00,2024-04-13T09:14:02.080697+00:00,3.0,0.0,,1.0,True,True,True,True,all4-early-fusion+ridge-only
910,799.0,0.9,799.0,799.0,matched,,2025-02-28T06:25:40.775483+00:00,2024-04-13T09:14:02.182893+00:00,3.0,0.0,,1.0,True,True,True,True,all4-early-fusion+ridge-only
911,800.0,0.9,800.0,800.0,matched,,2025-02-28T06:25:40.874605+00:00,2024-04-13T09:14:02.281218+00:00,3.0,0.0,,1.0,True,True,True,True,all4-early-fusion+ridge-only
912,801.0,0.9,801.0,801.0,matched,,2025-02-28T06:25:40.975945+00:00,2024-04-13T09:14:02.380774+00:00,3.0,0.0,,1.0,True,True,True,True,all4-early-fusion+ridge-only
913,802.0,0.9,802.0,802.0,matched,,2025-02-28T06:25:41.077651+00:00,2024-04-13T09:14:02.483576+00:00,3.0,0.22935470958771642,,1.0,True,True,True,True,all4-early-fusion+ridge-only
914,803.0,0.9,803.0,803.0,matched,,2025-02-28T06:25:41.175449+00:00,2024-04-13T09:14:02.578677+00:00,3.0,0.0,,1.0,True,True,True,True,all4-early-fusion+ridge-only
915,804.0,0.9,804.0,804.0,matched,,2025-02-28T06:25:41.274863+00:00,2024-04-13T09:14:02.679343+00:00,3.0,0.0,,1.0,True,True,True,True,all4-early-fusion+ridge-only
916,805.0,0.9,805.0,805.0,matched,,2025-02-28T06:25:41.380441+00:00,2024-04-13T09:14:02.782970+00:00,3.0,0.0,,1.0,True,True,True,True,all4-early-fusion+ridge-only
917,806.0,0.9,806.0,806.0,matched,,2025-02-28T06:25:41.481527+00:00,2024-04-13T09:14:02.880874+00:00,3.0,0.16195119958544035,,1.0,True,True,True,True,all4-early-fusion+ridge-only
918,807.0,0.9,807.0,807.0,matched,,2025-02-28T06:25:41.578091+00:00,2024-04-13T09:14:02.984568+00:00,3.0,0.06782392311751595,,1.0120481927710843,True,True,True,True,all4-early-fusion+ridge-only
919,808.0,0.9,808.0,808.0,matched,,2025-02-28T06:25:41.675925+00:00,2024-04-13T09:14:03.079638+00:00,3.0,0.3149049823006962,,1.0234263465282283,True,True,True,True,all4-early-fusion+ridge-only
920,809.0,0.9,809.0,809.0,matched,,2025-02-28T06:25:41.775234+00:00,2024-04-13T09:14:03.182822+00:00,2.9937791547839825,0.0,,1.0339960238568588,True,True,True,True,all4-early-fusion+ridge-only
921,810.0,0.9,810.0,810.0,matched,,2025-02-28T06:25:41.874355+00:00,2024-04-13T09:14:03.278172+00:00,2.993779154783982,0.015711011282760534,,1.0436191762322755,True,True,True,True,all4-early-fusion+ridge-only
922,811.0,0.9,811.0,811.0,matched,,2025-02-28T06:25:41.974320+00:00,2024-04-13T09:14:03.379756+00:00,2.993779154783982,0.06362934968991762,,1.0521619766643788,True,True,True,True,all4-early-fusion+ridge-only
923,812.0,0.9,812.0,812.0,matched,,2025-02-28T06:25:42.074469+00:00,2024-04-13T09:14:03.477949+00:00,2.993779154783982,0.09073394101920096,,1.059498956158664,True,True,True,True,all4-early-fusion+ridge-only
924,813.0,0.9,813.0,813.0,matched,,2025-02-28T06:25:42.174730+00:00,2024-04-13T09:14:03.577822+00:00,2.956291575867485,0.0,,1.0655172413793101,True,True,True,True,all4-early-fusion+ridge-only
925,814.0,0.9,814.0,814.0,matched,,2025-02-28T06:25:42.274708+00:00,2024-04-13T09:14:03.684006+00:00,2.956291575867485,0.13883814929609928,,1.0701206529453513,True,True,True,True,all4-early-fusion+ridge-only
926,815.0,0.9,815.0,815.0,matched,,2025-02-28T06:25:42.376329+00:00,2024-04-13T09:14:03.781197+00:00,2.956291575867485,0.0,,1.0732334047109209,True,True,True,True,all4-early-fusion+ridge-only
927,816.0,0.9,816.0,817.0,ambiguous_range,,2025-02-28T06:25:42.475538+00:00,2024-04-13T09:14:03.878655+00:00,2.9537220703898073,0.0,,1.089403973509934,True,True,True,True,all4-early-fusion+ridge-only
928,818.0,0.9,818.0,818.0,matched,,2025-02-28T06:25:42.574258+00:00,2024-04-13T09:14:04.081321+00:00,2.953722070389807,0.0,,1.1016859852476288,True,True,True,True,all4-early-fusion+ridge-only
929,819.0,0.9,819.0,819.0,matched,,2025-02-28T06:25:42.675197+00:00,2024-04-13T09:14:04.184205+00:00,2.953722070389807,-0.412363368081468,,1.1112727829682951,True,True,True,True,all4-early-fusion+ridge-only
930,820.0,0.9,820.0,820.0,matched,,2025-02-28T06:25:42.774283+00:00,2024-04-13T09:14:04.278200+00:00,2.953722070389807,0.0,,1.132467739365939,True,True,True,True,all4-early-fusion+ridge-only
931,821.0,0.9,821.0,821.0,matched,,2025-02-28T06:25:42.875531+00:00,2024-04-13T09:14:04.377831+00:00,2.959942915605825,0.031562257369541324,,1.1503536765915447,True,True,True,True,all4-early-fusion+ridge-only
932,822.0,0.9,822.0,822.0,matched,,2025-02-28T06:25:42.975281+00:00,2024-04-13T09:14:04.478101+00:00,2.959942915605825,-0.028264560254459337,,1.1641112047177757,True,True,True,True,all4-early-fusion+ridge-only
933,823.0,0.9,823.0,823.0,matched,,2025-02-28T06:25:43.085551+00:00,2024-04-13T09:14:04.579302+00:00,2.959942915605825,0.0,,1.1730538922155687,True,True,True,True,all4-early-fusion+ridge-only
934,824.0,0.9,824.0,824.0,matched,,2025-02-28T06:25:43.181059+00:00,2024-04-13T09:14:04.681243+00:00,2.959942915605825,0.0,,1.1767085556894474,True,True,True,True,all4-early-fusion+ridge-only
935,825.0,0.9,825.0,825.0,matched,,2025-02-28T06:25:43.277910+00:00,2024-04-13T09:14:04.778572+00:00,2.9974304945223222,0.0,,1.1748755792002745,True,True,True,True,all4-early-fusion+ridge-only
936,826.0,0.9,826.0,827.0,ambiguous_range,,2025-02-28T06:25:43.377750+00:00,2024-04-13T09:14:04.878343+00:00,2.9974304945223222,0.0,,1.1554356846473028,True,True,True,True,all4-early-fusion+ridge-only
937,828.0,0.9,828.0,828.0,matched,,2025-02-28T06:25:43.480817+00:00,2024-04-13T09:14:05.078042+00:00,2.9974304945223222,0.0,,1.1573426573426573,True,True,True,True,all4-early-fusion+ridge-only
938,829.0,0.9,829.0,830.0,ambiguous_range,,2025-02-28T06:25:43.578761+00:00,2024-04-13T09:14:05.177819+00:00,3.0,0.0,,1.1676555348364128,True,True,True,True,all4-early-fusion+ridge-only
939,831.0,0.9,831.0,831.0,matched,,2025-02-28T06:25:43.675704+00:00,2024-04-13T09:14:05.381793+00:00,3.0,0.1428959071419107,,1.1748755792002745,True,True,True,True,all4-early-fusion+ridge-only
940,832.0,0.9,832.0,832.0,matched,,2025-02-28T06:25:43.776156+00:00,2024-04-13T09:14:05.480705+00:00,3.0,0.25446338528796275,,1.1767085556894474,True,True,True,True,all4-early-fusion+ridge-only
941,833.0,0.9,833.0,833.0,matched,,2025-02-28T06:25:43.877920+00:00,2024-04-13T09:14:05.581839+00:00,3.0,0.03315839977009993,,1.1730538922155687,True,True,True,True,all4-early-fusion+ridge-only
942,834.0,0.9,834.0,834.0,matched,,2025-02-28T06:25:43.983782+00:00,2024-04-13T09:14:05.684069+00:00,3.0,0.16182647927195992,,1.1812500000000001,True,True,True,True,all4-early-fusion+ridge-only
943,835.0,0.9,835.0,835.0,matched,,2025-02-28T06:25:44.075469+00:00,2024-04-13T09:14:05.778773+00:00,3.0,0.3585944923355604,,1.1829183353647919,True,True,True,True,all4-early-fusion+ridge-only
944,836.0,0.9,836.0,836.0,matched,,2025-02-28T06:25:44.175468+00:00,2024-04-13T09:14:05.880118+00:00,3.0,0.24800357530800277,,1.177942699344149,True,True,True,True,all4-early-fusion+ridge-only
945,837.0,0.9,837.0,837.0,matched,,2025-02-28T06:25:44.274980+00:00,2024-04-13T09:14:05.977428+00:00,3.0,0.16504272072791748,,1.1666666666666667,True,True,True,True,all4-early-fusion+ridge-only
946,838.0,0.9,838.0,838.0,matched,,2025-02-28T06:25:44.374928+00:00,2024-04-13T09:14:06.077533+00:00,3.0,0.0,,1.1666666666666667,True,True,True,True,all4-early-fusion+ridge-only
947,839.0,0.9,839.0,840.0,ambiguous_range,,2025-02-28T06:25:44.477933+00:00,2024-04-13T09:14:06.182145+00:00,3.0,0.0,,1.151111111111111,True,True,True,True,all4-early-fusion+ridge-only
948,841.0,0.9,841.0,841.0,matched,,2025-02-28T06:25:44.574394+00:00,2024-04-13T09:14:06.381210+00:00,3.0,0.0,,1.1548782507868147,True,True,True,True,all4-early-fusion+ridge-only
949,842.0,0.9,842.0,842.0,matched,,2025-02-28T06:25:44.674441+00:00,2024-04-13T09:14:06.478100+00:00,3.0,0.19749794226521855,,1.1548782507868147,True,True,True,True,all4-early-fusion+ridge-only
950,843.0,0.9,843.0,844.0,ambiguous_range,,2025-02-28T06:25:44.775366+00:00,2024-04-13T09:14:06.586996+00:00,3.0,0.0,,1.1437164688668509,True,True,True,True,all4-early-fusion+ridge-only
951,845.0,0.9,845.0,845.0,matched,,2025-02-28T06:25:44.874640+00:00,2024-04-13T09:14:06.777668+00:00,3.0,0.03784006138754359,,1.1329608938547484,True,True,True,True,all4-early-fusion+ridge-only
952,846.0,0.9,846.0,846.0,matched,,2025-02-28T06:25:44.974697+00:00,2024-04-13T09:14:06.880968+00:00,3.0,0.0,,1.1192145862552596,True,True,True,True,all4-early-fusion+ridge-only
953,847.0,0.9,847.0,847.0,matched,,2025-02-28T06:25:45.074677+00:00,2024-04-13T09:14:06.979584+00:00,3.0,0.2145036444567996,,1.1029211442409566,True,True,True,True,all4-early-fusion+ridge-only
954,848.0,0.9,848.0,848.0,matched,,2025-02-28T06:25:45.181869+00:00,2024-04-13T09:14:07.081720+00:00,3.0,0.0,,1.084564740307242,True,True,True,True,all4-early-fusion+ridge-only
955,849.0,0.9,849.0,849.0,matched,,2025-02-28T06:25:45.278375+00:00,2024-04-13T09:14:07.177713+00:00,3.0,0.16358079275141746,,1.064638783269962,True,True,True,True,all4-early-fusion+ridge-only
956,850.0,0.9,850.0,850.0,matched,,2025-02-28T06:25:45.376669+00:00,2024-04-13T09:14:07.277874+00:00,3.0,0.0,,1.0436191762322753,True,True,True,True,all4-early-fusion+ridge-only
957,851.0,0.9,851.0,851.0,matched,,2025-02-28T06:25:45.479279+00:00,2024-04-13T09:14:07.377774+00:00,3.0,0.0,,1.0339960238568588,True,True,True,True,all4-early-fusion+ridge-only
958,852.0,0.9,852.0,852.0,matched,,2025-02-28T06:25:45.575628+00:00,2024-04-13T09:14:07.478010+00:00,3.0,0.0,,1.0234263465282283,True,True,True,True,all4-early-fusion+ridge-only
959,853.0,0.9,853.0,853.0,matched,,2025-02-28T06:25:45.675824+00:00,2024-04-13T09:14:07.583492+00:00,3.0,0.0,,1.0120481927710843,True,True,True,True,all4-early-fusion+ridge-only
960,854.0,0.9,854.0,854.0,matched,,2025-02-28T06:25:45.775078+00:00,2024-04-13T09:14:07.678546+00:00,3.0,0.0,,1.0,True,True,True,True,all4-early-fusion+ridge-only
961,855.0,0.9,855.0,855.0,matched,,2025-02-28T06:25:45.875037+00:00,2024-04-13T09:14:07.780022+00:00,3.0,0.0,,1.0,True,True,True,True,all4-early-fusion+ridge-only
962,856.0,0.9,856.0,856.0,matched,,2025-02-28T06:25:45.979453+00:00,2024-04-13T09:14:07.884560+00:00,3.0,0.0,,1.0,True,True,True,True,all4-early-fusion+ridge-only
963,857.0,0.9,857.0,857.0,matched,,2025-02-28T06:25:46.076735+00:00,2024-04-13T09:14:07.978095+00:00,3.0,0.0,,1.0,True,True,True,True,all4-early-fusion+ridge-only
964,858.0,0.9,858.0,858.0,matched,,2025-02-28T06:25:46.180603+00:00,2024-04-13T09:14:08.078969+00:00,3.0,0.0,,1.0,True,True,True,True,all4-early-fusion+ridge-only
965,859.0,0.9,859.0,859.0,matched,,2025-02-28T06:25:46.275929+00:00,2024-04-13T09:14:08.183279+00:00,3.0,0.0,,1.0120481927710843,True,True,True,True,all4-early-fusion+ridge-only
966,860.0,0.9,860.0,860.0,matched,,2025-02-28T06:25:46.374598+00:00,2024-04-13T09:14:08.280832+00:00,3.0,0.0,,1.0234263465282283,True,True,True,True,all4-early-fusion+ridge-only
967,861.0,0.9,861.0,861.0,matched,,2025-02-28T06:25:46.475824+00:00,2024-04-13T09:14:08.379705+00:00,3.0,0.0,,1.0339960238568588,True,True,True,True,all4-early-fusion+ridge-only
968,862.0,0.9,862.0,862.0,matched,,2025-02-28T06:25:46.575696+00:00,2024-04-13T09:14:08.482136+00:00,3.0,0.04842870135678812,,1.0436191762322755,True,True,True,True,all4-early-fusion+ridge-only
969,863.0,0.9,863.0,863.0,matched,,2025-02-28T06:25:46.674663+00:00,2024-04-13T09:14:08.579140+00:00,3.0,0.08141373701300214,,1.0521619766643788,True,True,True,True,all4-early-fusion+ridge-only
970,864.0,0.9,864.0,864.0,matched,,2025-02-28T06:25:46.777004+00:00,2024-04-13T09:14:08.682190+00:00,3.0,0.04677341256341139,,1.059498956158664,True,True,True,True,all4-early-fusion+ridge-only
971,865.0,0.9,865.0,865.0,matched,,2025-02-28T06:25:46.880323+00:00,2024-04-13T09:14:08.777993+00:00,3.0,0.0,,1.0655172413793101,True,True,True,True,all4-early-fusion+ridge-only
972,866.0,0.9,866.0,866.0,matched,,2025-02-28T06:25:46.974166+00:00,2024-04-13T09:14:08.883039+00:00,3.0,0.12438155688030417,,1.0701206529453513,True,True,True,True,all4-early-fusion+ridge-only
973,867.0,0.9,867.0,867.0,matched,,2025-02-28T06:25:47.077069+00:00,2024-04-13T09:14:08.978118+00:00,3.0,0.23861129201571663,,1.0732334047109209,True,True,True,True,all4-early-fusion+ridge-only
974,868.0,0.9,868.0,869.0,ambiguous_range,,2025-02-28T06:25:47.174736+00:00,2024-04-13T09:14:09.077925+00:00,3.0,0.0901241863447444,,1.0748031496062993,True,True,True,True,all4-early-fusion+ridge-only
975,870.0,0.9,870.0,870.0,matched,,2025-02-28T06:25:47.281795+00:00,2024-04-13T09:14:09.281072+00:00,3.0,0.28232235862529276,,1.0732334047109209,True,True,True,True,all4-early-fusion+ridge-only
976,871.0,0.9,871.0,871.0,matched,,2025-02-28T06:25:47.375186+00:00,2024-04-13T09:14:09.379215+00:00,3.0,0.06335295956329201,,1.0701206529453513,True,True,True,True,all4-early-fusion+ridge-only
977,872.0,0.9,872.0,872.0,matched,,2025-02-28T06:25:47.478663+00:00,2024-04-13T09:14:09.479431+00:00,3.0,0.31474150335996054,,1.0655172413793101,True,True,True,True,all4-early-fusion+ridge-only
978,873.0,0.9,873.0,873.0,matched,,2025-02-28T06:25:47.578796+00:00,2024-04-13T09:14:09.578793+00:00,3.0,0.0,,1.059498956158664,True,True,True,True,all4-early-fusion+ridge-only
979,874.0,0.9,874.0,874.0,matched,,2025-02-28T06:25:47.675400+00:00,2024-04-13T09:14:09.679864+00:00,3.0,0.21083199256390017,,1.0521619766643788,True,True,True,True,all4-early-fusion+ridge-only
980,875.0,0.9,875.0,875.0,matched,,2025-02-28T06:25:47.774356+00:00,2024-04-13T09:14:09.787775+00:00,3.0,0.13668960078914072,,1.0574282147315854,True,True,True,True,all4-early-fusion+ridge-only
981,876.0,0.9,876.0,876.0,matched,,2025-02-28T06:25:47.875723+00:00,2024-04-13T09:14:09.878517+00:00,3.0,0.0,,1.0601031934179332,True,True,True,True,all4-early-fusion+ridge-only
982,877.0,0.9,877.0,877.0,matched,,2025-02-28T06:25:47.975079+00:00,2024-04-13T09:14:09.979134+00:00,3.0,0.0,,1.0601031934179332,True,True,True,True,all4-early-fusion+ridge-only
983,878.0,0.9,878.0,878.0,matched,,2025-02-28T06:25:48.076488+00:00,2024-04-13T09:14:10.081859+00:00,3.0,0.30015101216084084,,1.0574282147315854,True,True,True,True,all4-early-fusion+ridge-only
984,879.0,0.9,879.0,879.0,matched,,2025-02-28T06:25:48.176756+00:00,2024-04-13T09:14:10.182667+00:00,3.0,0.0,,1.0521619766643788,True,True,True,True,all4-early-fusion+ridge-only
985,880.0,0.9,880.0,880.0,matched,,2025-02-28T06:25:48.274870+00:00,2024-04-13T09:14:10.278006+00:00,3.0,0.17334995352403526,,1.059498956158664,True,True,True,True,all4-early-fusion+ridge-only
986,881.0,0.9,881.0,881.0,matched,,2025-02-28T06:25:48.374636+00:00,2024-04-13T09:14:10.382195+00:00,3.0,0.24831770299151845,,1.0655172413793101,True,True,True,True,all4-early-fusion+ridge-only
987,882.0,0.9,882.0,882.0,matched,,2025-02-28T06:25:48.479545+00:00,2024-04-13T09:14:10.478738+00:00,3.0,0.3258708054177508,,1.0701206529453513,True,True,True,True,all4-early-fusion+ridge-only
988,883.0,0.9,883.0,883.0,matched,,2025-02-28T06:25:48.574629+00:00,2024-04-13T09:14:10.577480+00:00,3.0,0.4526572729539784,,1.0732334047109209,True,True,True,True,all4-early-fusion+ridge-only
989,884.0,0.9,884.0,885.0,ambiguous_range,,2025-02-28T06:25:48.678733+00:00,2024-04-13T09:14:10.677395+00:00,3.0,0.5954002149938917,,1.089403973509934,True,True,True,True,all4-early-fusion+ridge-only
990,886.0,0.9,886.0,886.0,matched,,2025-02-28T06:25:48.777420+00:00,2024-04-13T09:14:10.881069+00:00,3.0,0.016589988686758872,,1.1016859852476288,True,True,True,True,all4-early-fusion+ridge-only
991,887.0,0.9,887.0,887.0,matched,,2025-02-28T06:25:48.875585+00:00,2024-04-13T09:14:10.978532+00:00,3.0,0.0,,1.1112727829682951,True,True,True,True,all4-early-fusion+ridge-only
992,888.0,0.9,888.0,888.0,matched,,2025-02-28T06:25:48.974751+00:00,2024-04-13T09:14:11.078859+00:00,3.0,0.4561822048033135,,1.1178521617852162,True,True,True,True,all4-early-fusion+ridge-only
993,889.0,0.9,889.0,889.0,matched,,2025-02-28T06:25:49.081402+00:00,2024-04-13T09:14:11.178845+00:00,3.0,0.22403981388268646,,1.1212003117692908,True,True,True,True,all4-early-fusion+ridge-only
994,890.0,0.9,890.0,890.0,matched,,2025-02-28T06:25:49.179163+00:00,2024-04-13T09:14:11.280036+00:00,3.0,0.20038458586009034,,1.1212003117692908,True,True,True,True,all4-early-fusion+ridge-only
995,891.0,0.9,891.0,891.0,matched,,2025-02-28T06:25:49.274708+00:00,2024-04-13T09:14:11.383494+00:00,3.0,0.0,,1.117852161785216,True,True,True,True,all4-early-fusion+ridge-only
996,892.0,0.9,892.0,892.0,matched,,2025-02-28T06:25:49.374559+00:00,2024-04-13T09:14:11.478084+00:00,3.0,0.0706967307848636,,1.1112727829682951,True,True,True,True,all4-early-fusion+ridge-only
997,893.0,0.9,893.0,893.0,matched,,2025-02-28T06:25:49.478350+00:00,2024-04-13T09:14:11.582149+00:00,3.0,0.025144951938091076,,1.1016859852476288,True,True,True,True,all4-early-fusion+ridge-only
998,894.0,0.9,894.0,895.0,ambiguous_range,,2025-02-28T06:25:49.574929+00:00,2024-04-13T09:14:11.684519+00:00,3.0,0.0,,1.089403973509934,True,True,True,True,all4-early-fusion+ridge-only
999,896.0,0.9,896.0,896.0,matched,,2025-02-28T06:25:49.674802+00:00,2024-04-13T09:14:11.886059+00:00,3.0,0.22408910848774966,,1.1016859852476288,True,True,True,True,all4-early-fusion+ridge-only
1000,897.0,0.9,897.0,897.0,matched,,2025-02-28T06:25:49.775182+00:00,2024-04-13T09:14:11.981153+00:00,3.0,0.0,,1.1112727829682951,True,True,True,True,all4-early-fusion+ridge-only
1001,898.0,0.9,898.0,898.0,matched,,2025-02-28T06:25:49.878548+00:00,2024-04-13T09:14:12.078230+00:00,3.0,0.37977051820213914,,1.1178521617852162,True,True,True,True,all4-early-fusion+ridge-only
1002,899.0,0.9,899.0,899.0,matched,,2025-02-28T06:25:49.975382+00:00,2024-04-13T09:14:12.193019+00:00,3.0,0.141895002542904,,1.1212003117692908,True,True,True,True,all4-early-fusion+ridge-only
1003,900.0,0.9,900.0,900.0,matched,,2025-02-28T06:25:50.075382+00:00,2024-04-13T09:14:12.280178+00:00,3.0,0.0,,1.1212003117692908,True,True,True,True,all4-early-fusion+ridge-only
1004,901.0,0.9,901.0,901.0,matched,,2025-02-28T06:25:50.180015+00:00,2024-04-13T09:14:12.380205+00:00,3.0,0.0,,1.117852161785216,True,True,True,True,all4-early-fusion+ridge-only
1005,902.0,0.9,902.0,902.0,matched,,2025-02-28T06:25:50.277637+00:00,2024-04-13T09:14:12.478743+00:00,3.0,0.18423421021548725,,1.1112727829682951,True,True,True,True,all4-early-fusion+ridge-only
1006,903.0,0.9,903.0,903.0,matched,,2025-02-28T06:25:50.376933+00:00,2024-04-13T09:14:12.579578+00:00,3.0,0.30164952125631617,,1.1016859852476288,True,True,True,True,all4-early-fusion+ridge-only
1007,904.0,0.9,904.0,905.0,ambiguous_range,,2025-02-28T06:25:50.475243+00:00,2024-04-13T09:14:12.679683+00:00,3.0,0.03855926312211411,,1.0748031496062993,True,True,True,True,all4-early-fusion+ridge-only
1008,906.0,0.9,906.0,906.0,matched,,2025-02-28T06:25:50.580146+00:00,2024-04-13T09:14:12.878736+00:00,3.0,0.0,,1.0732334047109209,True,True,True,True,all4-early-fusion+ridge-only
1009,907.0,0.9,907.0,907.0,matched,,2025-02-28T06:25:50.680095+00:00,2024-04-13T09:14:12.980697+00:00,3.0,0.0,,1.0847803881511746,True,True,True,True,all4-early-fusion+ridge-only
1010,908.0,0.9,908.0,908.0,matched,,2025-02-28T06:25:50.779319+00:00,2024-04-13T09:14:13.077472+00:00,3.0,0.0,,1.0937824603056832,True,True,True,True,all4-early-fusion+ridge-only
1011,909.0,0.9,909.0,909.0,matched,,2025-02-28T06:25:50.874758+00:00,2024-04-13T09:14:13.177963+00:00,3.0,0.0,,1.09995497523638,True,True,True,True,all4-early-fusion+ridge-only
1012,910.0,0.9,910.0,910.0,matched,,2025-02-28T06:25:50.979831+00:00,2024-04-13T09:14:13.281905+00:00,3.0,0.0,,1.1172638436482085,True,True,True,True,all4-early-fusion+ridge-only
1013,911.0,0.9,911.0,911.0,matched,,2025-02-28T06:25:51.080287+00:00,2024-04-13T09:14:13.378149+00:00,3.0,0.0,,1.1310262529832935,True,True,True,True,all4-early-fusion+ridge-only
1014,912.0,0.9,912.0,912.0,matched,,2025-02-28T06:25:51.178657+00:00,2024-04-13T09:14:13.482630+00:00,3.0,0.1294135712429152,,1.1406022340942203,True,True,True,True,all4-early-fusion+ridge-only
1015,913.0,0.9,913.0,913.0,matched,,2025-02-28T06:25:51.275871+00:00,2024-04-13T09:14:13.577401+00:00,3.0,0.09225784809034598,,1.145516903478687,True,True,True,True,all4-early-fusion+ridge-only
1016,914.0,0.9,914.0,914.0,matched,,2025-02-28T06:25:51.374150+00:00,2024-04-13T09:14:13.677937+00:00,3.0,0.0,,1.145516903478687,True,True,True,True,all4-early-fusion+ridge-only
1017,915.0,0.9,915.0,915.0,matched,,2025-02-28T06:25:51.475687+00:00,2024-04-13T09:14:13.778055+00:00,3.0,0.0,,1.1406022340942206,True,True,True,True,all4-early-fusion+ridge-only
1018,916.0,0.9,916.0,917.0,ambiguous_range,,2025-02-28T06:25:51.577044+00:00,2024-04-13T09:14:13.878216+00:00,3.0,0.0,,1.1554356846473028,True,True,True,True,all4-early-fusion+ridge-only
1019,918.0,0.9,918.0,918.0,matched,,2025-02-28T06:25:51.675580+00:00,2024-04-13T09:14:14.077322+00:00,3.0,0.0,,1.1573426573426573,True,True,True,True,all4-early-fusion+ridge-only
1020,919.0,0.9,919.0,920.0,ambiguous_range,,2025-02-28T06:25:51.777117+00:00,2024-04-13T09:14:14.179664+00:00,3.0,0.0,,1.149786254521539,True,True,True,True,all4-early-fusion+ridge-only
1021,921.0,0.9,921.0,921.0,matched,,2025-02-28T06:25:51.874429+00:00,2024-04-13T09:14:14.377872+00:00,3.0,0.0,,1.1582943925233644,True,True,True,True,all4-early-fusion+ridge-only
1022,922.0,0.9,922.0,922.0,matched,,2025-02-28T06:25:51.975302+00:00,2024-04-13T09:14:14.482746+00:00,3.0,0.0,,1.1617696440564138,True,True,True,True,all4-early-fusion+ridge-only
1023,923.0,0.9,923.0,923.0,matched,,2025-02-28T06:25:52.079027+00:00,2024-04-13T09:14:14.581706+00:00,3.0,0.18814765831743197,,1.1600267827251423,True,True,True,True,all4-early-fusion+ridge-only
1024,924.0,0.9,924.0,924.0,matched,,2025-02-28T06:25:52.180443+00:00,2024-04-13T09:14:14.681341+00:00,3.0,0.10220992873432433,,1.1694482288828336,True,True,True,True,all4-early-fusion+ridge-only
1025,925.0,0.9,925.0,925.0,matched,,2025-02-28T06:25:52.275680+00:00,2024-04-13T09:14:14.778020+00:00,3.0,0.0,,1.1726618705035972,True,True,True,True,all4-early-fusion+ridge-only
1026,926.0,0.9,926.0,926.0,matched,,2025-02-28T06:25:52.374597+00:00,2024-04-13T09:14:14.878992+00:00,3.0,0.0,,1.1694482288828336,True,True,True,True,all4-early-fusion+ridge-only
1027,927.0,0.9,927.0,927.0,matched,,2025-02-28T06:25:52.474514+00:00,2024-04-13T09:14:14.980564+00:00,3.0,0.0,,1.1600267827251425,True,True,True,True,all4-early-fusion+ridge-only
1028,928.0,0.9,928.0,928.0,matched,,2025-02-28T06:25:52.574757+00:00,2024-04-13T09:14:15.077869+00:00,3.0,0.0,,1.1617696440564138,True,True,True,True,all4-early-fusion+ridge-only
1029,929.0,0.9,929.0,929.0,matched,,2025-02-28T06:25:52.676066+00:00,2024-04-13T09:14:15.181293+00:00,3.0,0.21407899777764294,,1.1582943925233644,True,True,True,True,all4-early-fusion+ridge-only
1030,930.0,0.9,930.0,931.0,ambiguous_range,,2025-02-28T06:25:52.774507+00:00,2024-04-13T09:14:15.288397+00:00,3.0,0.0,,1.1554356846473028,True,True,True,True,all4-early-fusion+ridge-only
1031,932.0,0.9,932.0,932.0,matched,,2025-02-28T06:25:52.876320+00:00,2024-04-13T09:14:15.477908+00:00,3.0,0.20277493364643284,,1.1573426573426573,True,True,True,True,all4-early-fusion+ridge-only
1032,933.0,0.9,933.0,934.0,ambiguous_range,,2025-02-28T06:25:52.977741+00:00,2024-04-13T09:14:15.578194+00:00,3.0,0.0,,1.149786254521539,True,True,True,True,all4-early-fusion+ridge-only
1033,935.0,0.9,935.0,935.0,matched,,2025-02-28T06:25:53.077778+00:00,2024-04-13T09:14:15.780818+00:00,3.0,0.0,,1.1406022340942203,True,True,True,True,all4-early-fusion+ridge-only
1034,936.0,0.9,936.0,936.0,matched,,2025-02-28T06:25:53.174273+00:00,2024-04-13T09:14:15.878169+00:00,3.0,0.0,,1.1282091917591126,True,True,True,True,all4-early-fusion+ridge-only
1035,937.0,0.9,937.0,937.0,matched,,2025-02-28T06:25:53.281782+00:00,2024-04-13T09:14:15.977591+00:00,3.0,0.006813731770542564,,1.1130226816849254,True,True,True,True,all4-early-fusion+ridge-only
1036,938.0,0.9,938.0,938.0,matched,,2025-02-28T06:25:53.375214+00:00,2024-04-13T09:14:16.080204+00:00,3.0,0.0,,1.0955156950672646,True,True,True,True,all4-early-fusion+ridge-only
1037,939.0,0.9,939.0,939.0,matched,,2025-02-28T06:25:53.474382+00:00,2024-04-13T09:14:16.178880+00:00,3.0,0.0,,1.076185671039354,True,True,True,True,all4-early-fusion+ridge-only
1038,940.0,0.9,940.0,940.0,matched,,2025-02-28T06:25:53.576849+00:00,2024-04-13T09:14:16.284446+00:00,3.0,0.0,,1.0555247853780116,True,True,True,True,all4-early-fusion+ridge-only
1039,941.0,0.9,941.0,941.0,matched,,2025-02-28T06:25:53.676275+00:00,2024-04-13T09:14:16.379161+00:00,3.0,0.0,,1.0339960238568588,True,True,True,True,all4-early-fusion+ridge-only
1040,942.0,0.9,942.0,942.0,matched,,2025-02-28T06:25:53.774068+00:00,2024-04-13T09:14:16.479615+00:00,3.0,0.0,,1.0234263465282283,True,True,True,True,all4-early-fusion+ridge-only
1041,943.0,0.9,943.0,943.0,matched,,2025-02-28T06:25:53.876137+00:00,2024-04-13T09:14:16.581878+00:00,3.0,0.0,,1.0245901639344261,True,True,True,True,all4-early-fusion+ridge-only
1042,944.0,0.9,944.0,944.0,matched,,2025-02-28T06:25:53.975106+00:00,2024-04-13T09:14:16.681830+00:00,3.0,0.11782060595282262,,1.0234263465282283,True,True,True,True,all4-early-fusion+ridge-only
1043,945.0,0.9,945.0,945.0,matched,,2025-02-28T06:25:54.074348+00:00,2024-04-13T09:14:16.782596+00:00,3.0,0.06746238939120142,,1.0339960238568588,True,True,True,True,all4-early-fusion+ridge-only
1044,946.0,0.9,946.0,946.0,matched,,2025-02-28T06:25:54.174834+00:00,2024-04-13T09:14:16.877946+00:00,3.0,0.0,,1.0436191762322755,True,True,True,True,all4-early-fusion+ridge-only
1045,947.0,0.9,947.0,947.0,matched,,2025-02-28T06:25:54.277247+00:00,2024-04-13T09:14:16.977918+00:00,2.9750640590912756,0.1179096534430677,,1.0521619766643788,True,True,True,True,all4-early-fusion+ridge-only
1046,948.0,0.9,948.0,948.0,matched,,2025-02-28T06:25:54.374831+00:00,2024-04-13T09:14:17.077863+00:00,2.939581037151382,0.049621948925318904,,1.0594989561586639,True,True,True,True,all4-early-fusion+ridge-only
1047,949.0,0.9,949.0,949.0,matched,,2025-02-28T06:25:54.476523+00:00,2024-04-13T09:14:17.179476+00:00,2.9154494427660818,0.32415561314964325,,1.0655172413793101,True,True,True,True,all4-early-fusion+ridge-only
1048,950.0,0.9,950.0,950.0,matched,,2025-02-28T06:25:54.575464+00:00,2024-04-13T09:14:17.278798+00:00,2.8856735467202763,0.0993555318011543,,1.070120652945351,True,True,True,True,all4-early-fusion+ridge-only
1049,951.0,0.9,951.0,951.0,matched,,2025-02-28T06:25:54.676849+00:00,2024-04-13T09:14:17.383194+00:00,2.8313713091136923,0.0,,1.0732334047109209,True,True,True,True,all4-early-fusion+ridge-only
1050,952.0,0.9,952.0,953.0,ambiguous_range,,2025-02-28T06:25:54.775022+00:00,2024-04-13T09:14:17.478361+00:00,2.7871315751140546,0.1742837180714969,,1.0748031496062993,True,True,True,True,all4-early-fusion+ridge-only
1051,954.0,0.9,954.0,954.0,matched,,2025-02-28T06:25:54.874571+00:00,2024-04-13T09:14:17.677903+00:00,2.725653548220399,-0.07670707607984495,,1.0732334047109209,True,True,True,True,all4-early-fusion+ridge-only
1052,955.0,0.9,955.0,955.0,matched,,2025-02-28T06:25:54.974529+00:00,2024-04-13T09:14:17.778224+00:00,2.6871210996696444,0.1589383631845278,,1.0701206529453513,True,True,True,True,all4-early-fusion+ridge-only
1053,956.0,0.9,956.0,956.0,matched,,2025-02-28T06:25:55.074431+00:00,2024-04-13T09:14:17.880584+00:00,2.639630081148219,0.20036856034160477,,1.0655172413793101,True,True,True,True,all4-early-fusion+ridge-only
1054,957.0,0.9,957.0,957.0,matched,,2025-02-28T06:25:55.175138+00:00,2024-04-13T09:14:17.977859+00:00,2.5898821559684944,-0.3428552674524754,,1.0594989561586639,True,True,True,True,all4-early-fusion+ridge-only
1055,958.0,0.9,958.0,958.0,matched,,2025-02-28T06:25:55.275597+00:00,2024-04-13T09:14:18.079714+00:00,2.528616261200387,-0.10420197626651406,,1.0521619766643788,True,True,True,True,all4-early-fusion+ridge-only
1056,959.0,0.9,959.0,959.0,matched,,2025-02-28T06:25:55.374264+00:00,2024-04-13T09:14:18.177468+00:00,2.50685086128222,-0.4670671062363292,,1.0436191762322753,True,True,True,True,all4-early-fusion+ridge-only
1057,960.0,0.9,960.0,960.0,matched,,2025-02-28T06:25:55.477416+00:00,2024-04-13T09:14:18.281820+00:00,2.5131950450058125,-0.42385693405829983,,1.0339960238568588,True,True,True,True,all4-early-fusion+ridge-only
1058,961.0,0.9,961.0,961.0,matched,,2025-02-28T06:25:55.575212+00:00,2024-04-13T09:14:18.379019+00:00,2.498950359613825,-0.5224012037356793,,1.0234263465282283,True,True,True,True,all4-early-fusion+ridge-only
1059,962.0,0.9,962.0,962.0,matched,,2025-02-28T06:25:55.677855+00:00,2024-04-13T09:14:18.479501+00:00,2.4818800760777915,-0.5291742316779868,,1.0120481927710843,True,True,True,True,all4-early-fusion+ridge-only
1060,963.0,0.9,963.0,963.0,matched,,2025-02-28T06:25:55.774136+00:00,2024-04-13T09:14:18.578243+00:00,2.4950117687188533,-0.4898487386982402,,1.0,True,True,True,True,all4-early-fusion+ridge-only
1061,964.0,0.9,964.0,964.0,matched,,2025-02-28T06:25:55.874703+00:00,2024-04-13T09:14:18.678422+00:00,2.4994058635530148,-0.3238426414929769,,1.0,True,True,True,True,all4-early-fusion+ridge-only
1062,965.0,0.9,965.0,965.0,matched,,2025-02-28T06:25:55.975351+00:00,2024-04-13T09:14:18.778038+00:00,2.5301977150165347,-0.05010095133054859,,1.0,True,True,True,True,all4-early-fusion+ridge-only
1063,966.0,0.9,966.0,966.0,matched,,2025-02-28T06:25:56.084030+00:00,2024-04-13T09:14:18.879373+00:00,2.4894602621960797,-0.05919565014453365,,1.0,True,True,True,True,all4-early-fusion+ridge-only
1064,967.0,0.9,967.0,967.0,matched,,2025-02-28T06:25:56.176255+00:00,2024-04-13T09:14:18.980613+00:00,2.482967896995309,-0.13811248989503744,,1.0,True,True,True,True,all4-early-fusion+ridge-only
1065,968.0,0.9,968.0,968.0,matched,,2025-02-28T06:25:56.278149+00:00,2024-04-13T09:14:19.077539+00:00,2.492638803415181,-0.2458420916458044,,1.0,True,True,True,True,all4-early-fusion+ridge-only
1066,969.0,0.9,969.0,969.0,matched,,2025-02-28T06:25:56.374823+00:00,2024-04-13T09:14:19.184025+00:00,2.521504589766988,-0.3034522648304847,,1.0,True,True,True,True,all4-early-fusion+ridge-only
1067,970.0,0.9,970.0,970.0,matched,,2025-02-28T06:25:56.475588+00:00,2024-04-13T09:14:19.277642+00:00,2.4965420251287824,-0.33754792973148806,,1.0,True,True,True,True,all4-early-fusion+ridge-only
1068,971.0,0.9,971.0,971.0,matched,,2025-02-28T06:25:56.574844+00:00,2024-04-13T09:14:19.380100+00:00,2.4732980909002187,-0.602113802024304,,1.0,True,True,True,True,all4-early-fusion+ridge-only
1069,972.0,0.9,972.0,972.0,matched,,2025-02-28T06:25:56.674839+00:00,2024-04-13T09:14:19.479102+00:00,2.472338405260428,-0.20600028115279478,,1.0,True,True,True,True,all4-early-fusion+ridge-only
1070,973.0,0.9,973.0,973.0,matched,,2025-02-28T06:25:56.775307+00:00,2024-04-13T09:14:19.579628+00:00,2.4818094796467354,-0.031113643763729826,,1.0,True,True,True,True,all4-early-fusion+ridge-only
1071,974.0,0.9,974.0,974.0,matched,,2025-02-28T06:25:56.874143+00:00,2024-04-13T09:14:19.677714+00:00,2.498902049860632,0.015898539462025685,,1.0,True,True,True,True,all4-early-fusion+ridge-only
1072,975.0,0.9,975.0,975.0,matched,,2025-02-28T06:25:56.975280+00:00,2024-04-13T09:14:19.777532+00:00,2.4988109215749597,-0.5061639851704447,,1.0,True,True,True,True,all4-early-fusion+ridge-only
1073,976.0,0.9,976.0,976.0,matched,,2025-02-28T06:25:57.077818+00:00,2024-04-13T09:14:19.878251+00:00,2.480871365198556,-0.35749131338161133,,1.0,True,True,True,True,all4-early-fusion+ridge-only
1074,977.0,0.9,977.0,977.0,matched,,2025-02-28T06:25:57.177349+00:00,2024-04-13T09:14:19.977823+00:00,2.48804433897446,-0.049145241855458544,,1.0,True,True,True,True,all4-early-fusion+ridge-only
1075,978.0,0.9,978.0,978.0,matched,,2025-02-28T06:25:57.277029+00:00,2024-04-13T09:14:20.077706+00:00,2.4471767256089296,-0.4111261571508509,,1.0,True,True,True,True,all4-early-fusion+ridge-only
1076,979.0,0.9,979.0,979.0,matched,,2025-02-28T06:25:57.378263+00:00,2024-04-13T09:14:20.184746+00:00,2.369973664733284,-0.2648577222678865,,1.0,True,True,True,True,all4-early-fusion+ridge-only
1077,980.0,0.9,980.0,980.0,matched,,2025-02-28T06:25:57.476157+00:00,2024-04-13T09:14:20.277713+00:00,2.294304079606183,-0.4393044419626233,,1.0,True,True,True,True,all4-early-fusion+ridge-only
1078,981.0,0.9,981.0,981.0,matched,,2025-02-28T06:25:57.574756+00:00,2024-04-13T09:14:20.387319+00:00,2.267578281691808,-0.5348830498719361,,1.0,True,True,True,True,all4-early-fusion+ridge-only
1079,982.0,0.9,982.0,982.0,matched,,2025-02-28T06:25:57.680372+00:00,2024-04-13T09:14:20.482405+00:00,2.2152020842171436,-0.5782196496306726,,0.987012987012987,True,True,True,True,all4-early-fusion+ridge-only
1080,983.0,0.9,983.0,983.0,matched,,2025-02-28T06:25:57.775959+00:00,2024-04-13T09:14:20.582548+00:00,2.142896520811419,-0.7633847690907729,,0.9753246753246754,True,True,True,True,all4-early-fusion+ridge-only
1081,984.0,0.9,984.0,984.0,matched,,2025-02-28T06:25:57.875337+00:00,2024-04-13T09:14:20.681168+00:00,2.053298710921315,-1.103409183507042,,0.964935064935065,True,True,True,True,all4-early-fusion+ridge-only
1082,985.0,0.9,985.0,985.0,matched,,2025-02-28T06:25:57.974565+00:00,2024-04-13T09:14:20.777730+00:00,1.9793348785418665,-0.8728767535071613,,0.9558441558441558,True,True,True,True,all4-early-fusion+ridge-only
1083,986.0,0.9,986.0,986.0,matched,,2025-02-28T06:25:58.074630+00:00,2024-04-13T09:14:20.881335+00:00,1.9210799590512244,-1.082286737174199,,0.948051948051948,True,True,True,True,all4-early-fusion+ridge-only
1084,987.0,0.9,987.0,987.0,matched,,2025-02-28T06:25:58.175011+00:00,2024-04-13T09:14:20.982204+00:00,1.8578676040596152,-0.8253249089795849,,0.9415584415584416,True,True,True,True,all4-early-fusion+ridge-only
1085,988.0,0.9,988.0,988.0,matched,,2025-02-28T06:25:58.275662+00:00,2024-04-13T09:14:21.079124+00:00,1.8119718820371467,-0.994451932550926,,0.9363636363636364,True,True,True,True,all4-early-fusion+ridge-only
1086,989.0,0.9,989.0,989.0,matched,,2025-02-28T06:25:58.378365+00:00,2024-04-13T09:14:21.184565+00:00,1.7812667918332947,-0.8301730863515906,,0.9324675324675324,True,True,True,True,all4-early-fusion+ridge-only
1087,990.0,0.9,990.0,990.0,matched,,2025-02-28T06:25:58.476948+00:00,2024-04-13T09:14:21.278798+00:00,1.7702115029009056,-0.6289253392320122,,0.9298701298701298,True,True,True,True,all4-early-fusion+ridge-only
1088,991.0,0.9,991.0,991.0,matched,,2025-02-28T06:25:58.576294+00:00,2024-04-13T09:14:21.380505+00:00,1.761966690963831,-0.6893713682140432,,0.9285714285714286,True,True,True,True,all4-early-fusion+ridge-only
1089,991.0,0.9,991.0,991.0,matched,,2025-02-28T06:25:58.674567+00:00,2024-04-13T09:14:21.380505+00:00,1.7458612046441686,-0.9951463177470634,,0.9285714285714286,True,True,True,True,all4-early-fusion+ridge-only
1090,992.0,0.9,992.0,992.0,matched,,2025-02-28T06:25:58.774086+00:00,2024-04-13T09:14:21.481520+00:00,1.6993777323748063,-1.0971400233763162,,0.9298701298701298,True,True,True,True,all4-early-fusion+ridge-only
1091,993.0,0.9,993.0,993.0,matched,,2025-02-28T06:25:58.877806+00:00,2024-04-13T09:14:21.582657+00:00,1.6716147853981715,-1.1848766631376293,,0.9324675324675324,True,True,True,True,all4-early-fusion+ridge-only
1092,994.0,0.9,994.0,994.0,matched,,2025-02-28T06:25:58.977268+00:00,2024-04-13T09:14:21.683342+00:00,1.6716680359213434,-1.4116890542467704,,0.9363636363636364,True,True,True,True,all4-early-fusion+ridge-only
1093,995.0,0.9,995.0,995.0,matched,,2025-02-28T06:25:59.079672+00:00,2024-04-13T09:14:21.780251+00:00,1.6446997804208126,-0.871984622264951,,0.9415584415584416,True,True,True,True,all4-early-fusion+ridge-only
1094,996.0,0.9,996.0,996.0,matched,,2025-02-28T06:25:59.174497+00:00,2024-04-13T09:14:21.878132+00:00,1.6228654367835618,-0.9363201787722448,,0.948051948051948,True,True,True,True,all4-early-fusion+ridge-only
1095,997.0,0.9,997.0,997.0,matched,,2025-02-28T06:25:59.279992+00:00,2024-04-13T09:14:21.980852+00:00,1.6285581233964423,-1.306422516348499,,0.9558441558441558,True,True,True,True,all4-early-fusion+ridge-only
1096,998.0,0.9,998.0,998.0,matched,,2025-02-28T06:25:59.383117+00:00,2024-04-13T09:14:22.086357+00:00,1.6637852833798306,-1.0557952662035288,,0.964935064935065,True,True,True,True,all4-early-fusion+ridge-only
1097,999.0,0.9,999.0,999.0,matched,,2025-02-28T06:25:59.475558+00:00,2024-04-13T09:14:22.180887+00:00,1.6818734274242375,-0.8222836671254667,,0.9753246753246754,True,True,True,True,all4-early-fusion+ridge-only
1098,1000.0,0.9,1000.0,1000.0,matched,,2025-02-28T06:25:59.574294+00:00,2024-04-13T09:14:22.278838+00:00,1.6949164444003886,-1.134463484358688,,0.974025974025974,True,True,True,True,all4-early-fusion+ridge-only
1099,1001.0,0.9,1001.0,1001.0,matched,,2025-02-28T06:25:59.674671+00:00,2024-04-13T09:14:22.378788+00:00,1.726647265912775,-0.9755913992530516,,0.9753246753246754,True,True,True,True,all4-early-fusion+ridge-only
1100,1002.0,0.9,1002.0,1002.0,matched,,2025-02-28T06:25:59.776277+00:00,2024-04-13T09:14:22.480074+00:00,1.746661788820498,-1.0185284868081357,,0.964935064935065,True,True,True,True,all4-early-fusion+ridge-only
1101,1003.0,0.9,1003.0,1003.0,matched,,2025-02-28T06:25:59.878407+00:00,2024-04-13T09:14:22.579045+00:00,1.7983370434625165,-0.6895722892566805,,0.9558441558441558,True,True,True,True,all4-early-fusion+ridge-only
1102,1004.0,0.9,1004.0,1004.0,matched,,2025-02-28T06:25:59.976110+00:00,2024-04-13T09:14:22.683165+00:00,1.8672101386734703,-0.9958279828110139,,0.948051948051948,True,True,True,True,all4-early-fusion+ridge-only
1103,1005.0,0.9,1005.0,1005.0,matched,,2025-02-28T06:26:00.078791+00:00,2024-04-13T09:14:22.778634+00:00,1.9123015519714075,-0.8920022287581104,,0.9415584415584416,True,True,True,True,all4-early-fusion+ridge-only
1104,1006.0,0.9,1006.0,1006.0,matched,,2025-02-28T06:26:00.177078+00:00,2024-04-13T09:14:22.878819+00:00,1.9444648819804458,-0.5139799834367911,,0.9363636363636364,True,True,True,True,all4-early-fusion+ridge-only
1105,1007.0,0.9,1007.0,1007.0,matched,,2025-02-28T06:26:00.276967+00:00,2024-04-13T09:14:22.979310+00:00,1.983847388666623,-0.5576322063167043,,0.9194805194805195,True,True,True,True,all4-early-fusion+ridge-only
1106,1008.0,0.9,1008.0,1008.0,matched,,2025-02-28T06:26:00.375234+00:00,2024-04-13T09:14:23.080472+00:00,2.018776141147267,-1.0557710697967237,,0.9051948051948052,True,True,True,True,all4-early-fusion+ridge-only
1107,1009.0,0.9,1009.0,1009.0,matched,,2025-02-28T06:26:00.474195+00:00,2024-04-13T09:14:23.178538+00:00,2.0227368434978015,-0.47605395030898023,,0.8935064935064935,True,True,True,True,all4-early-fusion+ridge-only
1108,1009.0,0.9,1009.0,1009.0,matched,,2025-02-28T06:26:00.574693+00:00,2024-04-13T09:14:23.178538+00:00,2.033353518784839,-0.6906108501053119,,0.8844155844155844,True,True,True,True,all4-early-fusion+ridge-only
1109,1010.0,0.9,1010.0,1010.0,matched,,2025-02-28T06:26:00.677142+00:00,2024-04-13T09:14:23.277864+00:00,2.0702538027334,-1.0213140588482512,,0.8779220779220779,True,True,True,True,all4-early-fusion+ridge-only
1110,1011.0,0.9,1011.0,1011.0,matched,,2025-02-28T06:26:00.780008+00:00,2024-04-13T09:14:23.380705+00:00,2.07589415638645,-0.8870787628214893,,0.874025974025974,True,True,True,True,all4-early-fusion+ridge-only
1111,1012.0,0.9,1012.0,1012.0,matched,,2025-02-28T06:26:00.874952+00:00,2024-04-13T09:14:23.478462+00:00,2.0786410899798655,-0.45927678799079574,,0.8727272727272727,True,True,True,True,all4-early-fusion+ridge-only
1112,1013.0,0.9,1013.0,1013.0,matched,,2025-02-28T06:26:00.977940+00:00,2024-04-13T09:14:23.578004+00:00,2.110370941214805,-0.5636242452482461,,0.874025974025974,True,True,True,True,all4-early-fusion+ridge-only
1113,1014.0,0.9,1014.0,1014.0,matched,,2025-02-28T06:26:01.077245+00:00,2024-04-13T09:14:23.678949+00:00,2.1052778423295377,-0.6420670846163568,,0.8779220779220779,True,True,True,True,all4-early-fusion+ridge-only
1114,1015.0,0.9,1015.0,1015.0,matched,,2025-02-28T06:26:01.176342+00:00,2024-04-13T09:14:23.777641+00:00,2.1203696836840717,-0.8623127440749405,,0.8844155844155844,True,True,True,True,all4-early-fusion+ridge-only
1115,1015.0,0.9,1015.0,1015.0,matched,,2025-02-28T06:26:01.276105+00:00,2024-04-13T09:14:23.777641+00:00,2.148163588991451,-0.7633471301763568,,0.8935064935064935,True,True,True,True,all4-early-fusion+ridge-only
1116,1016.0,0.9,1016.0,1016.0,matched,,2025-02-28T06:26:01.378619+00:00,2024-04-13T09:14:23.878726+00:00,2.1694420675282635,-0.7982593758571719,,0.9051948051948052,True,True,True,True,all4-early-fusion+ridge-only
1117,1017.0,0.9,1017.0,1017.0,matched,,2025-02-28T06:26:01.481526+00:00,2024-04-13T09:14:23.978219+00:00,2.203153338241307,-0.746210699431261,,0.9194805194805195,True,True,True,True,all4-early-fusion+ridge-only
1118,1018.0,0.9,1018.0,1018.0,matched,,2025-02-28T06:26:01.578323+00:00,2024-04-13T09:14:24.077921+00:00,2.2355839041071004,-0.8318692742112663,,0.9363636363636364,True,True,True,True,all4-early-fusion+ridge-only
1119,1019.0,0.9,1019.0,1019.0,matched,,2025-02-28T06:26:01.676287+00:00,2024-04-13T09:14:24.178959+00:00,2.2759963709798408,-0.7341005090099131,,0.9415584415584416,True,True,True,True,all4-early-fusion+ridge-only
1120,1020.0,0.9,1020.0,1020.0,matched,,2025-02-28T06:26:01.774927+00:00,2024-04-13T09:14:24.278570+00:00,2.316027638833327,-0.7155811004670767,,0.948051948051948,True,True,True,True,all4-early-fusion+ridge-only
1121,1021.0,0.9,1021.0,1021.0,matched,,2025-02-28T06:26:01.878280+00:00,2024-04-13T09:14:24.377946+00:00,2.3430147922254374,-0.6530154989165555,,0.9558441558441558,True,True,True,True,all4-early-fusion+ridge-only
1122,1022.0,0.9,1022.0,1022.0,matched,,2025-02-28T06:26:01.979608+00:00,2024-04-13T09:14:24.484324+00:00,2.3515190008777496,-0.41255914690739104,,0.964935064935065,True,True,True,True,all4-early-fusion+ridge-only
1123,1023.0,0.9,1023.0,1023.0,matched,,2025-02-28T06:26:02.075655+00:00,2024-04-13T09:14:24.577849+00:00,2.320755142625752,-0.510116435598635,,0.9753246753246754,True,True,True,True,all4-early-fusion+ridge-only
1124,1024.0,0.9,1024.0,1024.0,matched,,2025-02-28T06:26:02.175073+00:00,2024-04-13T09:14:24.680007+00:00,2.306110351162263,-0.40087166391630635,,0.987012987012987,True,True,True,True,all4-early-fusion+ridge-only
1125,1025.0,0.9,1025.0,1025.0,matched,,2025-02-28T06:26:02.275161+00:00,2024-04-13T09:14:24.779895+00:00,2.2662479559654725,-0.23538046062042284,,1.0,True,True,True,True,all4-early-fusion+ridge-only
1126,1026.0,0.9,1026.0,1026.0,matched,,2025-02-28T06:26:02.377445+00:00,2024-04-13T09:14:24.880806+00:00,2.243978183629309,-0.43666258599656826,,1.0,True,True,True,True,all4-early-fusion+ridge-only
1127,1027.0,0.9,1027.0,1027.0,matched,,2025-02-28T06:26:02.474453+00:00,2024-04-13T09:14:24.977865+00:00,2.2090537753653474,-0.6377140339808358,,1.0,True,True,True,True,all4-early-fusion+ridge-only
1128,1028.0,0.9,1028.0,1028.0,matched,,2025-02-28T06:26:02.575307+00:00,2024-04-13T09:14:25.082377+00:00,2.1744596213139267,-0.9268214124665202,,1.0,True,True,True,True,all4-early-fusion+ridge-only
1129,1029.0,0.9,1029.0,1029.0,matched,,2025-02-28T06:26:02.675526+00:00,2024-04-13T09:14:25.178376+00:00,2.2016950044314902,-0.4485395999967343,,1.0,True,True,True,True,all4-early-fusion+ridge-only
1130,1030.0,0.9,1030.0,1030.0,matched,,2025-02-28T06:26:02.779682+00:00,2024-04-13T09:14:25.279612+00:00,2.258133805518882,-1.0571491610998258,,1.0,True,True,True,True,all4-early-fusion+ridge-only
1131,1031.0,0.9,1031.0,1031.0,matched,,2025-02-28T06:26:02.880012+00:00,2024-04-13T09:14:25.383604+00:00,2.296494605308572,-0.5151497883581091,,1.0,True,True,True,True,all4-early-fusion+ridge-only
1132,1032.0,0.9,1032.0,1032.0,matched,,2025-02-28T06:26:02.974346+00:00,2024-04-13T09:14:25.484289+00:00,2.3484507822315024,-0.8780267469524459,,1.0,True,True,True,True,all4-early-fusion+ridge-only
1133,1033.0,0.9,1033.0,1033.0,matched,,2025-02-28T06:26:03.079737+00:00,2024-04-13T09:14:25.577804+00:00,2.431680306777187,-0.29734860346904357,,1.0,True,True,True,True,all4-early-fusion+ridge-only
1134,1034.0,0.9,1034.0,1034.0,matched,,2025-02-28T06:26:03.175926+00:00,2024-04-13T09:14:25.678105+00:00,2.5302815013411166,0.23273442873404937,,1.0,True,True,True,True,all4-early-fusion+ridge-only
1135,1035.0,0.9,1035.0,1035.0,matched,,2025-02-28T06:26:03.278597+00:00,2024-04-13T09:14:25.778440+00:00,2.6205507722783565,0.2830547193495856,,1.0,True,True,True,True,all4-early-fusion+ridge-only
1136,1036.0,0.9,1036.0,1036.0,matched,,2025-02-28T06:26:03.375488+00:00,2024-04-13T09:14:25.881559+00:00,2.7271495773851395,0.18699549065611443,,1.0,True,True,True,True,all4-early-fusion+ridge-only
1137,1037.0,0.9,1037.0,1037.0,matched,,2025-02-28T06:26:03.482340+00:00,2024-04-13T09:14:25.977653+00:00,2.814472177036492,0.07662002578313354,,1.0,True,True,True,True,all4-early-fusion+ridge-only
1138,1038.0,0.9,1038.0,1038.0,matched,,2025-02-28T06:26:03.576528+00:00,2024-04-13T09:14:26.077482+00:00,2.908761630656504,0.10719205609027771,,1.0,True,True,True,True,all4-early-fusion+ridge-only
1139,1039.0,0.9,1039.0,1039.0,matched,,2025-02-28T06:26:03.675766+00:00,2024-04-13T09:14:26.178019+00:00,2.9306392191195063,0.0,,1.0,True,True,True,True,all4-early-fusion+ridge-only
1140,1040.0,0.9,1040.0,1040.0,matched,,2025-02-28T06:26:03.774413+00:00,2024-04-13T09:14:26.279699+00:00,2.9408327832676933,0.0,,1.0,True,True,True,True,all4-early-fusion+ridge-only
1141,1041.0,0.9,1041.0,1041.0,matched,,2025-02-28T06:26:03.876042+00:00,2024-04-13T09:14:26.381446+00:00,2.921213223794335,0.184443270475092,,1.0,True,True,True,True,all4-early-fusion+ridge-only
1142,1042.0,0.9,1042.0,1042.0,matched,,2025-02-28T06:26:03.979833+00:00,2024-04-13T09:14:26.478306+00:00,2.9207057077228287,0.09453430306981048,,1.0,True,True,True,True,all4-early-fusion+ridge-only
1143,1043.0,0.9,1043.0,1043.0,matched,,2025-02-28T06:26:04.074638+00:00,2024-04-13T09:14:26.577557+00:00,2.8910881472667573,0.0,,1.0,True,True,True,True,all4-early-fusion+ridge-only
1144,1044.0,0.9,1044.0,1044.0,matched,,2025-02-28T06:26:04.174847+00:00,2024-04-13T09:14:26.677987+00:00,2.8467957946005074,-0.34826942363190305,,1.0,True,True,True,True,all4-early-fusion+ridge-only
1145,1045.0,0.9,1045.0,1045.0,matched,,2025-02-28T06:26:04.274344+00:00,2024-04-13T09:14:26.782731+00:00,2.7912574333147178,-0.09839801567538009,,1.0,True,True,True,True,all4-early-fusion+ridge-only
1146,1046.0,0.9,1046.0,1046.0,matched,,2025-02-28T06:26:04.374782+00:00,2024-04-13T09:14:26.878708+00:00,2.761601045053865,-0.0688360231223637,,1.0,True,True,True,True,all4-early-fusion+ridge-only
1147,1047.0,0.9,1047.0,1047.0,matched,,2025-02-28T06:26:04.475527+00:00,2024-04-13T09:14:26.979792+00:00,2.7616010450538653,-0.005582676786573426,,1.0,True,True,True,True,all4-early-fusion+ridge-only
1148,1048.0,0.9,1048.0,1048.0,matched,,2025-02-28T06:26:04.577985+00:00,2024-04-13T09:14:27.077992+00:00,2.737824814214612,-0.2121897846669869,,1.0,True,True,True,True,all4-early-fusion+ridge-only
1149,1049.0,0.9,1049.0,1049.0,matched,,2025-02-28T06:26:04.681399+00:00,2024-04-13T09:14:27.181114+00:00,2.7378248142146124,-0.4872158793287431,,1.0,True,True,True,True,all4-early-fusion+ridge-only
1150,1050.0,0.9,1050.0,1050.0,matched,,2025-02-28T06:26:04.775475+00:00,2024-04-13T09:14:27.283198+00:00,2.7880467567946114,-0.6109219741436944,,1.0,True,True,True,True,all4-early-fusion+ridge-only
1151,1051.0,0.9,1051.0,1051.0,matched,,2025-02-28T06:26:04.875609+00:00,2024-04-13T09:14:27.378503+00:00,2.7969920309469187,-0.32622027086937955,,1.0,True,True,True,True,all4-early-fusion+ridge-only
1152,1052.0,0.9,1052.0,1052.0,matched,,2025-02-28T06:26:04.976058+00:00,2024-04-13T09:14:27.479668+00:00,2.816611590420277,0.14713069693963465,,1.0,True,True,True,True,all4-early-fusion+ridge-only
1153,1053.0,0.9,1053.0,1053.0,matched,,2025-02-28T06:26:05.075842+00:00,2024-04-13T09:14:27.577601+00:00,2.8171191064917838,-0.2615385392317795,,1.0,True,True,True,True,all4-early-fusion+ridge-only
1154,1054.0,0.9,1054.0,1054.0,matched,,2025-02-28T06:26:05.174880+00:00,2024-04-13T09:14:27.677694+00:00,2.846736666947855,0.0,,1.0,True,True,True,True,all4-early-fusion+ridge-only
1155,1055.0,0.9,1055.0,1055.0,matched,,2025-02-28T06:26:05.274356+00:00,2024-04-13T09:14:27.777596+00:00,2.891029019614104,0.0,,1.0,True,True,True,True,all4-early-fusion+ridge-only
1156,1056.0,0.9,1056.0,1056.0,matched,,2025-02-28T06:26:05.376981+00:00,2024-04-13T09:14:27.879277+00:00,2.9465673808998947,0.0,,1.0,True,True,True,True,all4-early-fusion+ridge-only
1157,1057.0,0.9,1057.0,1057.0,matched,,2025-02-28T06:26:05.475441+00:00,2024-04-13T09:14:27.979993+00:00,2.976223769160747,0.0,,1.0,True,True,True,True,all4-early-fusion+ridge-only
1158,1058.0,0.9,1058.0,1058.0,matched,,2025-02-28T06:26:05.574800+00:00,2024-04-13T09:14:28.082378+00:00,2.976223769160747,0.11410182469809982,,1.0,True,True,True,True,all4-early-fusion+ridge-only
1159,1059.0,0.9,1059.0,1059.0,matched,,2025-02-28T06:26:05.678238+00:00,2024-04-13T09:14:28.179690+00:00,3.0,0.09102994413184495,,0.987012987012987,True,True,True,True,all4-early-fusion+ridge-only
1160,1060.0,0.9,1060.0,1060.0,matched,,2025-02-28T06:26:05.775561+00:00,2024-04-13T09:14:28.280573+00:00,3.0,0.0,,0.9753246753246754,True,True,True,True,all4-early-fusion+ridge-only
1161,1061.0,0.9,1061.0,1061.0,matched,,2025-02-28T06:26:05.881532+00:00,2024-04-13T09:14:28.378459+00:00,2.9731661090621757,0.3138007985289768,,0.964935064935065,True,True,True,True,all4-early-fusion+ridge-only
1162,1062.0,0.9,1062.0,1062.0,matched,,2025-02-28T06:26:05.974828+00:00,2024-04-13T09:14:28.478278+00:00,2.9731661090621757,0.0,,0.9558441558441558,True,True,True,True,all4-early-fusion+ridge-only
1163,1063.0,0.9,1063.0,1063.0,matched,,2025-02-28T06:26:06.075249+00:00,2024-04-13T09:14:28.581162+00:00,2.9631634235633415,0.0,,0.948051948051948,True,True,True,True,all4-early-fusion+ridge-only
1164,1064.0,0.9,1064.0,1064.0,matched,,2025-02-28T06:26:06.180820+00:00,2024-04-13T09:14:28.678303+00:00,2.9631634235633415,0.0,,0.9415584415584416,True,True,True,True,all4-early-fusion+ridge-only
1165,1065.0,0.9,1065.0,1065.0,matched,,2025-02-28T06:26:06.275425+00:00,2024-04-13T09:14:28.779945+00:00,2.9631634235633415,0.0,,0.9363636363636364,True,True,True,True,all4-early-fusion+ridge-only
1166,1066.0,0.9,1066.0,1066.0,matched,,2025-02-28T06:26:06.375651+00:00,2024-04-13T09:14:28.877760+00:00,2.9631634235633415,-0.26483112555033506,,0.9324675324675324,True,True,True,True,all4-early-fusion+ridge-only
1167,1067.0,0.9,1067.0,1067.0,matched,,2025-02-28T06:26:06.474760+00:00,2024-04-13T09:14:28.980135+00:00,2.9631634235633415,0.0,,0.9298701298701298,True,True,True,True,all4-early-fusion+ridge-only
1168,1068.0,0.9,1068.0,1068.0,matched,,2025-02-28T06:26:06.574730+00:00,2024-04-13T09:14:29.081980+00:00,2.9631634235633415,-0.11002954048718028,,0.9285714285714286,True,True,True,True,all4-early-fusion+ridge-only
1169,1068.0,0.9,1068.0,1068.0,matched,,2025-02-28T06:26:06.677273+00:00,2024-04-13T09:14:29.081980+00:00,2.9631634235633415,0.0,,0.9285714285714286,True,True,True,True,all4-early-fusion+ridge-only
1170,1069.0,0.9,1069.0,1069.0,matched,,2025-02-28T06:26:06.774411+00:00,2024-04-13T09:14:29.180715+00:00,2.9631634235633415,0.0,,0.9298701298701298,True,True,True,True,all4-early-fusion+ridge-only
1171,1070.0,0.9,1070.0,1070.0,matched,,2025-02-28T06:26:06.874255+00:00,2024-04-13T09:14:29.278672+00:00,2.9631634235633415,0.0,,0.9324675324675324,True,True,True,True,all4-early-fusion+ridge-only
1172,1071.0,0.9,1071.0,1071.0,matched,,2025-02-28T06:26:06.977680+00:00,2024-04-13T09:14:29.380807+00:00,2.989997314501166,0.0,,0.9363636363636364,True,True,True,True,all4-early-fusion+ridge-only
1173,1072.0,0.9,1072.0,1072.0,matched,,2025-02-28T06:26:07.076593+00:00,2024-04-13T09:14:29.478576+00:00,2.989997314501166,0.1810966429283738,,0.9415584415584416,True,True,True,True,all4-early-fusion+ridge-only
1174,1073.0,0.9,1073.0,1073.0,matched,,2025-02-28T06:26:07.175087+00:00,2024-04-13T09:14:29.578006+00:00,3.0,0.0,,0.948051948051948,True,True,True,True,all4-early-fusion+ridge-only
1175,1074.0,0.9,1074.0,1074.0,matched,,2025-02-28T06:26:07.275576+00:00,2024-04-13T09:14:29.678385+00:00,2.9954921133241497,0.0,,0.9558441558441558,True,True,True,True,all4-early-fusion+ridge-only
1176,1075.0,0.9,1075.0,1075.0,matched,,2025-02-28T06:26:07.376367+00:00,2024-04-13T09:14:29.777480+00:00,2.9890997802415593,0.09560155210521559,,0.964935064935065,True,True,True,True,all4-early-fusion+ridge-only
1177,1076.0,0.9,1076.0,1076.0,matched,,2025-02-28T06:26:07.476011+00:00,2024-04-13T09:14:29.879198+00:00,2.9890997802415584,0.036964939466249014,,0.9753246753246754,True,True,True,True,all4-early-fusion+ridge-only
1178,1077.0,0.9,1077.0,1077.0,matched,,2025-02-28T06:26:07.574533+00:00,2024-04-13T09:14:29.978227+00:00,2.9890997802415584,0.0,,0.987012987012987,True,True,True,True,all4-early-fusion+ridge-only
1179,1078.0,0.9,1078.0,1078.0,matched,,2025-02-28T06:26:07.678996+00:00,2024-04-13T09:14:30.077706+00:00,2.9890997802415584,0.0,,1.0,True,True,True,True,all4-early-fusion+ridge-only
1180,1079.0,0.9,1079.0,1079.0,matched,,2025-02-28T06:26:07.774871+00:00,2024-04-13T09:14:30.177893+00:00,2.9890997802415584,0.11781589293794648,,1.0,True,True,True,True,all4-early-fusion+ridge-only
1181,1080.0,0.9,1080.0,1080.0,matched,,2025-02-28T06:26:07.875020+00:00,2024-04-13T09:14:30.279473+00:00,2.9885373557208044,-0.07031566390849786,,1.0,True,True,True,True,all4-early-fusion+ridge-only
1182,1081.0,0.9,1081.0,1081.0,matched,,2025-02-28T06:26:07.976282+00:00,2024-04-13T09:14:30.378504+00:00,2.9885373557208044,0.17862272761808917,,1.0,True,True,True,True,all4-early-fusion+ridge-only
1183,1082.0,0.9,1082.0,1082.0,matched,,2025-02-28T06:26:08.077624+00:00,2024-04-13T09:14:30.486603+00:00,2.9885373557208044,0.0,,1.0,True,True,True,True,all4-early-fusion+ridge-only
1184,1083.0,0.9,1083.0,1083.0,matched,,2025-02-28T06:26:08.175177+00:00,2024-04-13T09:14:30.578701+00:00,2.9885373557208044,0.0,,1.0,True,True,True,True,all4-early-fusion+ridge-only
1185,1084.0,0.9,1084.0,1084.0,matched,,2025-02-28T06:26:08.274678+00:00,2024-04-13T09:14:30.678148+00:00,2.9885373557208044,0.0,,1.0,True,True,True,True,all4-early-fusion+ridge-only
1186,1085.0,0.9,1085.0,1085.0,matched,,2025-02-28T06:26:08.375664+00:00,2024-04-13T09:14:30.780354+00:00,2.9929330687631652,-0.006186669728293737,,1.0,True,True,True,True,all4-early-fusion+ridge-only
1187,1086.0,0.9,1086.0,1086.0,matched,,2025-02-28T06:26:08.476178+00:00,2024-04-13T09:14:30.879870+00:00,2.9993254018457565,0.0,,1.0,True,True,True,True,all4-early-fusion+ridge-only
1188,1087.0,0.9,1087.0,1087.0,matched,,2025-02-28T06:26:08.576937+00:00,2024-04-13T09:14:30.977905+00:00,2.9780411682256,0.0,,1.0,True,True,True,True,all4-early-fusion+ridge-only
1189,1088.0,0.9,1088.0,1088.0,matched,,2025-02-28T06:26:08.676002+00:00,2024-04-13T09:14:31.083887+00:00,2.931270895422327,0.07663450511770487,,1.0120481927710843,True,True,True,True,all4-early-fusion+ridge-only
1190,1089.0,0.9,1089.0,1089.0,matched,,2025-02-28T06:26:08.774576+00:00,2024-04-13T09:14:31.179128+00:00,2.897469208713554,0.1864641725500249,,1.0234263465282283,True,True,True,True,all4-early-fusion+ridge-only
1191,1090.0,0.9,1090.0,1090.0,matched,,2025-02-28T06:26:08.876894+00:00,2024-04-13T09:14:31.281547+00:00,2.8494197717673297,0.1952165421577674,,1.0339960238568588,True,True,True,True,all4-early-fusion+ridge-only
1192,1091.0,0.9,1091.0,1091.0,matched,,2025-02-28T06:26:08.976531+00:00,2024-04-13T09:14:31.378932+00:00,2.805291602612156,0.05436535861897118,,1.0436191762322755,True,True,True,True,all4-early-fusion+ridge-only
1193,1092.0,0.9,1092.0,1092.0,matched,,2025-02-28T06:26:09.075152+00:00,2024-04-13T09:14:31.481563+00:00,2.749280789233619,-0.0857566885612786,,1.0521619766643788,True,True,True,True,all4-early-fusion+ridge-only
1194,1093.0,0.9,1093.0,1093.0,matched,,2025-02-28T06:26:09.175051+00:00,2024-04-13T09:14:31.581343+00:00,2.6644416178101276,-0.3281148702034895,,1.0594989561586639,True,True,True,True,all4-early-fusion+ridge-only
1195,1094.0,0.9,1094.0,1094.0,matched,,2025-02-28T06:26:09.275319+00:00,2024-04-13T09:14:31.678609+00:00,2.578639459089732,-0.3718185537965044,,1.0655172413793101,True,True,True,True,all4-early-fusion+ridge-only
1196,1095.0,0.9,1095.0,1095.0,matched,,2025-02-28T06:26:09.376127+00:00,2024-04-13T09:14:31.781236+00:00,2.482697151940887,-0.5285438064084711,,1.070120652945351,True,True,True,True,all4-early-fusion+ridge-only
1197,1096.0,0.9,1096.0,1096.0,matched,,2025-02-28T06:26:09.476063+00:00,2024-04-13T09:14:31.878409+00:00,2.3657341338201716,-0.49159653043519436,,1.0732334047109209,True,True,True,True,all4-early-fusion+ridge-only
1198,1097.0,0.9,1097.0,1098.0,ambiguous_range,,2025-02-28T06:26:09.575739+00:00,2024-04-13T09:14:31.985054+00:00,2.26597407901834,-0.6161189471639146,,1.0748031496062993,True,True,True,True,all4-early-fusion+ridge-only
1199,1099.0,0.9,1099.0,1099.0,matched,,2025-02-28T06:26:09.680876+00:00,2024-04-13T09:14:32.178063+00:00,2.204728782044391,-0.9332308856584022,,1.0732334047109209,True,True,True,True,all4-early-fusion+ridge-only
1200,1100.0,0.9,1100.0,1100.0,matched,,2025-02-28T06:26:09.781241+00:00,2024-04-13T09:14:32.282803+00:00,2.20972753728297,-0.9438237459243561,,1.0701206529453513,True,True,True,True,all4-early-fusion+ridge-only
1201,1101.0,0.9,1101.0,1101.0,matched,,2025-02-28T06:26:09.875415+00:00,2024-04-13T09:14:32.381997+00:00,2.1789649995224085,-1.0553653786372992,,1.0655172413793101,True,True,True,True,all4-early-fusion+ridge-only
1202,1102.0,0.9,1102.0,1102.0,matched,,2025-02-28T06:26:09.974752+00:00,2024-04-13T09:14:32.479875+00:00,2.1741763079479255,-1.2878271092962512,,1.0594989561586639,True,True,True,True,all4-early-fusion+ridge-only
1203,1103.0,0.9,1103.0,1103.0,matched,,2025-02-28T06:26:10.074654+00:00,2024-04-13T09:14:32.578884+00:00,2.189781555176793,-1.0973606028201486,,1.0521619766643788,True,True,True,True,all4-early-fusion+ridge-only
1204,1104.0,0.9,1104.0,1104.0,matched,,2025-02-28T06:26:10.176651+00:00,2024-04-13T09:14:32.684330+00:00,2.195694433904892,-0.9078248365351618,,1.0436191762322753,True,True,True,True,all4-early-fusion+ridge-only
1205,1105.0,0.9,1105.0,1105.0,matched,,2025-02-28T06:26:10.275738+00:00,2024-04-13T09:14:32.778013+00:00,2.2255455486529683,-0.4594866932116215,,1.0339960238568588,True,True,True,True,all4-early-fusion+ridge-only
1206,1106.0,0.9,1106.0,1106.0,matched,,2025-02-28T06:26:10.375849+00:00,2024-04-13T09:14:32.877662+00:00,2.2722002007071875,-0.710206469162685,,1.0364326628480085,True,True,True,True,all4-early-fusion+ridge-only
1207,1107.0,0.9,1107.0,1107.0,matched,,2025-02-28T06:26:10.479129+00:00,2024-04-13T09:14:32.977849+00:00,2.32857357662947,-0.5812194137277875,,1.0364326628480085,True,True,True,True,all4-early-fusion+ridge-only
1208,1108.0,0.9,1108.0,1108.0,matched,,2025-02-28T06:26:10.578429+00:00,2024-04-13T09:14:33.082217+00:00,2.366737275013839,-0.24348719099971694,,1.0339960238568588,True,True,True,True,all4-early-fusion+ridge-only
1209,1109.0,0.9,1109.0,1109.0,matched,,2025-02-28T06:26:10.678565+00:00,2024-04-13T09:14:33.181608+00:00,2.4025597979246114,-0.4190159306087269,,1.0436191762322755,True,True,True,True,all4-early-fusion+ridge-only
1210,1110.0,0.9,1110.0,1110.0,matched,,2025-02-28T06:26:10.775965+00:00,2024-04-13T09:14:33.282409+00:00,2.411281194897161,-0.6048686234295628,,1.0521619766643788,True,True,True,True,all4-early-fusion+ridge-only
1211,1111.0,0.9,1111.0,1111.0,matched,,2025-02-28T06:26:10.874457+00:00,2024-04-13T09:14:33.384771+00:00,2.3747258951536203,-0.4306225733279412,,1.0594989561586639,True,True,True,True,all4-early-fusion+ridge-only
1212,1112.0,0.9,1112.0,1112.0,matched,,2025-02-28T06:26:10.977080+00:00,2024-04-13T09:14:33.480606+00:00,2.361290617897628,-0.39704873177032063,,1.0655172413793101,True,True,True,True,all4-early-fusion+ridge-only
1213,1113.0,0.9,1113.0,1113.0,matched,,2025-02-28T06:26:11.074785+00:00,2024-04-13T09:14:33.577553+00:00,2.3439278981069447,-0.8680264270681932,,1.070120652945351,True,True,True,True,all4-early-fusion+ridge-only
1214,1114.0,0.9,1114.0,1114.0,matched,,2025-02-28T06:26:11.175085+00:00,2024-04-13T09:14:33.678018+00:00,2.303296997391831,-0.38102277976221677,,1.0732334047109209,True,True,True,True,all4-early-fusion+ridge-only
1215,1115.0,0.9,1115.0,1116.0,ambiguous_range,,2025-02-28T06:26:11.274480+00:00,2024-04-13T09:14:33.777537+00:00,2.3013242557308766,-0.4729196851851105,,1.0748031496062993,True,True,True,True,all4-early-fusion+ridge-only
1216,1117.0,0.9,1117.0,1117.0,matched,,2025-02-28T06:26:11.377954+00:00,2024-04-13T09:14:33.983427+00:00,2.3466557266000154,-0.3030269196657085,,1.0732334047109209,True,True,True,True,all4-early-fusion+ridge-only
1217,1118.0,0.9,1118.0,1118.0,matched,,2025-02-28T06:26:11.475053+00:00,2024-04-13T09:14:34.082112+00:00,2.385803233266192,-0.4336374214248515,,1.0701206529453513,True,True,True,True,all4-early-fusion+ridge-only
1218,1119.0,0.9,1119.0,1119.0,matched,,2025-02-28T06:26:11.576139+00:00,2024-04-13T09:14:34.182871+00:00,2.4093390389588474,-0.5332201984100435,,1.0655172413793101,True,True,True,True,all4-early-fusion+ridge-only
1219,1120.0,0.9,1120.0,1120.0,matched,,2025-02-28T06:26:11.675956+00:00,2024-04-13T09:14:34.278830+00:00,2.488250532328683,-0.7668787187839072,,1.0594989561586639,True,True,True,True,all4-early-fusion+ridge-only
1220,1121.0,0.9,1121.0,1121.0,matched,,2025-02-28T06:26:11.774957+00:00,2024-04-13T09:14:34.381511+00:00,2.552188064219742,-0.5727774394253191,,1.0521619766643788,True,True,True,True,all4-early-fusion+ridge-only
1221,1122.0,0.9,1122.0,1122.0,matched,,2025-02-28T06:26:11.875009+00:00,2024-04-13T09:14:34.478326+00:00,2.612341081211317,-0.10622244386903912,,1.0436191762322753,True,True,True,True,all4-early-fusion+ridge-only
1222,1123.0,0.9,1123.0,1123.0,matched,,2025-02-28T06:26:11.975296+00:00,2024-04-13T09:14:34.581459+00:00,2.675024216947347,0.020271546745325164,,1.0339960238568588,True,True,True,True,all4-early-fusion+ridge-only
1223,1124.0,0.9,1124.0,1124.0,matched,,2025-02-28T06:26:12.077364+00:00,2024-04-13T09:14:34.678734+00:00,2.753023718672674,-0.17636438087298378,,1.0234263465282283,True,True,True,True,all4-early-fusion+ridge-only
1224,1125.0,0.9,1125.0,1125.0,matched,,2025-02-28T06:26:12.177557+00:00,2024-04-13T09:14:34.778748+00:00,2.8215383466527104,0.0,,1.0120481927710843,True,True,True,True,all4-early-fusion+ridge-only
1225,1126.0,0.9,1126.0,1126.0,matched,,2025-02-28T06:26:12.278687+00:00,2024-04-13T09:14:34.877806+00:00,2.8874379223374977,0.0,,1.0,True,True,True,True,all4-early-fusion+ridge-only
1226,1127.0,0.9,1127.0,1127.0,matched,,2025-02-28T06:26:12.376595+00:00,2024-04-13T09:14:34.978425+00:00,2.9395085986488905,-0.1502062829297981,,1.0,True,True,True,True,all4-early-fusion+ridge-only
1227,1128.0,0.9,1128.0,1128.0,matched,,2025-02-28T06:26:12.478344+00:00,2024-04-13T09:14:35.081436+00:00,2.949165184455167,-0.11605635899814226,,1.0,True,True,True,True,all4-early-fusion+ridge-only
1228,1129.0,0.9,1129.0,1129.0,matched,,2025-02-28T06:26:12.579821+00:00,2024-04-13T09:14:35.182737+00:00,2.9491651844551665,0.0,,1.0,True,True,True,True,all4-early-fusion+ridge-only
1229,1130.0,0.9,1130.0,1130.0,matched,,2025-02-28T06:26:12.676101+00:00,2024-04-13T09:14:35.283529+00:00,2.9651983099890744,-0.01854842364489695,,1.0,True,True,True,True,all4-early-fusion+ridge-only
1230,1131.0,0.9,1131.0,1131.0,matched,,2025-02-28T06:26:12.776682+00:00,2024-04-13T09:14:35.380020+00:00,2.9651983099890744,0.05889406486997517,,1.0,True,True,True,True,all4-early-fusion+ridge-only
1231,1132.0,0.9,1132.0,1132.0,matched,,2025-02-28T06:26:12.874234+00:00,2024-04-13T09:14:35.482809+00:00,2.9651983099890744,0.059841085057216414,,1.0,True,True,True,True,all4-early-fusion+ridge-only
1232,1133.0,0.9,1133.0,1133.0,matched,,2025-02-28T06:26:12.976306+00:00,2024-04-13T09:14:35.577370+00:00,2.9788534266190556,0.0,,1.0,True,True,True,True,all4-early-fusion+ridge-only
1233,1134.0,0.9,1134.0,1134.0,matched,,2025-02-28T06:26:13.074873+00:00,2024-04-13T09:14:35.680078+00:00,2.9944971081912595,0.0,,1.0,True,True,True,True,all4-early-fusion+ridge-only
1234,1135.0,0.9,1135.0,1135.0,matched,,2025-02-28T06:26:13.177336+00:00,2024-04-13T09:14:35.777526+00:00,2.9944971081912595,0.06516676129603338,,1.0,True,True,True,True,all4-early-fusion+ridge-only
1235,1136.0,0.9,1136.0,1136.0,matched,,2025-02-28T06:26:13.278268+00:00,2024-04-13T09:14:35.878468+00:00,2.996183328522614,0.1711418431202536,,1.0,True,True,True,True,all4-early-fusion+ridge-only
1236,1137.0,0.9,1137.0,1137.0,matched,,2025-02-28T06:26:13.378276+00:00,2024-04-13T09:14:35.978734+00:00,3.0,0.14979285641192952,,1.0,True,True,True,True,all4-early-fusion+ridge-only
1237,1138.0,0.9,1138.0,1138.0,matched,,2025-02-28T06:26:13.475878+00:00,2024-04-13T09:14:36.077965+00:00,2.98369524321101,0.22100240157577522,,1.0,True,True,True,True,all4-early-fusion+ridge-only
1238,1139.0,0.9,1139.0,1139.0,matched,,2025-02-28T06:26:13.578796+00:00,2024-04-13T09:14:36.177970+00:00,2.98369524321101,0.05331336469854753,,1.0,True,True,True,True,all4-early-fusion+ridge-only
1239,1140.0,0.9,1140.0,1140.0,matched,,2025-02-28T06:26:13.678398+00:00,2024-04-13T09:14:36.277824+00:00,2.98369524321101,0.0,,1.0,True,True,True,True,all4-early-fusion+ridge-only
1240,1141.0,0.9,1141.0,1141.0,matched,,2025-02-28T06:26:13.775675+00:00,2024-04-13T09:14:36.380170+00:00,2.98369524321101,0.4369282096374585,,1.0,True,True,True,True,all4-early-fusion+ridge-only
1241,1142.0,0.9,1142.0,1142.0,matched,,2025-02-28T06:26:13.874268+00:00,2024-04-13T09:14:36.478212+00:00,2.98369524321101,0.20026077743828852,,1.0,True,True,True,True,all4-early-fusion+ridge-only
1242,1143.0,0.9,1143.0,1143.0,matched,,2025-02-28T06:26:13.978353+00:00,2024-04-13T09:14:36.578013+00:00,2.98369524321101,-0.17935232467888707,,1.0,True,True,True,True,all4-early-fusion+ridge-only
1243,1144.0,0.9,1144.0,1144.0,matched,,2025-02-28T06:26:14.076286+00:00,2024-04-13T09:14:36.678226+00:00,2.98369524321101,0.0,,1.0,True,True,True,True,all4-early-fusion+ridge-only
1244,1145.0,0.9,1145.0,1145.0,matched,,2025-02-28T06:26:14.174951+00:00,2024-04-13T09:14:36.781182+00:00,2.98369524321101,0.06807947400171832,,1.0,True,True,True,True,all4-early-fusion+ridge-only
1245,1146.0,0.9,1146.0,1146.0,matched,,2025-02-28T06:26:14.274475+00:00,2024-04-13T09:14:36.877727+00:00,2.98369524321101,0.009343994040603931,,1.0,True,True,True,True,all4-early-fusion+ridge-only
1246,1147.0,0.9,1147.0,1147.0,matched,,2025-02-28T06:26:14.375541+00:00,2024-04-13T09:14:36.977607+00:00,2.98369524321101,0.0,,1.0,True,True,True,True,all4-early-fusion+ridge-only
1247,1148.0,0.9,1148.0,1148.0,matched,,2025-02-28T06:26:14.475185+00:00,2024-04-13T09:14:37.077745+00:00,2.98369524321101,0.0,,1.0,True,True,True,True,all4-early-fusion+ridge-only
1248,1149.0,0.9,1149.0,1149.0,matched,,2025-02-28T06:26:14.577663+00:00,2024-04-13T09:14:37.177904+00:00,3.0,0.0,,1.0,True,True,True,True,all4-early-fusion+ridge-only
1249,1150.0,0.9,1150.0,1150.0,matched,,2025-02-28T06:26:14.674592+00:00,2024-04-13T09:14:37.279927+00:00,3.0,0.0,,1.0,True,True,True,True,all4-early-fusion+ridge-only
1250,1151.0,0.9,1151.0,1151.0,matched,,2025-02-28T06:26:14.779145+00:00,2024-04-13T09:14:37.384720+00:00,3.0,0.22229173243327516,,1.0,True,True,True,True,all4-early-fusion+ridge-only
1251,1152.0,0.9,1152.0,1152.0,matched,,2025-02-28T06:26:14.874946+00:00,2024-04-13T09:14:37.479133+00:00,3.0,0.15064612991079818,,1.0,True,True,True,True,all4-early-fusion+ridge-only
1252,1153.0,0.9,1153.0,1153.0,matched,,2025-02-28T06:26:14.981323+00:00,2024-04-13T09:14:37.581639+00:00,3.0,0.3554878445107139,,1.0,True,True,True,True,all4-early-fusion+ridge-only
1253,1154.0,0.9,1154.0,1154.0,matched,,2025-02-28T06:26:15.078844+00:00,2024-04-13T09:14:37.679851+00:00,3.0,0.31672490970469,,1.0,True,True,True,True,all4-early-fusion+ridge-only
1254,1155.0,0.9,1155.0,1155.0,matched,,2025-02-28T06:26:15.175337+00:00,2024-04-13T09:14:37.779658+00:00,3.0,0.0,,1.0,True,True,True,True,all4-early-fusion+ridge-only
1255,1156.0,0.9,1156.0,1156.0,matched,,2025-02-28T06:26:15.278260+00:00,2024-04-13T09:14:37.883123+00:00,3.0,0.0,,1.0,True,True,True,True,all4-early-fusion+ridge-only
1256,1157.0,0.9,1157.0,1157.0,matched,,2025-02-28T06:26:15.375840+00:00,2024-04-13T09:14:37.980890+00:00,3.0,0.0,,1.0,True,True,True,True,all4-early-fusion+ridge-only
1257,1158.0,0.9,1158.0,1158.0,matched,,2025-02-28T06:26:15.478650+00:00,2024-04-13T09:14:38.082209+00:00,3.0,0.2662902660717168,,1.0,True,True,True,True,all4-early-fusion+ridge-only
1258,1159.0,0.9,1159.0,1159.0,matched,,2025-02-28T06:26:15.574350+00:00,2024-04-13T09:14:38.177863+00:00,3.0,0.1979491390632333,,1.0,True,True,True,True,all4-early-fusion+ridge-only
1259,1160.0,0.9,1160.0,1160.0,matched,,2025-02-28T06:26:15.674650+00:00,2024-04-13T09:14:38.277888+00:00,3.0,0.35943988898333723,,0.987012987012987,True,True,True,True,all4-early-fusion+ridge-only
1260,1161.0,0.9,1161.0,1161.0,matched,,2025-02-28T06:26:15.776573+00:00,2024-04-13T09:14:38.377908+00:00,3.0,0.47060999854724583,,0.9753246753246754,True,True,True,True,all4-early-fusion+ridge-only
1261,1162.0,0.9,1162.0,1162.0,matched,,2025-02-28T06:26:15.875052+00:00,2024-04-13T09:14:38.483646+00:00,3.0,0.2408951231796066,,0.964935064935065,True,True,True,True,all4-early-fusion+ridge-only
1262,1163.0,0.9,1163.0,1163.0,matched,,2025-02-28T06:26:15.975399+00:00,2024-04-13T09:14:38.583120+00:00,2.982296453967834,0.7485092433827116,,0.9558441558441558,True,True,True,True,all4-early-fusion+ridge-only
1263,1164.0,0.9,1164.0,1164.0,matched,,2025-02-28T06:26:16.074312+00:00,2024-04-13T09:14:38.682704+00:00,2.900031460026587,0.4303790985199294,,0.948051948051948,True,True,True,True,all4-early-fusion+ridge-only
1264,1165.0,0.9,1165.0,1165.0,matched,,2025-02-28T06:26:16.174180+00:00,2024-04-13T09:14:38.783461+00:00,2.7453349554089095,0.524013695518152,,0.9415584415584416,True,True,True,True,all4-early-fusion+ridge-only
1265,1166.0,0.9,1166.0,1166.0,matched,,2025-02-28T06:26:16.275663+00:00,2024-04-13T09:14:38.877791+00:00,2.486030010089234,0.4377748831953556,,0.9363636363636364,True,True,True,True,all4-early-fusion+ridge-only
1266,1167.0,0.9,1167.0,1167.0,matched,,2025-02-28T06:26:16.383686+00:00,2024-04-13T09:14:38.978316+00:00,2.1775640689026003,0.6901048287285967,,0.9324675324675324,True,True,True,True,all4-early-fusion+ridge-only
1267,1168.0,0.9,1168.0,1168.0,matched,,2025-02-28T06:26:16.476170+00:00,2024-04-13T09:14:39.078097+00:00,2.0342291220460633,-0.07676209888897612,,0.9298701298701298,True,True,True,True,all4-early-fusion+ridge-only
1268,1169.0,0.9,1169.0,1169.0,matched,,2025-02-28T06:26:16.576797+00:00,2024-04-13T09:14:39.183672+00:00,1.944252981009886,-0.5363328538346104,,0.9285714285714286,True,True,True,True,all4-early-fusion+ridge-only
1269,1169.0,0.9,1169.0,1169.0,matched,,2025-02-28T06:26:16.674450+00:00,2024-04-13T09:14:39.183672+00:00,1.8970874156033795,-1.549799804708027,,0.9285714285714286,True,True,True,True,all4-early-fusion+ridge-only
1270,1170.0,0.9,1170.0,1170.0,matched,,2025-02-28T06:26:16.775653+00:00,2024-04-13T09:14:39.283135+00:00,1.8970874156033792,-2.582051517024319,,0.9298701298701298,True,True,True,True,all4-early-fusion+ridge-only
1271,1171.0,0.9,1171.0,1171.0,matched,,2025-02-28T06:26:16.880274+00:00,2024-04-13T09:14:39.381229+00:00,1.8970874156033792,-2.9211032334031204,,0.9324675324675324,True,True,True,True,all4-early-fusion+ridge-only
1272,1172.0,0.9,1172.0,1172.0,matched,,2025-02-28T06:26:16.977372+00:00,2024-04-13T09:14:39.480317+00:00,1.8970874156033795,-1.2468394688887094,,0.9363636363636364,True,True,True,True,all4-early-fusion+ridge-only
1273,1173.0,0.9,1173.0,1173.0,matched,,2025-02-28T06:26:17.080170+00:00,2024-04-13T09:14:39.580168+00:00,1.9147909616355454,-0.6570090455787714,,0.9415584415584416,True,True,True,True,all4-early-fusion+ridge-only
1274,1174.0,0.9,1174.0,1174.0,matched,,2025-02-28T06:26:17.175488+00:00,2024-04-13T09:14:39.678444+00:00,1.9970559555767926,-0.518821219471572,,0.948051948051948,True,True,True,True,all4-early-fusion+ridge-only
1275,1175.0,0.9,1175.0,1175.0,matched,,2025-02-28T06:26:17.277691+00:00,2024-04-13T09:14:39.778081+00:00,2.1517524601944698,0.4151204613665911,,0.9558441558441558,True,True,True,True,all4-early-fusion+ridge-only
1276,1176.0,0.9,1176.0,1176.0,matched,,2025-02-28T06:26:17.374776+00:00,2024-04-13T09:14:39.878186+00:00,2.411057405514146,0.6760981209771413,,0.964935064935065,True,True,True,True,all4-early-fusion+ridge-only
1277,1177.0,0.9,1177.0,1177.0,matched,,2025-02-28T06:26:17.474619+00:00,2024-04-13T09:14:39.985771+00:00,2.7195233467007793,0.6924208692785556,,0.9753246753246754,True,True,True,True,all4-early-fusion+ridge-only
1278,1178.0,0.9,1178.0,1178.0,matched,,2025-02-28T06:26:17.576096+00:00,2024-04-13T09:14:40.077996+00:00,2.862858293557316,0.4944925617424767,,0.987012987012987,True,True,True,True,all4-early-fusion+ridge-only
1279,1179.0,0.9,1179.0,1179.0,matched,,2025-02-28T06:26:17.677810+00:00,2024-04-13T09:14:40.182662+00:00,2.952834434593493,0.666703341572517,,1.0,True,True,True,True,all4-early-fusion+ridge-only
1280,1180.0,0.9,1180.0,1180.0,matched,,2025-02-28T06:26:17.774625+00:00,2024-04-13T09:14:40.280197+00:00,3.0,0.6142795984092038,,1.0,True,True,True,True,all4-early-fusion+ridge-only
1281,1181.0,0.9,1181.0,1181.0,matched,,2025-02-28T06:26:17.875100+00:00,2024-04-13T09:14:40.378464+00:00,3.0,0.08026462973822523,,1.0,True,True,True,True,all4-early-fusion+ridge-only
1282,1182.0,0.9,1182.0,1182.0,matched,,2025-02-28T06:26:17.975256+00:00,2024-04-13T09:14:40.478775+00:00,3.0,0.2471958446978797,,1.0,True,True,True,True,all4-early-fusion+ridge-only
1283,1183.0,0.9,1183.0,1183.0,matched,,2025-02-28T06:26:18.077591+00:00,2024-04-13T09:14:40.579040+00:00,3.0,0.0,,1.0,True,True,True,True,all4-early-fusion+ridge-only
1284,1184.0,0.9,1184.0,1184.0,matched,,2025-02-28T06:26:18.179213+00:00,2024-04-13T09:14:40.678765+00:00,3.0,0.0010182158401690344,,1.0,True,True,True,True,all4-early-fusion+ridge-only
1285,1185.0,0.9,1185.0,1185.0,matched,,2025-02-28T06:26:18.276910+00:00,2024-04-13T09:14:40.782153+00:00,2.963879968492354,0.08153730352681832,,1.0,True,True,True,True,all4-early-fusion+ridge-only
1286,1186.0,0.9,1186.0,1186.0,matched,,2025-02-28T06:26:18.374566+00:00,2024-04-13T09:14:40.881420+00:00,2.963879968492354,0.33531203130888265,,1.0,True,True,True,True,all4-early-fusion+ridge-only
1287,1187.0,0.9,1187.0,1187.0,matched,,2025-02-28T06:26:18.475377+00:00,2024-04-13T09:14:40.978737+00:00,2.963879968492354,0.2021159467698328,,1.0,True,True,True,True,all4-early-fusion+ridge-only
1288,1188.0,0.9,1188.0,1188.0,matched,,2025-02-28T06:26:18.574476+00:00,2024-04-13T09:14:41.078638+00:00,2.963879968492354,0.37182831856955856,,1.0,True,True,True,True,all4-early-fusion+ridge-only
1289,1189.0,0.9,1189.0,1189.0,matched,,2025-02-28T06:26:18.675820+00:00,2024-04-13T09:14:41.178105+00:00,2.963879968492354,0.7555384822280331,,1.0,True,True,True,True,all4-early-fusion+ridge-only
1290,1190.0,0.9,1190.0,1190.0,matched,,2025-02-28T06:26:18.774628+00:00,2024-04-13T09:14:41.278968+00:00,2.9068486477651074,0.281033062943294,,1.0,True,True,True,True,all4-early-fusion+ridge-only
1291,1191.0,0.9,1191.0,1191.0,matched,,2025-02-28T06:26:18.874851+00:00,2024-04-13T09:14:41.379218+00:00,2.875921757516349,0.0,,1.0,True,True,True,True,all4-early-fusion+ridge-only
1292,1192.0,0.9,1192.0,1192.0,matched,,2025-02-28T06:26:18.975257+00:00,2024-04-13T09:14:41.483659+00:00,2.8366122238912452,0.0,,1.0,True,True,True,True,all4-early-fusion+ridge-only
1293,1193.0,0.9,1193.0,1193.0,matched,,2025-02-28T06:26:19.074901+00:00,2024-04-13T09:14:41.581863+00:00,2.8020460218540078,0.525745466418285,,1.0,True,True,True,True,all4-early-fusion+ridge-only
1294,1194.0,0.9,1194.0,1194.0,matched,,2025-02-28T06:26:19.174285+00:00,2024-04-13T09:14:41.685461+00:00,2.758050900960675,0.0,,1.0,True,True,True,True,all4-early-fusion+ridge-only
1295,1195.0,0.9,1195.0,1195.0,matched,,2025-02-28T06:26:19.277601+00:00,2024-04-13T09:14:41.781426+00:00,2.719904585727048,-0.43886131530823214,,1.0,True,True,True,True,all4-early-fusion+ridge-only
1296,1196.0,0.9,1196.0,1196.0,matched,,2025-02-28T06:26:19.374660+00:00,2024-04-13T09:14:41.878390+00:00,2.710854869571206,-0.18945916001048868,,1.0,True,True,True,True,all4-early-fusion+ridge-only
1297,1197.0,0.9,1197.0,1197.0,matched,,2025-02-28T06:26:19.476326+00:00,2024-04-13T09:14:41.981103+00:00,2.6524454520476897,-0.11422031151177547,,1.0,True,True,True,True,all4-early-fusion+ridge-only
1298,1198.0,0.9,1198.0,1198.0,matched,,2025-02-28T06:26:19.576730+00:00,2024-04-13T09:14:42.079437+00:00,2.5911990641137166,-0.14660874906953625,,1.0,True,True,True,True,all4-early-fusion+ridge-only
1299,1199.0,0.9,1199.0,1199.0,matched,,2025-02-28T06:26:19.676363+00:00,2024-04-13T09:14:42.179839+00:00,2.5102759153891196,-0.4839463298266691,,1.0,True,True,True,True,all4-early-fusion+ridge-only
1300,1200.0,0.9,1200.0,1200.0,matched,,2025-02-28T06:26:19.778558+00:00,2024-04-13T09:14:42.278967+00:00,2.425027002521171,-0.41960946756989514,,1.0,True,True,True,True,all4-early-fusion+ridge-only
1301,1201.0,0.9,1201.0,1201.0,matched,,2025-02-28T06:26:19.875223+00:00,2024-04-13T09:14:42.378399+00:00,2.3809884928041387,-0.35832183108282356,,1.0,True,True,True,True,all4-early-fusion+ridge-only
1302,1202.0,0.9,1202.0,1202.0,matched,,2025-02-28T06:26:19.974365+00:00,2024-04-13T09:14:42.477755+00:00,2.3054631001092987,-0.6425035927586737,,1.0,True,True,True,True,all4-early-fusion+ridge-only
1303,1203.0,0.9,1203.0,1203.0,matched,,2025-02-28T06:26:20.074492+00:00,2024-04-13T09:14:42.578308+00:00,2.2717128721062094,-0.6737102672737114,,1.0,True,True,True,True,all4-early-fusion+ridge-only
1304,1204.0,0.9,1204.0,1204.0,matched,,2025-02-28T06:26:20.178567+00:00,2024-04-13T09:14:42.682045+00:00,2.2330656325058724,-0.8198076415238926,,1.0,True,True,True,True,all4-early-fusion+ridge-only
1305,1205.0,0.9,1205.0,1205.0,matched,,2025-02-28T06:26:20.275552+00:00,2024-04-13T09:14:42.777872+00:00,2.1823239436335804,-0.6046270755795096,,1.0,True,True,True,True,all4-early-fusion+ridge-only
1306,1206.0,0.9,1206.0,1206.0,matched,,2025-02-28T06:26:20.374232+00:00,2024-04-13T09:14:42.879261+00:00,2.12920738394609,-0.7912259321591981,,1.0,True,True,True,True,all4-early-fusion+ridge-only
1307,1207.0,0.9,1207.0,1207.0,matched,,2025-02-28T06:26:20.475733+00:00,2024-04-13T09:14:42.980331+00:00,2.0876503664779644,-0.8563073193240223,,1.0,True,True,True,True,all4-early-fusion+ridge-only
1308,1208.0,0.9,1208.0,1208.0,matched,,2025-02-28T06:26:20.574677+00:00,2024-04-13T09:14:43.080624+00:00,2.0491569211608294,-0.8036573779101275,,1.0,True,True,True,True,all4-early-fusion+ridge-only
1309,1209.0,0.9,1209.0,1209.0,matched,,2025-02-28T06:26:20.674410+00:00,2024-04-13T09:14:43.181974+00:00,2.0212777579454024,-0.5513417396461411,,1.0,True,True,True,True,all4-early-fusion+ridge-only
1310,1210.0,0.9,1210.0,1210.0,matched,,2025-02-28T06:26:20.779189+00:00,2024-04-13T09:14:43.278952+00:00,2.0165996049856414,-0.7516454486993966,,1.0,True,True,True,True,all4-early-fusion+ridge-only
1311,1211.0,0.9,1211.0,1211.0,matched,,2025-02-28T06:26:20.874394+00:00,2024-04-13T09:14:43.384151+00:00,2.029154413815219,-0.7739665026820937,,1.0,True,True,True,True,all4-early-fusion+ridge-only
1312,1212.0,0.9,1212.0,1212.0,matched,,2025-02-28T06:26:20.978450+00:00,2024-04-13T09:14:43.483685+00:00,2.0510598798932,-0.7459431983766609,,1.0,True,True,True,True,all4-early-fusion+ridge-only
1313,1213.0,0.9,1213.0,1213.0,matched,,2025-02-28T06:26:21.075109+00:00,2024-04-13T09:14:43.579949+00:00,2.0100590657918294,-0.8591697494186206,,1.0,True,True,True,True,all4-early-fusion+ridge-only
1314,1214.0,0.9,1214.0,1214.0,matched,,2025-02-28T06:26:21.178326+00:00,2024-04-13T09:14:43.682414+00:00,1.9316616634010926,-0.7154863725632357,,1.0,True,True,True,True,all4-early-fusion+ridge-only
1315,1215.0,0.9,1215.0,1215.0,matched,,2025-02-28T06:26:21.275233+00:00,2024-04-13T09:14:43.780888+00:00,1.8478140209428355,-0.8615955018300374,,1.0,True,True,True,True,all4-early-fusion+ridge-only
1316,1216.0,0.9,1216.0,1216.0,matched,,2025-02-28T06:26:21.377827+00:00,2024-04-13T09:14:43.878158+00:00,1.776696706420459,-0.4790768635604694,,1.0,True,True,True,True,all4-early-fusion+ridge-only
1317,1217.0,0.9,1217.0,1217.0,matched,,2025-02-28T06:26:21.477571+00:00,2024-04-13T09:14:43.981502+00:00,1.6868776431251846,-0.5119026545055827,,1.0,True,True,True,True,all4-early-fusion+ridge-only
1318,1218.0,0.9,1218.0,1218.0,matched,,2025-02-28T06:26:21.577841+00:00,2024-04-13T09:14:44.082251+00:00,1.61436113733657,-1.260768540335396,,0.987012987012987,True,True,True,True,all4-early-fusion+ridge-only
1319,1219.0,0.9,1219.0,1219.0,matched,,2025-02-28T06:26:21.676089+00:00,2024-04-13T09:14:44.177840+00:00,1.5648111531366569,-1.6660288042082274,,0.9753246753246754,True,True,True,True,all4-early-fusion+ridge-only
1320,1220.0,0.9,1220.0,1220.0,matched,,2025-02-28T06:26:21.775450+00:00,2024-04-13T09:14:44.279262+00:00,1.5247813195758624,-1.677760414744307,,0.964935064935065,True,True,True,True,all4-early-fusion+ridge-only
1321,1221.0,0.7,1221.0,1221.0,matched,,2025-02-28T06:26:21.875555+00:00,2024-04-13T09:14:44.380089+00:00,1.4940915127034173,-1.1382173054773874,,0.9558441558441558,True,True,True,True,all4-early-fusion+ridge-only
1322,1222.0,0.7,1222.0,1222.0,matched,,2025-02-28T06:26:21.977026+00:00,2024-04-13T09:14:44.480043+00:00,1.4602958000622763,-1.583646706601182,,0.948051948051948,True,True,True,True,all4-early-fusion+ridge-only
1323,1223.0,0.7,1223.0,1223.0,matched,,2025-02-28T06:26:22.074498+00:00,2024-04-13T09:14:44.577837+00:00,1.4392319484935863,-1.1647818233082965,,0.9415584415584416,True,True,True,True,all4-early-fusion+ridge-only
1324,1224.0,0.7,1224.0,1224.0,matched,,2025-02-28T06:26:22.174387+00:00,2024-04-13T09:14:44.678074+00:00,1.4643547797246108,-0.9738744936540797,,0.9363636363636364,True,True,True,True,all4-early-fusion+ridge-only
1325,1225.0,0.9,1225.0,1225.0,matched,,2025-02-28T06:26:22.274934+00:00,2024-04-13T09:14:44.780028+00:00,1.5222472885894085,-1.237444204119581,,0.9324675324675324,True,True,True,True,all4-early-fusion+ridge-only
1326,1226.0,0.9,1226.0,1226.0,matched,,2025-02-28T06:26:22.377501+00:00,2024-04-13T09:14:44.877724+00:00,1.583815668672944,-1.1282318649633494,,0.9298701298701298,True,True,True,True,all4-early-fusion+ridge-only
1327,1227.0,0.9,1227.0,1227.0,matched,,2025-02-28T06:26:22.474300+00:00,2024-04-13T09:14:44.977642+00:00,1.6544186117006268,-0.9626935126268357,,0.9285714285714286,True,True,True,True,all4-early-fusion+ridge-only
1328,1227.0,0.9,1227.0,1227.0,matched,,2025-02-28T06:26:22.574644+00:00,2024-04-13T09:14:44.977642+00:00,1.7386805655495197,-0.8474308095533174,,0.9285714285714286,True,True,True,True,all4-early-fusion+ridge-only
1329,1228.0,0.9,1228.0,1228.0,matched,,2025-02-28T06:26:22.677285+00:00,2024-04-13T09:14:45.081580+00:00,1.812186002341022,-1.1786196452094442,,0.9298701298701298,True,True,True,True,all4-early-fusion+ridge-only
1330,1229.0,0.9,1229.0,1229.0,matched,,2025-02-28T06:26:22.775935+00:00,2024-04-13T09:14:45.183027+00:00,1.8947823802473316,-0.714932597103934,,0.9324675324675324,True,True,True,True,all4-early-fusion+ridge-only
1331,1230.0,0.9,1230.0,1230.0,matched,,2025-02-28T06:26:22.877401+00:00,2024-04-13T09:14:45.283243+00:00,1.9429038691251803,-0.5748688695108348,,0.9363636363636364,True,True,True,True,all4-early-fusion+ridge-only
1332,1231.0,0.9,1231.0,1231.0,matched,,2025-02-28T06:26:22.976886+00:00,2024-04-13T09:14:45.381820+00:00,1.990575678492983,-0.4793618497533423,,0.9415584415584416,True,True,True,True,all4-early-fusion+ridge-only
1333,1232.0,0.9,1232.0,1232.0,matched,,2025-02-28T06:26:23.075892+00:00,2024-04-13T09:14:45.485764+00:00,2.031455095743018,-0.767520186741067,,0.948051948051948,True,True,True,True,all4-early-fusion+ridge-only
1334,1233.0,0.9,1233.0,1233.0,matched,,2025-02-28T06:26:23.174469+00:00,2024-04-13T09:14:45.579482+00:00,2.059355496725621,-0.6286586628634265,,0.9558441558441558,True,True,True,True,all4-early-fusion+ridge-only
1335,1234.0,0.9,1234.0,1234.0,matched,,2025-02-28T06:26:23.276186+00:00,2024-04-13T09:14:45.680414+00:00,2.088473569940326,-0.46277481360153283,,0.964935064935065,True,True,True,True,all4-early-fusion+ridge-only
1336,1235.0,0.9,1235.0,1235.0,matched,,2025-02-28T06:26:23.379156+00:00,2024-04-13T09:14:45.781738+00:00,2.071215710256617,-0.5130563015337644,,0.9753246753246754,True,True,True,True,all4-early-fusion+ridge-only
1337,1236.0,0.9,1236.0,1236.0,matched,,2025-02-28T06:26:23.475657+00:00,2024-04-13T09:14:45.882345+00:00,2.050867073046714,-0.28348216026819584,,0.987012987012987,True,True,True,True,all4-early-fusion+ridge-only
1338,1237.0,0.9,1237.0,1237.0,matched,,2025-02-28T06:26:23.576124+00:00,2024-04-13T09:14:45.981893+00:00,2.006457755089036,-0.12540138888206975,,1.0,True,True,True,True,all4-early-fusion+ridge-only
1339,1238.0,0.9,1238.0,1238.0,matched,,2025-02-28T06:26:23.675652+00:00,2024-04-13T09:14:46.082188+00:00,1.973388373737898,-0.14517157247910584,,1.0120481927710843,True,True,True,True,all4-early-fusion+ridge-only
1340,1239.0,0.9,1239.0,1239.0,matched,,2025-02-28T06:26:23.775134+00:00,2024-04-13T09:14:46.179648+00:00,1.9400640121878538,-0.5198830671531389,,1.0340909090909092,True,True,True,True,all4-early-fusion+ridge-only
1341,1240.0,0.9,1240.0,1240.0,matched,,2025-02-28T06:26:23.874408+00:00,2024-04-13T09:14:46.277535+00:00,1.8869748879394301,-1.1106242262970731,,1.0556867101791416,True,True,True,True,all4-early-fusion+ridge-only
1342,1241.0,0.9,1241.0,1241.0,matched,,2025-02-28T06:26:23.975427+00:00,2024-04-13T09:14:46.381637+00:00,1.8363362644154135,-0.9046233070133167,,1.076417004048583,True,True,True,True,all4-early-fusion+ridge-only
1343,1242.0,0.9,1242.0,1242.0,matched,,2025-02-28T06:26:24.076891+00:00,2024-04-13T09:14:46.480569+00:00,1.771368364472611,-1.1801129888114028,,1.095816464237517,True,True,True,True,all4-early-fusion+ridge-only
1344,1243.0,0.9,1243.0,1243.0,matched,,2025-02-28T06:26:24.174364+00:00,2024-04-13T09:14:46.578115+00:00,1.6862449486387254,-1.4088474681010377,,1.113390092879257,True,True,True,True,all4-early-fusion+ridge-only
1345,1244.0,0.9,1244.0,1244.0,matched,,2025-02-28T06:26:24.277858+00:00,2024-04-13T09:14:46.678267+00:00,1.6424600977052775,-0.8225171946409131,,1.128637303227858,True,True,True,True,all4-early-fusion+ridge-only
1346,1245.0,0.9,1245.0,1245.0,matched,,2025-02-28T06:26:24.376600+00:00,2024-04-13T09:14:46.778029+00:00,1.619395368555619,-0.9521406587426713,,1.1410818713450293,True,True,True,True,all4-early-fusion+ridge-only
1347,1246.0,0.9,1246.0,1246.0,matched,,2025-02-28T06:26:24.480252+00:00,2024-04-13T09:14:46.877696+00:00,1.6301810172856683,-1.4483977129199994,,1.1503052301600394,True,True,True,True,all4-early-fusion+ridge-only
1348,1247.0,0.9,1247.0,1249.0,ambiguous_range,,2025-02-28T06:26:24.575413+00:00,2024-04-13T09:14:46.978863+00:00,1.594990578202802,-1.4694591904498349,,1.155979347101932,True,True,True,True,all4-early-fusion+ridge-only
1349,1250.0,0.9,1250.0,1250.0,matched,,2025-02-28T06:26:24.677373+00:00,2024-04-13T09:14:47.285165+00:00,1.565320347403737,-1.6580719678969826,,1.1503052301600394,True,True,True,True,all4-early-fusion+ridge-only
1350,1251.0,0.9,1251.0,1251.0,matched,,2025-02-28T06:26:24.774255+00:00,2024-04-13T09:14:47.380542+00:00,1.5274789195836787,-1.2772393247441618,,1.1410818713450293,True,True,True,True,all4-early-fusion+ridge-only
1351,1252.0,0.7,1252.0,1252.0,matched,,2025-02-28T06:26:24.877621+00:00,2024-04-13T09:14:47.478560+00:00,1.4490347265710661,-1.279046139237873,,1.128637303227858,True,True,True,True,all4-early-fusion+ridge-only
1352,1253.0,0.7,1253.0,1253.0,matched,,2025-02-28T06:26:24.974451+00:00,2024-04-13T09:14:47.584071+00:00,1.3772560127257931,-1.100405527185713,,1.113390092879257,True,True,True,True,all4-early-fusion+ridge-only
1353,1254.0,0.7,1254.0,1254.0,matched,,2025-02-28T06:26:25.075447+00:00,2024-04-13T09:14:47.681921+00:00,1.3206170618781297,-1.6613495833557048,,1.095816464237517,True,True,True,True,all4-early-fusion+ridge-only
1354,1255.0,0.7,1255.0,1255.0,matched,,2025-02-28T06:26:25.181428+00:00,2024-04-13T09:14:47.778476+00:00,1.2850888800651037,-1.7322554366729803,,1.076417004048583,True,True,True,True,all4-early-fusion+ridge-only
1355,1256.0,0.7,1256.0,1256.0,matched,,2025-02-28T06:26:25.274581+00:00,2024-04-13T09:14:47.879735+00:00,1.2903833166643415,-1.845038728925648,,1.0556867101791416,True,True,True,True,all4-early-fusion+ridge-only
1356,1257.0,0.7,1257.0,1257.0,matched,,2025-02-28T06:26:25.374661+00:00,2024-04-13T09:14:47.979923+00:00,1.226622491779216,-2.172570275605214,,1.0340909090909092,True,True,True,True,all4-early-fusion+ridge-only
1357,1258.0,0.7,1258.0,1258.0,matched,,2025-02-28T06:26:25.486103+00:00,2024-04-13T09:14:48.078120+00:00,1.1582159198272999,-2.075967379507461,,1.0120481927710843,True,True,True,True,all4-early-fusion+ridge-only
1358,1259.0,0.7,1259.0,1259.0,matched,,2025-02-28T06:26:25.575547+00:00,2024-04-13T09:14:48.178068+00:00,1.083630299710685,-2.0714261722442955,,1.0,True,True,True,True,all4-early-fusion+ridge-only
1359,1260.0,0.7,1260.0,1260.0,matched,,2025-02-28T06:26:25.677294+00:00,2024-04-13T09:14:48.278656+00:00,1.0664788891127437,-1.6991784336317333,,1.0,True,True,True,True,all4-early-fusion+ridge-only
1360,1261.0,0.7,1261.0,1261.0,matched,,2025-02-28T06:26:25.774269+00:00,2024-04-13T09:14:48.379329+00:00,1.083564667447601,-1.5998331653053655,,1.0,True,True,True,True,all4-early-fusion+ridge-only
1361,1262.0,0.7,1262.0,1262.0,matched,,2025-02-28T06:26:25.875458+00:00,2024-04-13T09:14:48.478641+00:00,1.1002390706838119,-1.9786083984805416,,1.0,True,True,True,True,all4-early-fusion+ridge-only
1362,1263.0,0.7,1263.0,1263.0,matched,,2025-02-28T06:26:25.975377+00:00,2024-04-13T09:14:48.579175+00:00,1.1340615485028507,-2.0315184307089518,,1.0,True,True,True,True,all4-early-fusion+ridge-only
1363,1264.0,0.7,1264.0,1264.0,matched,,2025-02-28T06:26:26.074641+00:00,2024-04-13T09:14:48.677987+00:00,1.1729586010580857,-1.9208473484684752,,1.0,True,True,True,True,all4-early-fusion+ridge-only
1364,1265.0,0.7,1265.0,1265.0,matched,,2025-02-28T06:26:26.174264+00:00,2024-04-13T09:14:48.777980+00:00,1.1809865771316916,-1.5924315432042553,,1.0,True,True,True,True,all4-early-fusion+ridge-only
1365,1266.0,0.7,1266.0,1266.0,matched,,2025-02-28T06:26:26.276947+00:00,2024-04-13T09:14:48.878881+00:00,1.1753634306490754,-1.2378132037449054,,1.0,True,True,True,True,all4-early-fusion+ridge-only
1366,1267.0,0.7,1267.0,1267.0,matched,,2025-02-28T06:26:26.375071+00:00,2024-04-13T09:14:48.978734+00:00,1.1258700355828468,-1.6027131073570944,,1.0,True,True,True,True,all4-early-fusion+ridge-only
1367,1268.0,0.7,1268.0,1268.0,matched,,2025-02-28T06:26:26.475714+00:00,2024-04-13T09:14:49.080426+00:00,1.0904074922091136,-1.8005230195957866,,1.0,True,True,True,True,all4-early-fusion+ridge-only
1368,1269.0,0.7,1269.0,1269.0,matched,,2025-02-28T06:26:26.578419+00:00,2024-04-13T09:14:49.177510+00:00,1.0655224617142132,-1.1866992383040205,,1.0,True,True,True,True,all4-early-fusion+ridge-only
1369,1270.0,0.7,1270.0,1270.0,matched,,2025-02-28T06:26:26.675114+00:00,2024-04-13T09:14:49.282927+00:00,1.0762962672799505,-1.9241924552815597,,1.0,True,True,True,True,all4-early-fusion+ridge-only
1370,1271.0,0.7,1271.0,1271.0,matched,,2025-02-28T06:26:26.776935+00:00,2024-04-13T09:14:49.380062+00:00,1.084959297562346,-1.9221238017019027,,1.0,True,True,True,True,all4-early-fusion+ridge-only
1371,1272.0,0.7,1272.0,1272.0,matched,,2025-02-28T06:26:26.877768+00:00,2024-04-13T09:14:49.480131+00:00,1.0773564176334978,-2.14426051103388,,1.0,True,True,True,True,all4-early-fusion+ridge-only
1372,1273.0,0.7,1273.0,1273.0,matched,,2025-02-28T06:26:26.976025+00:00,2024-04-13T09:14:49.583706+00:00,1.0714257910008145,-2.2943739116356445,,1.0,True,True,True,True,all4-early-fusion+ridge-only
1373,1274.0,0.7,1274.0,1274.0,matched,,2025-02-28T06:26:27.076818+00:00,2024-04-13T09:14:49.680421+00:00,1.0684372926683812,-2.1250064107710642,,1.0,True,True,True,True,all4-early-fusion+ridge-only
1374,1275.0,0.7,1275.0,1275.0,matched,,2025-02-28T06:26:27.174355+00:00,2024-04-13T09:14:49.781812+00:00,1.0576497093551867,-1.4547207442002676,,1.0,True,True,True,True,all4-early-fusion+ridge-only
1375,1276.0,0.7,1276.0,1276.0,matched,,2025-02-28T06:26:27.277043+00:00,2024-04-13T09:14:49.878270+00:00,1.0983186190955156,-1.4761252402895324,,1.0,True,True,True,True,all4-early-fusion+ridge-only
1376,1277.0,0.7,1277.0,1277.0,matched,,2025-02-28T06:26:27.374650+00:00,2024-04-13T09:14:49.977948+00:00,1.1711256904987652,-1.200732750630507,,1.0,True,True,True,True,all4-early-fusion+ridge-only
1377,1278.0,0.7,1278.0,1278.0,matched,,2025-02-28T06:26:27.476100+00:00,2024-04-13T09:14:50.078284+00:00,1.2383354999539915,-1.477621400578339,,1.0,True,True,True,True,all4-early-fusion+ridge-only
1378,1279.0,0.7,1279.0,1279.0,matched,,2025-02-28T06:26:27.574773+00:00,2024-04-13T09:14:50.178163+00:00,1.3271369114743858,-1.2528580608651472,,1.0,True,True,True,True,all4-early-fusion+ridge-only
1379,1280.0,0.7,1280.0,1280.0,matched,,2025-02-28T06:26:27.674715+00:00,2024-04-13T09:14:50.284016+00:00,1.4210899578385712,-1.3406347708005955,,1.0,True,True,True,True,all4-early-fusion+ridge-only
1380,1281.0,0.7,1281.0,1281.0,matched,,2025-02-28T06:26:27.775400+00:00,2024-04-13T09:14:50.377709+00:00,1.4974075427069955,-1.2434295350109605,,0.987012987012987,True,True,True,True,all4-early-fusion+ridge-only
1381,1282.0,0.9,1282.0,1282.0,matched,,2025-02-28T06:26:27.879126+00:00,2024-04-13T09:14:50.480478+00:00,1.560125341009485,-0.8361900178155406,,0.9753246753246754,True,True,True,True,all4-early-fusion+ridge-only
1382,1283.0,0.9,1283.0,1283.0,matched,,2025-02-28T06:26:27.975433+00:00,2024-04-13T09:14:50.582853+00:00,1.6318593588570018,-0.9717031737212813,,0.964935064935065,True,True,True,True,all4-early-fusion+ridge-only
1383,1284.0,0.9,1284.0,1284.0,matched,,2025-02-28T06:26:28.074425+00:00,2024-04-13T09:14:50.684020+00:00,1.7207332651820735,-1.0565779153257802,,0.9558441558441558,True,True,True,True,all4-early-fusion+ridge-only
1384,1285.0,0.9,1285.0,1285.0,matched,,2025-02-28T06:26:28.174382+00:00,2024-04-13T09:14:50.781694+00:00,1.8483002046627255,-0.8695742208017729,,0.935064935064935,True,True,True,True,all4-early-fusion+ridge-only
1385,1286.0,0.9,1286.0,1286.0,matched,,2025-02-28T06:26:28.275919+00:00,2024-04-13T09:14:50.878483+00:00,1.9730426792265747,-0.6193445411499647,,0.9038961038961039,True,True,True,True,all4-early-fusion+ridge-only
1386,1287.0,0.9,1287.0,1287.0,matched,,2025-02-28T06:26:28.374618+00:00,2024-04-13T09:14:50.977661+00:00,2.056865582011737,-0.68558401016519,,0.8766233766233766,True,True,True,True,all4-early-fusion+ridge-only
1387,1288.0,0.9,1288.0,1288.0,matched,,2025-02-28T06:26:28.481772+00:00,2024-04-13T09:14:51.077472+00:00,2.081494357947004,-0.7944203200556874,,0.8532467532467533,True,True,True,True,all4-early-fusion+ridge-only
1388,1289.0,0.9,1289.0,1289.0,matched,,2025-02-28T06:26:28.578502+00:00,2024-04-13T09:14:51.182254+00:00,2.138009536020974,-0.3777707812386697,,0.8337662337662337,True,True,True,True,all4-early-fusion+ridge-only
1389,1290.0,0.9,1290.0,1290.0,matched,,2025-02-28T06:26:28.680713+00:00,2024-04-13T09:14:51.278312+00:00,2.1970720425392667,0.22517799912802472,,0.8181818181818182,True,True,True,True,all4-early-fusion+ridge-only
1390,1290.0,0.9,1290.0,1290.0,matched,,2025-02-28T06:26:28.780161+00:00,2024-04-13T09:14:51.278312+00:00,2.259588542241161,-0.025761730689577433,,0.8064935064935065,True,True,True,True,all4-early-fusion+ridge-only
1391,1291.0,0.9,1291.0,1291.0,matched,,2025-02-28T06:26:28.877948+00:00,2024-04-13T09:14:51.381539+00:00,2.2809035471658525,-0.20189352804321326,,0.7987012987012987,True,True,True,True,all4-early-fusion+ridge-only
1392,1292.0,0.9,1292.0,1292.0,matched,,2025-02-28T06:26:28.974665+00:00,2024-04-13T09:14:51.480383+00:00,2.32704669917102,-0.2804453071474353,,0.7948051948051948,True,True,True,True,all4-early-fusion+ridge-only
1393,1293.0,0.9,1293.0,1293.0,matched,,2025-02-28T06:26:29.078831+00:00,2024-04-13T09:14:51.578436+00:00,2.3839965471822473,-0.15504449666017273,,0.8035510462904247,True,True,True,True,all4-early-fusion+ridge-only
1394,1293.0,0.9,1293.0,1293.0,matched,,2025-02-28T06:26:29.174644+00:00,2024-04-13T09:14:51.578436+00:00,2.419244767401604,-0.46630073019225193,,0.8157040882543802,True,True,True,True,all4-early-fusion+ridge-only
1395,1293.0,0.9,1293.0,1293.0,matched,,2025-02-28T06:26:29.276068+00:00,2024-04-13T09:14:51.578436+00:00,2.4428241519257865,-0.33342131031865874,,0.8314115308151094,True,True,True,True,all4-early-fusion+ridge-only
1396,1294.0,0.9,1294.0,1294.0,matched,,2025-02-28T06:26:29.375314+00:00,2024-04-13T09:14:51.678505+00:00,2.463602515051496,-0.5158720372872847,,0.8592495153697036,True,True,True,True,all4-early-fusion+ridge-only
1397,1295.0,0.9,1295.0,1295.0,matched,,2025-02-28T06:26:29.479770+00:00,2024-04-13T09:14:51.778264+00:00,2.510858642951888,0.007741679215423236,,0.891523713420787,True,True,True,True,all4-early-fusion+ridge-only
1398,1296.0,0.9,1296.0,1296.0,matched,,2025-02-28T06:26:29.576498+00:00,2024-04-13T09:14:51.882020+00:00,2.5881613230408167,-0.08757702816138835,,0.9282511210762334,True,True,True,True,all4-early-fusion+ridge-only
1399,1297.0,0.9,1297.0,1297.0,matched,,2025-02-28T06:26:29.679412+00:00,2024-04-13T09:14:51.981741+00:00,2.6593691092419736,0.002265021219173935,,0.9692948619040271,True,True,True,True,all4-early-fusion+ridge-only
1400,1298.0,0.9,1298.0,1298.0,matched,,2025-02-28T06:26:29.779689+00:00,2024-04-13T09:14:52.082654+00:00,2.7268412253479783,0.11193906322181668,,1.0143423137876386,True,True,True,True,all4-early-fusion+ridge-only
1401,1299.0,0.9,1299.0,1299.0,matched,,2025-02-28T06:26:29.878208+00:00,2024-04-13T09:14:52.182496+00:00,2.7799402034776137,0.184089827584216,,1.045410393394852,True,True,True,True,all4-early-fusion+ridge-only
1402,1300.0,0.9,1300.0,1301.0,ambiguous_range,,2025-02-28T06:26:29.978620+00:00,2024-04-13T09:14:52.282224+00:00,2.846156294343167,-0.010115692041578583,,1.1096265560165974,True,True,True,True,all4-early-fusion+ridge-only
1403,1302.0,0.9,1302.0,1302.0,matched,,2025-02-28T06:26:30.076138+00:00,2024-04-13T09:14:52.482698+00:00,2.8968155046561197,0.12065254715911644,,1.1416083916083917,True,True,True,True,all4-early-fusion+ridge-only
1404,1303.0,0.9,1303.0,1304.0,ambiguous_range,,2025-02-28T06:26:30.174633+00:00,2024-04-13T09:14:52.582153+00:00,2.927979470408429,0.0,,1.149786254521539,True,True,True,True,all4-early-fusion+ridge-only
1405,1305.0,0.9,1305.0,1305.0,matched,,2025-02-28T06:26:30.276491+00:00,2024-04-13T09:14:52.780163+00:00,2.9608443607991686,0.12188499687473575,,1.1406022340942203,True,True,True,True,all4-early-fusion+ridge-only
1406,1306.0,0.9,1306.0,1306.0,matched,,2025-02-28T06:26:30.375363+00:00,2024-04-13T09:14:52.877969+00:00,2.9763704459991116,0.0,,1.145516903478687,True,True,True,True,all4-early-fusion+ridge-only
1407,1307.0,0.9,1307.0,1307.0,matched,,2025-02-28T06:26:30.474782+00:00,2024-04-13T09:14:52.977882+00:00,2.991464446295463,0.16670025760369622,,1.145516903478687,True,True,True,True,all4-early-fusion+ridge-only
1408,1308.0,0.9,1308.0,1308.0,matched,,2025-02-28T06:26:30.575032+00:00,2024-04-13T09:14:53.079450+00:00,3.0,0.0,,1.1406022340942203,True,True,True,True,all4-early-fusion+ridge-only
1409,1309.0,0.9,1309.0,1309.0,matched,,2025-02-28T06:26:30.676746+00:00,2024-04-13T09:14:53.179047+00:00,2.9906081594993634,0.44810867286579237,,1.1310262529832935,True,True,True,True,all4-early-fusion+ridge-only
1410,1310.0,0.9,1310.0,1310.0,matched,,2025-02-28T06:26:30.779950+00:00,2024-04-13T09:14:53.279617+00:00,2.9481808172382618,0.5379714949733967,,1.1172638436482085,True,True,True,True,all4-early-fusion+ridge-only
1411,1311.0,0.9,1311.0,1311.0,matched,,2025-02-28T06:26:30.876502+00:00,2024-04-13T09:14:53.378116+00:00,2.9016394093680127,0.23312741269111115,,1.09995497523638,True,True,True,True,all4-early-fusion+ridge-only
1412,1312.0,0.9,1312.0,1312.0,matched,,2025-02-28T06:26:30.974569+00:00,2024-04-13T09:14:53.482173+00:00,2.8717993730953357,0.32472452044344235,,1.0937824603056832,True,True,True,True,all4-early-fusion+ridge-only
1413,1313.0,0.9,1313.0,1313.0,matched,,2025-02-28T06:26:31.074712+00:00,2024-04-13T09:14:53.578233+00:00,2.8498538693653535,0.19911023158921015,,1.0847803881511746,True,True,True,True,all4-early-fusion+ridge-only
1414,1314.0,0.9,1314.0,1314.0,matched,,2025-02-28T06:26:31.174683+00:00,2024-04-13T09:14:53.678124+00:00,2.8336465894550735,-0.021794610074822085,,1.0732334047109209,True,True,True,True,all4-early-fusion+ridge-only
1415,1315.0,0.9,1315.0,1316.0,ambiguous_range,,2025-02-28T06:26:31.278501+00:00,2024-04-13T09:14:53.780186+00:00,2.8219687227489825,-0.4495103497337487,,1.0748031496062993,True,True,True,True,all4-early-fusion+ridge-only
1416,1317.0,0.9,1317.0,1317.0,matched,,2025-02-28T06:26:31.375830+00:00,2024-04-13T09:14:53.978446+00:00,2.7847484190978045,-0.5119554865727403,,1.0732334047109209,True,True,True,True,all4-early-fusion+ridge-only
1417,1318.0,0.9,1318.0,1318.0,matched,,2025-02-28T06:26:31.475809+00:00,2024-04-13T09:14:54.080197+00:00,2.7456710043997017,-0.328240398999446,,1.0701206529453513,True,True,True,True,all4-early-fusion+ridge-only
1418,1319.0,0.9,1319.0,1319.0,matched,,2025-02-28T06:26:31.575125+00:00,2024-04-13T09:14:54.179760+00:00,2.729232018510317,-0.241400541029809,,1.0655172413793101,True,True,True,True,all4-early-fusion+ridge-only
1419,1320.0,0.9,1320.0,1320.0,matched,,2025-02-28T06:26:31.675394+00:00,2024-04-13T09:14:54.278219+00:00,2.7155288993450175,-0.17828007901307874,,1.0594989561586639,True,True,True,True,all4-early-fusion+ridge-only
1420,1321.0,0.9,1321.0,1321.0,matched,,2025-02-28T06:26:31.776048+00:00,2024-04-13T09:14:54.379520+00:00,2.6988941323046713,-0.12845653376700206,,1.0521619766643788,True,True,True,True,all4-early-fusion+ridge-only
1421,1322.0,0.9,1322.0,1322.0,matched,,2025-02-28T06:26:31.879238+00:00,2024-04-13T09:14:54.481897+00:00,2.721307539413508,-0.4094233401629559,,1.0436191762322753,True,True,True,True,all4-early-fusion+ridge-only
1422,1323.0,0.9,1323.0,1323.0,matched,,2025-02-28T06:26:31.974219+00:00,2024-04-13T09:14:54.578013+00:00,2.7168827189199125,-0.42985156167913185,,1.0339960238568588,True,True,True,True,all4-early-fusion+ridge-only
1423,1324.0,0.9,1324.0,1324.0,matched,,2025-02-28T06:26:32.074788+00:00,2024-04-13T09:14:54.681305+00:00,2.693490840122195,-0.18082884478322647,,1.0234263465282283,True,True,True,True,all4-early-fusion+ridge-only
1424,1325.0,0.9,1325.0,1325.0,matched,,2025-02-28T06:26:32.175678+00:00,2024-04-13T09:14:54.777677+00:00,2.667280245835099,-0.15073431081829725,,1.0120481927710843,True,True,True,True,all4-early-fusion+ridge-only
1425,1326.0,0.9,1326.0,1326.0,matched,,2025-02-28T06:26:32.276990+00:00,2024-04-13T09:14:54.886039+00:00,2.6387638749503703,-0.2862926829508119,,1.0,True,True,True,True,all4-early-fusion+ridge-only
1426,1327.0,0.9,1327.0,1327.0,matched,,2025-02-28T06:26:32.377693+00:00,2024-04-13T09:14:54.982956+00:00,2.6168882287005863,-0.22015328667491074,,1.0,True,True,True,True,all4-early-fusion+ridge-only
1427,1328.0,0.9,1328.0,1328.0,matched,,2025-02-28T06:26:32.477518+00:00,2024-04-13T09:14:55.077834+00:00,2.6449046865550114,-0.5606285120022907,,1.0,True,True,True,True,all4-early-fusion+ridge-only
1428,1329.0,0.9,1329.0,1329.0,matched,,2025-02-28T06:26:32.575184+00:00,2024-04-13T09:14:55.184389+00:00,2.6756320279034984,-0.5855510657743412,,1.0,True,True,True,True,all4-early-fusion+ridge-only
1429,1330.0,0.9,1330.0,1330.0,matched,,2025-02-28T06:26:32.674860+00:00,2024-04-13T09:14:55.278824+00:00,2.682768960355599,-0.5297170781878657,,1.0,True,True,True,True,all4-early-fusion+ridge-only
1430,1331.0,0.9,1331.0,1331.0,matched,,2025-02-28T06:26:32.774440+00:00,2024-04-13T09:14:55.381688+00:00,2.6964720795208983,-0.4919601587450906,,1.0,True,True,True,True,all4-early-fusion+ridge-only
1431,1332.0,0.9,1332.0,1332.0,matched,,2025-02-28T06:26:32.879418+00:00,2024-04-13T09:14:55.479548+00:00,2.722498687061881,-0.36908864251463,,1.0,True,True,True,True,all4-early-fusion+ridge-only
1432,1333.0,0.9,1333.0,1333.0,matched,,2025-02-28T06:26:32.979957+00:00,2024-04-13T09:14:55.580403+00:00,2.742512622214146,-0.10124230376428223,,1.0,True,True,True,True,all4-early-fusion+ridge-only
1433,1334.0,0.9,1334.0,1334.0,matched,,2025-02-28T06:26:33.076223+00:00,2024-04-13T09:14:55.679155+00:00,2.7934788505779906,-0.08758035490252869,,1.0,True,True,True,True,all4-early-fusion+ridge-only
1434,1335.0,0.9,1335.0,1335.0,matched,,2025-02-28T06:26:33.175193+00:00,2024-04-13T09:14:55.779147+00:00,2.846710765648385,-0.009854954902413393,,1.0,True,True,True,True,all4-early-fusion+ridge-only
1435,1336.0,0.9,1336.0,1336.0,matched,,2025-02-28T06:26:33.275428+00:00,2024-04-13T09:14:55.882116+00:00,2.8948668636654635,0.02651619529574134,,1.0,True,True,True,True,all4-early-fusion+ridge-only
1436,1337.0,0.9,1337.0,1337.0,matched,,2025-02-28T06:26:33.374297+00:00,2024-04-13T09:14:55.981058+00:00,2.9395905144604724,0.058365067590849584,,1.0,True,True,True,True,all4-early-fusion+ridge-only
1437,1338.0,0.9,1338.0,1338.0,matched,,2025-02-28T06:26:33.474403+00:00,2024-04-13T09:14:56.080937+00:00,2.9731440274163474,0.22025915248126582,,1.0,True,True,True,True,all4-early-fusion+ridge-only
1438,1339.0,0.9,1339.0,1339.0,matched,,2025-02-28T06:26:33.574378+00:00,2024-04-13T09:14:56.178731+00:00,2.982347873213101,0.0,,1.0,True,True,True,True,all4-early-fusion+ridge-only
1439,1340.0,0.9,1340.0,1340.0,matched,,2025-02-28T06:26:33.676630+00:00,2024-04-13T09:14:56.277501+00:00,2.990697946562716,0.0,,1.0,True,True,True,True,all4-early-fusion+ridge-only
1440,1341.0,0.9,1341.0,1341.0,matched,,2025-02-28T06:26:33.774497+00:00,2024-04-13T09:14:56.377516+00:00,3.0,0.0,,1.0,True,True,True,True,all4-early-fusion+ridge-only
1441,1342.0,0.9,1342.0,1342.0,matched,,2025-02-28T06:26:33.876564+00:00,2024-04-13T09:14:56.477623+00:00,3.0,0.0,,1.0,True,True,True,True,all4-early-fusion+ridge-only
1442,1343.0,0.9,1343.0,1343.0,matched,,2025-02-28T06:26:33.974414+00:00,2024-04-13T09:14:56.577655+00:00,3.0,0.22024569341871558,,1.0,True,True,True,True,all4-early-fusion+ridge-only
1443,1344.0,0.9,1344.0,1344.0,matched,,2025-02-28T06:26:34.074345+00:00,2024-04-13T09:14:56.680913+00:00,3.0,0.27420297403099925,,1.0,True,True,True,True,all4-early-fusion+ridge-only
1444,1345.0,0.9,1345.0,1345.0,matched,,2025-02-28T06:26:34.174525+00:00,2024-04-13T09:14:56.777730+00:00,2.988914360179943,0.4018846708050625,,1.0,True,True,True,True,all4-early-fusion+ridge-only
1445,1346.0,0.9,1346.0,1346.0,matched,,2025-02-28T06:26:34.276502+00:00,2024-04-13T09:14:56.880363+00:00,2.988212484162973,0.043511338360112006,,1.0,True,True,True,True,all4-early-fusion+ridge-only
1446,1347.0,0.9,1347.0,1347.0,matched,,2025-02-28T06:26:34.375252+00:00,2024-04-13T09:14:56.978296+00:00,2.980013778729332,0.0,,1.0,True,True,True,True,all4-early-fusion+ridge-only
1447,1348.0,0.9,1348.0,1348.0,matched,,2025-02-28T06:26:34.478271+00:00,2024-04-13T09:14:57.078787+00:00,2.9365750721415393,0.0887680064365397,,1.0,True,True,True,True,all4-early-fusion+ridge-only
1448,1349.0,0.9,1349.0,1349.0,matched,,2025-02-28T06:26:34.576071+00:00,2024-04-13T09:14:57.180041+00:00,2.8911757270137532,0.13643570911294756,,1.0,True,True,True,True,all4-early-fusion+ridge-only
1449,1350.0,0.9,1350.0,1350.0,matched,,2025-02-28T06:26:34.678524+00:00,2024-04-13T09:14:57.284819+00:00,2.8513624628673093,-0.12194203802062464,,1.0,True,True,True,True,all4-early-fusion+ridge-only
1450,1351.0,0.9,1351.0,1351.0,matched,,2025-02-28T06:26:34.779146+00:00,2024-04-13T09:14:57.381240+00:00,2.8128400224870016,0.42626043003703407,,1.0,True,True,True,True,all4-early-fusion+ridge-only
1451,1352.0,0.9,1352.0,1352.0,matched,,2025-02-28T06:26:34.875269+00:00,2024-04-13T09:14:57.481319+00:00,2.7466167535522636,0.06080015834439356,,1.0,True,True,True,True,all4-early-fusion+ridge-only
1452,1353.0,0.9,1353.0,1353.0,matched,,2025-02-28T06:26:34.974625+00:00,2024-04-13T09:14:57.582472+00:00,2.6499066401206037,0.04342939359287756,,1.0,True,True,True,True,all4-early-fusion+ridge-only
1453,1354.0,0.9,1354.0,1354.0,matched,,2025-02-28T06:26:35.075543+00:00,2024-04-13T09:14:57.678282+00:00,2.534462170642503,-0.49939279640564216,,1.0,True,True,True,True,all4-early-fusion+ridge-only
1454,1355.0,0.9,1355.0,1355.0,matched,,2025-02-28T06:26:35.174679+00:00,2024-04-13T09:14:57.779554+00:00,2.429402298705338,-0.08747354869287349,,1.0,True,True,True,True,all4-early-fusion+ridge-only
1455,1356.0,0.9,1356.0,1356.0,matched,,2025-02-28T06:26:35.276258+00:00,2024-04-13T09:14:57.882414+00:00,2.3412062351384026,-0.4237468441833778,,1.0,True,True,True,True,all4-early-fusion+ridge-only
1456,1357.0,0.9,1357.0,1357.0,matched,,2025-02-28T06:26:35.375163+00:00,2024-04-13T09:14:57.983990+00:00,2.25124878207007,-0.4995920754606411,,1.0,True,True,True,True,all4-early-fusion+ridge-only
1457,1358.0,0.9,1358.0,1358.0,matched,,2025-02-28T06:26:35.477466+00:00,2024-04-13T09:14:58.084577+00:00,2.149947867882786,-1.050667001231153,,1.0,True,True,True,True,all4-early-fusion+ridge-only
1458,1359.0,0.9,1359.0,1359.0,matched,,2025-02-28T06:26:35.576385+00:00,2024-04-13T09:14:58.183823+00:00,2.0874098212735075,-1.1331258369984791,,1.0,True,True,True,True,all4-early-fusion+ridge-only
1459,1360.0,0.9,1360.0,1360.0,matched,,2025-02-28T06:26:35.678220+00:00,2024-04-13T09:14:58.281555+00:00,2.0380206902437643,-1.1165117242861349,,1.0,True,True,True,True,all4-early-fusion+ridge-only
1460,1361.0,0.9,1361.0,1361.0,matched,,2025-02-28T06:26:35.774317+00:00,2024-04-13T09:14:58.378651+00:00,1.9947398250193542,-1.0793983595214194,,1.0,True,True,True,True,all4-early-fusion+ridge-only
1461,1362.0,0.9,1362.0,1362.0,matched,,2025-02-28T06:26:35.878188+00:00,2024-04-13T09:14:58.477993+00:00,1.944144098562918,-0.8474939174079528,,1.0,True,True,True,True,all4-early-fusion+ridge-only
1462,1363.0,0.9,1363.0,1363.0,matched,,2025-02-28T06:26:35.974311+00:00,2024-04-13T09:14:58.578742+00:00,1.9314942077369333,-0.909157962307042,,1.0,True,True,True,True,all4-early-fusion+ridge-only
1463,1364.0,0.9,1364.0,1364.0,matched,,2025-02-28T06:26:36.079273+00:00,2024-04-13T09:14:58.677943+00:00,1.9322514185854336,-1.1657442851677873,,1.0,True,True,True,True,all4-early-fusion+ridge-only
1464,1365.0,0.9,1365.0,1365.0,matched,,2025-02-28T06:26:36.174430+00:00,2024-04-13T09:14:58.779695+00:00,1.9804673803644464,-1.0426732377328174,,1.0,True,True,True,True,all4-early-fusion+ridge-only
1465,1366.0,0.9,1366.0,1366.0,matched,,2025-02-28T06:26:36.275756+00:00,2024-04-13T09:14:58.886147+00:00,2.016923752962151,-0.7203013977022681,,1.0,True,True,True,True,all4-early-fusion+ridge-only
1466,1367.0,0.9,1367.0,1367.0,matched,,2025-02-28T06:26:36.374729+00:00,2024-04-13T09:14:58.978024+00:00,2.0569237413902055,-0.9623534129463329,,1.0,True,True,True,True,all4-early-fusion+ridge-only
1467,1368.0,0.9,1368.0,1368.0,matched,,2025-02-28T06:26:36.475128+00:00,2024-04-13T09:14:59.078577+00:00,2.1022512246572655,-0.6151122572161123,,1.0,True,True,True,True,all4-early-fusion+ridge-only
1468,1369.0,0.9,1369.0,1369.0,matched,,2025-02-28T06:26:36.577482+00:00,2024-04-13T09:14:59.178906+00:00,2.1729990645757904,-0.7398144546678733,,1.0,True,True,True,True,all4-early-fusion+ridge-only
1469,1370.0,0.9,1370.0,1370.0,matched,,2025-02-28T06:26:36.675741+00:00,2024-04-13T09:14:59.280025+00:00,2.2666725910501504,-0.45813350221920235,,1.0,True,True,True,True,all4-early-fusion+ridge-only
1470,1371.0,0.9,1371.0,1371.0,matched,,2025-02-28T06:26:36.780407+00:00,2024-04-13T09:14:59.377872+00:00,2.361461067207679,-0.7546384927340619,,1.0,True,True,True,True,all4-early-fusion+ridge-only
1471,1372.0,0.9,1372.0,1372.0,matched,,2025-02-28T06:26:36.878766+00:00,2024-04-13T09:14:59.480431+00:00,2.4445551965785337,-0.28066241846105244,,1.0,True,True,True,True,all4-early-fusion+ridge-only
1472,1373.0,0.9,1373.0,1373.0,matched,,2025-02-28T06:26:36.975345+00:00,2024-04-13T09:14:59.582772+00:00,2.519099332641313,-0.44658059750079016,,1.0,True,True,True,True,all4-early-fusion+ridge-only
1473,1374.0,0.9,1374.0,1374.0,matched,,2025-02-28T06:26:37.078507+00:00,2024-04-13T09:14:59.684455+00:00,2.570211153656383,-0.1205326252770087,,1.0,True,True,True,True,all4-early-fusion+ridge-only
1474,1375.0,0.9,1375.0,1375.0,matched,,2025-02-28T06:26:37.175346+00:00,2024-04-13T09:14:59.778572+00:00,2.666164056239543,0.14802778656789295,,1.0,True,True,True,True,all4-early-fusion+ridge-only
1475,1376.0,0.9,1376.0,1376.0,matched,,2025-02-28T06:26:37.275188+00:00,2024-04-13T09:14:59.879631+00:00,2.7333925639386307,0.33908493290823394,,1.0,True,True,True,True,all4-early-fusion+ridge-only
1476,1377.0,0.9,1377.0,1377.0,matched,,2025-02-28T06:26:37.377529+00:00,2024-04-13T09:14:59.980124+00:00,2.8019960632780907,0.0,,1.0,True,True,True,True,all4-early-fusion+ridge-only
1477,1378.0,0.9,1378.0,1378.0,matched,,2025-02-28T06:26:37.479188+00:00,2024-04-13T09:15:00.078954+00:00,2.8467801496063863,-0.1603143385135981,,1.0,True,True,True,True,all4-early-fusion+ridge-only
1478,1379.0,0.9,1379.0,1379.0,matched,,2025-02-28T06:26:37.574393+00:00,2024-04-13T09:15:00.178230+00:00,2.864244873262464,-0.30537472620218686,,1.0,True,True,True,True,all4-early-fusion+ridge-only
1479,1380.0,0.9,1380.0,1380.0,matched,,2025-02-28T06:26:37.677757+00:00,2024-04-13T09:15:00.278139+00:00,2.8849995240450825,0.0,,1.0120481927710843,True,True,True,True,all4-early-fusion+ridge-only
1480,1381.0,0.9,1381.0,1381.0,matched,,2025-02-28T06:26:37.778385+00:00,2024-04-13T09:15:00.379278+00:00,2.893444423425917,0.29584455915741303,,1.0234263465282283,True,True,True,True,all4-early-fusion+ridge-only
1481,1382.0,0.9,1382.0,1382.0,matched,,2025-02-28T06:26:37.874868+00:00,2024-04-13T09:15:00.481348+00:00,2.893444423425917,0.0,,1.0339960238568588,True,True,True,True,all4-early-fusion+ridge-only
1482,1383.0,0.9,1383.0,1383.0,matched,,2025-02-28T06:26:37.975137+00:00,2024-04-13T09:15:00.578686+00:00,2.865183857487143,-0.09356335584300268,,1.0436191762322755,True,True,True,True,all4-early-fusion+ridge-only
1483,1384.0,0.9,1384.0,1384.0,matched,,2025-02-28T06:26:38.074568+00:00,2024-04-13T09:15:00.678481+00:00,2.8797578882611066,0.21446673884269485,,1.0521619766643788,True,True,True,True,all4-early-fusion+ridge-only
1484,1385.0,0.9,1385.0,1385.0,matched,,2025-02-28T06:26:38.174423+00:00,2024-04-13T09:15:00.778757+00:00,2.90751922700676,-0.1979684181175987,,1.0594989561586639,True,True,True,True,all4-early-fusion+ridge-only
1485,1386.0,0.9,1386.0,1386.0,matched,,2025-02-28T06:26:38.274537+00:00,2024-04-13T09:15:00.879715+00:00,2.9004340015261634,-0.04244160076065118,,1.0655172413793101,True,True,True,True,all4-early-fusion+ridge-only
1486,1387.0,0.9,1387.0,1387.0,matched,,2025-02-28T06:26:38.379141+00:00,2024-04-13T09:15:00.982378+00:00,2.8477347411466636,0.0,,1.070120652945351,True,True,True,True,all4-early-fusion+ridge-only
1487,1388.0,0.9,1388.0,1388.0,matched,,2025-02-28T06:26:38.474680+00:00,2024-04-13T09:15:01.082387+00:00,2.7873056545267683,-0.31086622532651775,,1.0732334047109209,True,True,True,True,all4-early-fusion+ridge-only
1488,1390.0,0.9,1389.0,1390.0,ambiguous_range,,2025-02-28T06:26:38.574956+00:00,2024-04-13T09:15:01.277905+00:00,2.7315040453962123,0.0,,1.0748031496062993,True,True,True,True,all4-early-fusion+ridge-only
1489,1391.0,0.9,1391.0,1391.0,matched,,2025-02-28T06:26:38.674659+00:00,2024-04-13T09:15:01.380572+00:00,2.675096059020464,0.10579855346180977,,1.0732334047109209,True,True,True,True,all4-early-fusion+ridge-only
1490,1392.0,0.9,1392.0,1392.0,matched,,2025-02-28T06:26:38.776525+00:00,2024-04-13T09:15:01.479285+00:00,2.6468921022990686,-0.07793748028655934,,1.0847803881511746,True,True,True,True,all4-early-fusion+ridge-only
1491,1393.0,0.9,1393.0,1393.0,matched,,2025-02-28T06:26:38.876973+00:00,2024-04-13T09:15:01.578011+00:00,2.6153792286846684,-0.5796918641745004,,1.0937824603056832,True,True,True,True,all4-early-fusion+ridge-only
1492,1394.0,0.9,1394.0,1394.0,matched,,2025-02-28T06:26:38.974694+00:00,2024-04-13T09:15:01.684109+00:00,2.5329723397898665,-0.6647199528188503,,1.09995497523638,True,True,True,True,all4-early-fusion+ridge-only
1493,1395.0,0.9,1395.0,1395.0,matched,,2025-02-28T06:26:39.077932+00:00,2024-04-13T09:15:01.784102+00:00,2.488451941731027,-0.7661268510185328,,1.1030943396226416,True,True,True,True,all4-early-fusion+ridge-only
1494,1396.0,0.9,1396.0,1396.0,matched,,2025-02-28T06:26:39.175406+00:00,2024-04-13T09:15:01.877788+00:00,2.3958475956880823,-0.9270261939170483,,1.1030943396226416,True,True,True,True,all4-early-fusion+ridge-only
1495,1397.0,0.9,1397.0,1397.0,matched,,2025-02-28T06:26:39.280719+00:00,2024-04-13T09:15:01.980266+00:00,2.3756579660926227,-0.5082119420529478,,1.09995497523638,True,True,True,True,all4-early-fusion+ridge-only
1496,1398.0,0.9,1398.0,1398.0,matched,,2025-02-28T06:26:39.374798+00:00,2024-04-13T09:15:02.080969+00:00,2.378949726669623,-0.3890832105190527,,1.0937824603056832,True,True,True,True,all4-early-fusion+ridge-only
1497,1399.0,0.9,1399.0,1399.0,matched,,2025-02-28T06:26:39.478880+00:00,2024-04-13T09:15:02.178970+00:00,2.431648987049123,-0.5638474467296555,,1.0847803881511746,True,True,True,True,all4-early-fusion+ridge-only
1498,1400.0,0.9,1400.0,1400.0,matched,,2025-02-28T06:26:39.580585+00:00,2024-04-13T09:15:02.278455+00:00,2.4920780736690187,-0.6212507252204515,,1.0874284876045182,True,True,True,True,all4-early-fusion+ridge-only
1499,1402.0,0.9,1401.0,1402.0,ambiguous_range,,2025-02-28T06:26:39.674570+00:00,2024-04-13T09:15:02.477452+00:00,2.5623773114302164,-0.825774005188741,,1.1156756756756756,True,True,True,True,all4-early-fusion+ridge-only
1500,1403.0,0.9,1403.0,1403.0,matched,,2025-02-28T06:26:39.774545+00:00,2024-04-13T09:15:02.585044+00:00,2.5724938483294073,0.10096972620822298,,1.1257663889325578,True,True,True,True,all4-early-fusion+ridge-only
1501,1404.0,0.9,1404.0,1404.0,matched,,2025-02-28T06:26:39.875224+00:00,2024-04-13T09:15:02.678904+00:00,2.458842162158465,0.14501840847577974,,1.1326968973747018,True,True,True,True,all4-early-fusion+ridge-only
1502,1405.0,0.9,1405.0,1405.0,matched,,2025-02-28T06:26:39.974103+00:00,2024-04-13T09:15:02.778155+00:00,2.334583950809013,0.0,,1.1362253881863293,True,True,True,True,all4-early-fusion+ridge-only
1503,1406.0,0.9,1406.0,1406.0,matched,,2025-02-28T06:26:40.077499+00:00,2024-04-13T09:15:02.877926+00:00,2.3077437663902347,0.0,,1.1362253881863293,True,True,True,True,all4-early-fusion+ridge-only
1504,1407.0,0.9,1407.0,1407.0,matched,,2025-02-28T06:26:40.174797+00:00,2024-04-13T09:15:02.984367+00:00,2.2730905423062238,0.0,,1.1326968973747016,True,True,True,True,all4-early-fusion+ridge-only
1505,1408.0,0.9,1408.0,1408.0,matched,,2025-02-28T06:26:40.275215+00:00,2024-04-13T09:15:03.078966+00:00,2.340852840409195,-0.6577554911588654,,1.1423020883924233,True,True,True,True,all4-early-fusion+ridge-only
1506,1409.0,0.9,1409.0,1410.0,ambiguous_range,,2025-02-28T06:26:40.374645+00:00,2024-04-13T09:15:03.178143+00:00,2.3610424700046546,-1.49237553259775,,1.1472317491425772,True,True,True,True,all4-early-fusion+ridge-only
1507,1411.0,0.9,1411.0,1411.0,matched,,2025-02-28T06:26:40.474413+00:00,2024-04-13T09:15:03.377717+00:00,2.36483593490825,-1.4609778977259007,,1.1423020883924233,True,True,True,True,all4-early-fusion+ridge-only
1508,1412.0,0.9,1412.0,1412.0,matched,,2025-02-28T06:26:40.584079+00:00,2024-04-13T09:15:03.480032+00:00,2.339437516752884,-1.1431393233985698,,1.1326968973747018,True,True,True,True,all4-early-fusion+ridge-only
1509,1413.0,0.9,1413.0,1413.0,matched,,2025-02-28T06:26:40.676259+00:00,2024-04-13T09:15:03.577743+00:00,2.317535852642676,-1.0031450677058522,,1.1362253881863293,True,True,True,True,all4-early-fusion+ridge-only
1510,1414.0,0.9,1414.0,1414.0,matched,,2025-02-28T06:26:40.778332+00:00,2024-04-13T09:15:03.680700+00:00,2.2950685071743973,-0.16682880664870892,,1.1362253881863293,True,True,True,True,all4-early-fusion+ridge-only
1511,1415.0,0.9,1415.0,1415.0,matched,,2025-02-28T06:26:40.875993+00:00,2024-04-13T09:15:03.778902+00:00,2.314056227602762,0.19969435027328863,,1.1492708504014417,True,True,True,True,all4-early-fusion+ridge-only
1512,1416.0,0.9,1416.0,1416.0,matched,,2025-02-28T06:26:40.974284+00:00,2024-04-13T09:15:03.877944+00:00,2.473908999414881,0.25938858168774814,,1.157741559953434,True,True,True,True,all4-early-fusion+ridge-only
1513,1418.0,0.9,1417.0,1418.0,ambiguous_range,,2025-02-28T06:26:41.074416+00:00,2024-04-13T09:15:04.079269+00:00,2.5807819908502507,-0.2793825997090318,,1.1594662218515432,True,True,True,True,all4-early-fusion+ridge-only
1514,1419.0,0.9,1419.0,1419.0,matched,,2025-02-28T06:26:41.174990+00:00,2024-04-13T09:15:04.181351+00:00,2.6269921845236133,-0.24091830521229163,,1.1526289764298665,True,True,True,True,all4-early-fusion+ridge-only
1515,1420.0,0.9,1420.0,1420.0,matched,,2025-02-28T06:26:41.274936+00:00,2024-04-13T09:15:04.282052+00:00,2.6574197916281674,0.023426193098493364,,1.1410463426449216,True,True,True,True,all4-early-fusion+ridge-only
1516,1421.0,0.9,1421.0,1421.0,matched,,2025-02-28T06:26:41.374228+00:00,2024-04-13T09:15:04.378680+00:00,2.682261839568141,-0.5309601499859222,,1.1428571428571428,True,True,True,True,all4-early-fusion+ridge-only
1517,1422.0,0.9,1422.0,1422.0,matched,,2025-02-28T06:26:41.474197+00:00,2024-04-13T09:15:04.481792+00:00,2.682261839568141,0.0,,1.1579341317365268,True,True,True,True,all4-early-fusion+ridge-only
1518,1423.0,0.9,1423.0,1423.0,matched,,2025-02-28T06:26:41.576528+00:00,2024-04-13T09:15:04.580940+00:00,2.6822618395681412,-0.3404483262579956,,1.1684451219512193,True,True,True,True,all4-early-fusion+ridge-only
1519,1425.0,0.9,1424.0,1425.0,ambiguous_range,,2025-02-28T06:26:41.676742+00:00,2024-04-13T09:15:04.779666+00:00,2.6947974862534476,-0.5768061448329789,,1.173846153846154,True,True,True,True,all4-early-fusion+ridge-only
1520,1426.0,0.9,1426.0,1426.0,matched,,2025-02-28T06:26:41.778494+00:00,2024-04-13T09:15:04.880460+00:00,2.614541393473891,-0.8470723907477784,,1.1684451219512193,True,True,True,True,all4-early-fusion+ridge-only
1521,1427.0,0.9,1427.0,1427.0,matched,,2025-02-28T06:26:41.875524+00:00,2024-04-13T09:15:04.981125+00:00,2.563726193162154,0.12061037635106286,,1.1579341317365268,True,True,True,True,all4-early-fusion+ridge-only
1522,1428.0,0.9,1428.0,1428.0,matched,,2025-02-28T06:26:41.975268+00:00,2024-04-13T09:15:05.081526+00:00,2.603384840748585,0.0,,1.159466221851543,True,True,True,True,all4-early-fusion+ridge-only
1523,1429.0,0.9,1429.0,1429.0,matched,,2025-02-28T06:26:42.075686+00:00,2024-04-13T09:15:05.180871+00:00,2.603384840748585,0.02136060361519787,,1.1736455306785163,True,True,True,True,all4-early-fusion+ridge-only
1524,1430.0,0.9,1430.0,1430.0,matched,,2025-02-28T06:26:42.176073+00:00,2024-04-13T09:15:05.281909+00:00,2.656141261618945,-0.14149048617065585,,1.1828675577156742,True,True,True,True,all4-early-fusion+ridge-only
1525,1431.0,0.9,1431.0,1432.0,ambiguous_range,,2025-02-28T06:26:42.275191+00:00,2024-04-13T09:15:05.382896+00:00,2.709676329108191,-1.1237353257874134,,1.1847466480933313,True,True,True,True,all4-early-fusion+ridge-only
1526,1433.0,0.9,1433.0,1433.0,matched,,2025-02-28T06:26:42.378079+00:00,2024-04-13T09:15:05.577537+00:00,2.7866829100852613,-0.8061080035801664,,1.1773000859845226,True,True,True,True,all4-early-fusion+ridge-only
1527,1434.0,0.9,1434.0,1434.0,matched,,2025-02-28T06:26:42.482884+00:00,2024-04-13T09:15:05.680980+00:00,2.7866829100852617,-0.17063423986318993,,1.1647029119676822,True,True,True,True,all4-early-fusion+ridge-only
1528,1435.0,0.9,1435.0,1435.0,matched,,2025-02-28T06:26:42.586480+00:00,2024-04-13T09:15:05.784668+00:00,2.7866829100852617,0.05439590724158405,,1.1647029119676822,True,True,True,True,all4-early-fusion+ridge-only
1529,1436.0,0.9,1436.0,1436.0,matched,,2025-02-28T06:26:42.678710+00:00,2024-04-13T09:15:05.882662+00:00,2.7866829100852617,0.061730087211850915,,1.1773000859845226,True,True,True,True,all4-early-fusion+ridge-only
1530,1437.0,0.9,1437.0,1438.0,ambiguous_range,,2025-02-28T06:26:42.782065+00:00,2024-04-13T09:15:05.978864+00:00,2.7899781493971196,-0.022394687501957833,,1.1866375545851529,True,True,True,True,all4-early-fusion+ridge-only
1531,1439.0,0.9,1439.0,1439.0,matched,,2025-02-28T06:26:42.876781+00:00,2024-04-13T09:15:06.177815+00:00,2.8711584589537513,0.10372465969046951,,1.1828675577156742,True,True,True,True,all4-early-fusion+ridge-only
1532,1440.0,0.9,1440.0,1440.0,matched,,2025-02-28T06:26:42.974711+00:00,2024-04-13T09:15:06.278162+00:00,2.9176845614369777,0.20879002868416086,,1.1913319238900635,True,True,True,True,all4-early-fusion+ridge-only
1533,1441.0,0.9,1441.0,1441.0,matched,,2025-02-28T06:26:43.075610+00:00,2024-04-13T09:15:06.377996+00:00,2.930828771044601,0.24457442330192913,,1.1930553101254637,True,True,True,True,all4-early-fusion+ridge-only
1534,1442.0,0.9,1442.0,1442.0,matched,,2025-02-28T06:26:43.175044+00:00,2024-04-13T09:15:06.481397+00:00,2.9064424354710967,0.0,,1.1879159369527144,True,True,True,True,all4-early-fusion+ridge-only
1535,1443.0,0.9,1443.0,1443.0,matched,,2025-02-28T06:26:43.275429+00:00,2024-04-13T09:15:06.582242+00:00,2.866761073108798,-0.10524285374021725,,1.1956367506207877,True,True,True,True,all4-early-fusion+ridge-only
1536,1444.0,0.9,1444.0,1445.0,ambiguous_range,,2025-02-28T06:26:43.374409+00:00,2024-04-13T09:15:06.680084+00:00,2.8305687392225414,0.004504508484288294,,1.193688118811881,True,True,True,True,all4-early-fusion+ridge-only
1537,1446.0,0.9,1446.0,1446.0,matched,,2025-02-28T06:26:43.477535+00:00,2024-04-13T09:15:06.879576+00:00,2.8305687392225414,0.04133821704977336,,1.1841280891054646,True,True,True,True,all4-early-fusion+ridge-only
1538,1447.0,0.9,1447.0,1447.0,matched,,2025-02-28T06:26:43.575634+00:00,2024-04-13T09:15:06.977993+00:00,2.830568739222542,0.17082585232003789,,1.1875,True,True,True,True,all4-early-fusion+ridge-only
1539,1448.0,0.9,1448.0,1448.0,matched,,2025-02-28T06:26:43.675032+00:00,2024-04-13T09:15:07.083492+00:00,2.830568739222542,0.07379147023259192,,1.1841280891054646,True,True,True,True,all4-early-fusion+ridge-only
1540,1450.0,0.9,1449.0,1450.0,ambiguous_range,,2025-02-28T06:26:43.778892+00:00,2024-04-13T09:15:07.282578+00:00,2.830568739222542,-0.289929825891059,,1.1975978647686834,True,True,True,True,all4-early-fusion+ridge-only
1541,1451.0,0.9,1451.0,1451.0,matched,,2025-02-28T06:26:43.877934+00:00,2024-04-13T09:15:07.383569+00:00,2.840136271380743,-0.5026356064095241,,1.1956367506207877,True,True,True,True,all4-early-fusion+ridge-only
1542,1452.0,0.9,1452.0,1452.0,matched,,2025-02-28T06:26:43.978274+00:00,2024-04-13T09:15:07.483314+00:00,2.861113718713877,0.0,,1.1879159369527144,True,True,True,True,all4-early-fusion+ridge-only
1543,1453.0,0.9,1453.0,1453.0,matched,,2025-02-28T06:26:44.077418+00:00,2024-04-13T09:15:07.583307+00:00,2.8878701620106653,0.08927786061953746,,1.1748629198080875,True,True,True,True,all4-early-fusion+ridge-only
1544,1454.0,0.9,1454.0,1454.0,matched,,2025-02-28T06:26:44.176519+00:00,2024-04-13T09:15:07.677941+00:00,2.8902381560269683,0.2826371474713003,,1.1571642287234043,True,True,True,True,all4-early-fusion+ridge-only
1545,1455.0,0.9,1455.0,1455.0,matched,,2025-02-28T06:26:44.275651+00:00,2024-04-13T09:15:07.777689+00:00,2.898027810717576,0.0,,1.1526289764298665,True,True,True,True,all4-early-fusion+ridge-only
1546,1456.0,0.9,1456.0,1457.0,ambiguous_range,,2025-02-28T06:26:44.374884+00:00,2024-04-13T09:15:07.879993+00:00,2.889261253206786,0.0,,1.161201271540907,True,True,True,True,all4-early-fusion+ridge-only
1547,1458.0,0.9,1458.0,1458.0,matched,,2025-02-28T06:26:44.477329+00:00,2024-04-13T09:15:08.084987+00:00,2.8549375046583796,0.24518790926146838,,1.157741559953434,True,True,True,True,all4-early-fusion+ridge-only
1548,1459.0,0.9,1459.0,1459.0,matched,,2025-02-28T06:26:44.578497+00:00,2024-04-13T09:15:08.180816+00:00,2.8549375046583796,0.0,,1.1492708504014417,True,True,True,True,all4-early-fusion+ridge-only
1549,1460.0,0.9,1460.0,1460.0,matched,,2025-02-28T06:26:44.677579+00:00,2024-04-13T09:15:08.279851+00:00,2.8549375046583796,0.2938311301102843,,1.1522491349480968,True,True,True,True,all4-early-fusion+ridge-only
1550,1461.0,0.9,1461.0,1461.0,matched,,2025-02-28T06:26:44.776323+00:00,2024-04-13T09:15:08.385831+00:00,2.85493750465838,-0.18256348971185288,,1.1678517013712542,True,True,True,True,all4-early-fusion+ridge-only
1551,1462.0,0.9,1462.0,1462.0,matched,,2025-02-28T06:26:44.878384+00:00,2024-04-13T09:15:08.479638+00:00,2.85493750465838,-0.532927118603975,,1.1787377133988617,True,True,True,True,all4-early-fusion+ridge-only
1552,1463.0,0.9,1463.0,1463.0,matched,,2025-02-28T06:26:44.975660+00:00,2024-04-13T09:15:08.581814+00:00,2.850572831835167,-0.8801968404419953,,1.1843342036553526,True,True,True,True,all4-early-fusion+ridge-only
1553,1465.0,0.9,1464.0,1465.0,ambiguous_range,,2025-02-28T06:26:45.076242+00:00,2024-04-13T09:15:08.778135+00:00,2.850572831835167,0.0,,1.1787377133988617,True,True,True,True,all4-early-fusion+ridge-only
1554,1466.0,0.9,1466.0,1466.0,matched,,2025-02-28T06:26:45.176408+00:00,2024-04-13T09:15:08.878029+00:00,2.850572831835167,0.0,,1.1853952189844703,True,True,True,True,all4-early-fusion+ridge-only
1555,1467.0,0.9,1467.0,1467.0,matched,,2025-02-28T06:26:45.274761+00:00,2024-04-13T09:15:08.979974+00:00,2.850572831835167,0.2618627362908925,,1.1853952189844703,True,True,True,True,all4-early-fusion+ridge-only
1556,1468.0,0.9,1468.0,1468.0,matched,,2025-02-28T06:26:45.374400+00:00,2024-04-13T09:15:09.081729+00:00,2.8572042749385003,0.0,,1.19892952720785,True,True,True,True,all4-early-fusion+ridge-only
1557,1470.0,0.9,1469.0,1470.0,ambiguous_range,,2025-02-28T06:26:45.474679+00:00,2024-04-13T09:15:09.280417+00:00,2.9044794553791196,0.040598416362966905,,1.2089755213055304,True,True,True,True,all4-early-fusion+ridge-only
1558,1471.0,0.9,1471.0,1471.0,matched,,2025-02-28T06:26:45.574414+00:00,2024-04-13T09:15:09.381551+00:00,2.984497349964755,0.0,,1.2049180327868851,True,True,True,True,all4-early-fusion+ridge-only
1559,1472.0,0.9,1472.0,1472.0,matched,,2025-02-28T06:26:45.675147+00:00,2024-04-13T09:15:09.479953+00:00,2.984497349964755,0.22085699531441527,,1.2140504939626784,True,True,True,True,all4-early-fusion+ridge-only
1560,1473.0,0.9,1473.0,1473.0,matched,,2025-02-28T06:26:45.776653+00:00,2024-04-13T09:15:09.579787+00:00,2.984497349964755,0.0,,1.2159111763626353,True,True,True,True,all4-early-fusion+ridge-only
1561,1474.0,0.9,1474.0,1474.0,matched,,2025-02-28T06:26:45.875424+00:00,2024-04-13T09:15:09.680901+00:00,2.9844973499647556,-0.10961761557518424,,1.2103636363636363,True,True,True,True,all4-early-fusion+ridge-only
1562,1475.0,0.9,1475.0,1476.0,ambiguous_range,,2025-02-28T06:26:45.978287+00:00,2024-04-13T09:15:09.782817+00:00,2.914791242832509,-0.012900133757166365,,1.1978109983982916,True,True,True,True,all4-early-fusion+ridge-only
1563,1477.0,0.9,1477.0,1477.0,matched,,2025-02-28T06:26:46.082918+00:00,2024-04-13T09:15:09.977801+00:00,2.8379146082685502,0.0,,1.1919619249074562,True,True,True,True,all4-early-fusion+ridge-only
1564,1478.0,0.9,1478.0,1478.0,matched,,2025-02-28T06:26:46.175375+00:00,2024-04-13T09:15:10.084148+00:00,2.7943401076823906,0.0,,1.1805915931499742,True,True,True,True,all4-early-fusion+ridge-only
1565,1479.0,0.9,1479.0,1479.0,matched,,2025-02-28T06:26:46.276026+00:00,2024-04-13T09:15:10.181540+00:00,2.7943401076823906,0.021538292396059422,,1.1643109540636043,True,True,True,True,all4-early-fusion+ridge-only
1566,1480.0,0.9,1480.0,1480.0,matched,,2025-02-28T06:26:46.378429+00:00,2024-04-13T09:15:10.279512+00:00,2.7901640857230934,0.17274898894684299,,1.1439357038480271,True,True,True,True,all4-early-fusion+ridge-only
1567,1481.0,0.9,1481.0,1482.0,ambiguous_range,,2025-02-28T06:26:46.478764+00:00,2024-04-13T09:15:10.379724+00:00,2.8001293235026554,-0.49448978658367215,,1.159079539769885,True,True,True,True,all4-early-fusion+ridge-only
1568,1483.0,0.9,1483.0,1483.0,matched,,2025-02-28T06:26:46.578268+00:00,2024-04-13T09:15:10.577910+00:00,2.801302062935125,-0.8936543812588842,,1.159079539769885,True,True,True,True,all4-early-fusion+ridge-only
1569,1484.0,0.9,1484.0,1484.0,matched,,2025-02-28T06:26:46.676291+00:00,2024-04-13T09:15:10.679825+00:00,2.758473361939387,-0.4793195064477591,,1.1539414972731779,True,True,True,True,all4-early-fusion+ridge-only
1570,1485.0,0.9,1485.0,1485.0,matched,,2025-02-28T06:26:46.778571+00:00,2024-04-13T09:15:10.780285+00:00,2.6543888620026936,0.0,,1.1439357038480271,True,True,True,True,all4-early-fusion+ridge-only
1571,1486.0,0.9,1486.0,1486.0,matched,,2025-02-28T06:26:46.875355+00:00,2024-04-13T09:15:10.877994+00:00,2.6059535466145767,-0.04593624155227172,,1.1295681063122924,True,True,True,True,all4-early-fusion+ridge-only
1572,1487.0,0.9,1487.0,1487.0,matched,,2025-02-28T06:26:46.976284+00:00,2024-04-13T09:15:10.977971+00:00,2.5735423998826263,0.0,,1.1439357038480271,True,True,True,True,all4-early-fusion+ridge-only
1573,1488.0,0.9,1488.0,1488.0,matched,,2025-02-28T06:26:47.074518+00:00,2024-04-13T09:15:11.080267+00:00,2.6432485070148726,0.0,,1.1539414972731779,True,True,True,True,all4-early-fusion+ridge-only
1574,1489.0,0.9,1489.0,1489.0,matched,,2025-02-28T06:26:47.174382+00:00,2024-04-13T09:15:11.182477+00:00,2.684192655217422,-0.4711157109531201,,1.159079539769885,True,True,True,True,all4-early-fusion+ridge-only
1575,1490.0,0.9,1490.0,1491.0,ambiguous_range,,2025-02-28T06:26:47.276487+00:00,2024-04-13T09:15:11.284232+00:00,2.7032074670064126,-1.1449294993036254,,1.1539414972731779,True,True,True,True,all4-early-fusion+ridge-only
1576,1492.0,0.9,1492.0,1492.0,matched,,2025-02-28T06:26:47.375170+00:00,2024-04-13T09:15:11.479448+00:00,2.586649257373377,-0.5327884692692861,,1.1439357038480271,True,True,True,True,all4-early-fusion+ridge-only
1577,1493.0,0.9,1493.0,1493.0,matched,,2025-02-28T06:26:47.474154+00:00,2024-04-13T09:15:11.577778+00:00,2.5094262625873625,-0.2768394258350817,,1.1476066002287209,True,True,True,True,all4-early-fusion+ridge-only
1578,1494.0,0.9,1494.0,1494.0,matched,,2025-02-28T06:26:47.574480+00:00,2024-04-13T09:15:11.680507+00:00,2.349328624263855,0.45680593230086153,,1.1476066002287209,True,True,True,True,all4-early-fusion+ridge-only
1579,1495.0,0.9,1495.0,1495.0,matched,,2025-02-28T06:26:47.677568+00:00,2024-04-13T09:15:11.779940+00:00,2.2583968500548384,-0.38906497610300583,,1.1612012715409068,True,True,True,True,all4-early-fusion+ridge-only
1580,1497.0,0.9,1496.0,1497.0,ambiguous_range,,2025-02-28T06:26:47.777696+00:00,2024-04-13T09:15:11.981822+00:00,2.2314499241210934,-0.2701565767688616,,1.1736455306785165,True,True,True,True,all4-early-fusion+ridge-only
1581,1498.0,0.9,1498.0,1498.0,matched,,2025-02-28T06:26:47.875138+00:00,2024-04-13T09:15:12.077840+00:00,2.2906950252291436,-1.1434181756687825,,1.1718350655989098,True,True,True,True,all4-early-fusion+ridge-only
1582,1499.0,0.9,1499.0,1499.0,matched,,2025-02-28T06:26:47.977173+00:00,2024-04-13T09:15:12.179499+00:00,2.2542428068023517,-0.8953891841984305,,1.1647029119676822,True,True,True,True,all4-early-fusion+ridge-only
1583,1500.0,0.9,1500.0,1500.0,matched,,2025-02-28T06:26:48.078575+00:00,2024-04-13T09:15:12.281585+00:00,2.1929880184428368,-1.7610740215585787,,1.1526289764298665,True,True,True,True,all4-early-fusion+ridge-only
1584,1501.0,0.9,1501.0,1501.0,matched,,2025-02-28T06:26:48.176335+00:00,2024-04-13T09:15:12.378705+00:00,2.17316730514398,-0.7489617217322082,,1.1362253881863293,True,True,True,True,all4-early-fusion+ridge-only
1585,1502.0,0.9,1502.0,1502.0,matched,,2025-02-28T06:26:48.274415+00:00,2024-04-13T09:15:12.481480+00:00,2.213464464328602,-0.36467226106231765,,1.1326968973747016,True,True,True,True,all4-early-fusion+ridge-only
1586,1503.0,0.9,1503.0,1503.0,matched,,2025-02-28T06:26:48.376398+00:00,2024-04-13T09:15:12.581854+00:00,2.238024153125771,-0.1826293423195806,,1.1257663889325578,True,True,True,True,all4-early-fusion+ridge-only
1587,1504.0,0.9,1504.0,1505.0,ambiguous_range,,2025-02-28T06:26:48.476724+00:00,2024-04-13T09:15:12.678042+00:00,2.2740249736540536,-0.5935499065163645,,1.1027614305115438,True,True,True,True,all4-early-fusion+ridge-only
1588,1506.0,0.9,1506.0,1506.0,matched,,2025-02-28T06:26:48.576055+00:00,2024-04-13T09:15:12.879704+00:00,2.260368501925172,-0.5711646374397004,,1.1027614305115438,True,True,True,True,all4-early-fusion+ridge-only
1589,1507.0,0.9,1507.0,1507.0,matched,,2025-02-28T06:26:48.677944+00:00,2024-04-13T09:15:12.981205+00:00,2.4145510929899676,0.08418573136206797,,1.0985630893578804,True,True,True,True,all4-early-fusion+ridge-only
1590,1508.0,0.9,1508.0,1508.0,matched,,2025-02-28T06:26:48.774861+00:00,2024-04-13T09:15:13.081883+00:00,2.4693288658661854,0.0,,1.10643789857273,True,True,True,True,all4-early-fusion+ridge-only
1591,1509.0,0.9,1509.0,1509.0,matched,,2025-02-28T06:26:48.875262+00:00,2024-04-13T09:15:13.177803+00:00,2.513286333493578,0.05246062382721739,,1.1112727829682951,True,True,True,True,all4-early-fusion+ridge-only
1592,1510.0,0.9,1510.0,1510.0,matched,,2025-02-28T06:26:48.979082+00:00,2024-04-13T09:15:13.283102+00:00,2.430638282196929,-0.7022641025492748,,1.1277839203917233,True,True,True,True,all4-early-fusion+ridge-only
1593,1511.0,0.9,1511.0,1511.0,matched,,2025-02-28T06:26:49.076501+00:00,2024-04-13T09:15:13.380967+00:00,2.4776820783549542,-1.0456103732161321,,1.1404557944076288,True,True,True,True,all4-early-fusion+ridge-only
1594,1512.0,0.9,1512.0,1512.0,matched,,2025-02-28T06:26:49.178632+00:00,2024-04-13T09:15:13.480947+00:00,2.505617641142617,-0.04171289880392903,,1.1486796785304247,True,True,True,True,all4-early-fusion+ridge-only
1595,1513.0,0.9,1513.0,1513.0,matched,,2025-02-28T06:26:49.279507+00:00,2024-04-13T09:15:13.583192+00:00,2.5084748505314876,-0.39769401466079035,,1.152037617554859,True,True,True,True,all4-early-fusion+ridge-only
1596,1514.0,0.9,1514.0,1514.0,matched,,2025-02-28T06:26:49.375218+00:00,2024-04-13T09:15:13.678193+00:00,2.4114988591561755,-0.04319270554809407,,1.150353676591545,True,True,True,True,all4-early-fusion+ridge-only
1597,1515.0,0.9,1515.0,1516.0,ambiguous_range,,2025-02-28T06:26:49.477862+00:00,2024-04-13T09:15:13.777682+00:00,2.3389640060637307,-1.0713632103749031,,1.151111111111111,True,True,True,True,all4-early-fusion+ridge-only
1598,1517.0,0.9,1517.0,1517.0,matched,,2025-02-28T06:26:49.574962+00:00,2024-04-13T09:15:13.981159+00:00,2.3699904815952033,-0.33928433686824455,,1.1548782507868147,True,True,True,True,all4-early-fusion+ridge-only
1599,1518.0,0.9,1518.0,1518.0,matched,,2025-02-28T06:26:49.675795+00:00,2024-04-13T09:15:14.077263+00:00,2.42053615958209,-0.7230340953418293,,1.1548782507868147,True,True,True,True,all4-early-fusion+ridge-only
1600,1520.0,0.9,1519.0,1520.0,ambiguous_range,,2025-02-28T06:26:49.774153+00:00,2024-04-13T09:15:14.280452+00:00,2.3004189595027666,-0.18659854300985002,,1.1779252110977079,True,True,True,True,all4-early-fusion+ridge-only
1601,1521.0,0.9,1521.0,1521.0,matched,,2025-02-28T06:26:49.875082+00:00,2024-04-13T09:15:14.377623+00:00,2.2414013682623124,-1.0626370703079038,,1.1816368996011792,True,True,True,True,all4-early-fusion+ridge-only
1602,1522.0,0.9,1522.0,1522.0,matched,,2025-02-28T06:26:49.978656+00:00,2024-04-13T09:15:14.479649+00:00,2.267219527564403,-0.7978833840168926,,1.1797752808988766,True,True,True,True,all4-early-fusion+ridge-only
1603,1523.0,0.9,1523.0,1523.0,matched,,2025-02-28T06:26:50.077510+00:00,2024-04-13T09:15:14.578688+00:00,2.353599750699371,-0.24141012664391281,,1.1724432303226906,True,True,True,True,all4-early-fusion+ridge-only
1604,1524.0,0.9,1524.0,1524.0,matched,,2025-02-28T06:26:50.174643+00:00,2024-04-13T09:15:14.679405+00:00,2.324223442251419,-0.3361705004914102,,1.1600367708507437,True,True,True,True,all4-early-fusion+ridge-only
1605,1525.0,0.9,1525.0,1525.0,matched,,2025-02-28T06:26:50.279091+00:00,2024-04-13T09:15:14.779572+00:00,2.379820292038946,-1.3863547207183786,,1.1431932500405646,True,True,True,True,all4-early-fusion+ridge-only
1606,1526.0,0.9,1526.0,1526.0,matched,,2025-02-28T06:26:50.375212+00:00,2024-04-13T09:15:14.878562+00:00,2.3747813219206013,-1.0468875183057844,,1.1388799485033794,True,True,True,True,all4-early-fusion+ridge-only
1607,1527.0,0.9,1527.0,1527.0,matched,,2025-02-28T06:26:50.477643+00:00,2024-04-13T09:15:14.978411+00:00,2.4538403014353474,0.0,,1.1453923803321393,True,True,True,True,all4-early-fusion+ridge-only
1608,1529.0,0.9,1528.0,1529.0,ambiguous_range,,2025-02-28T06:26:50.575430+00:00,2024-04-13T09:15:15.178218+00:00,2.4083888580507553,-0.1903866407896615,,1.1437499999999998,True,True,True,True,all4-early-fusion+ridge-only
1609,1530.0,0.9,1530.0,1530.0,matched,,2025-02-28T06:26:50.680932+00:00,2024-04-13T09:15:15.277760+00:00,2.420805287344892,-0.6516950864271771,,1.1356799999999998,True,True,True,True,all4-early-fusion+ridge-only
1610,1531.0,0.9,1531.0,1531.0,matched,,2025-02-28T06:26:50.775975+00:00,2024-04-13T09:15:15.380574+00:00,2.3904124798910886,0.029883331484618747,,1.1410463426449216,True,True,True,True,all4-early-fusion+ridge-only
1611,1532.0,0.9,1532.0,1532.0,matched,,2025-02-28T06:26:50.875573+00:00,2024-04-13T09:15:15.479100+00:00,2.516444727229123,-0.04682880504951781,,1.1428571428571428,True,True,True,True,all4-early-fusion+ridge-only
1612,1533.0,0.9,1533.0,1533.0,matched,,2025-02-28T06:26:50.975884+00:00,2024-04-13T09:15:15.578338+00:00,2.6116163198023767,-0.11226374624402125,,1.1410463426449216,True,True,True,True,all4-early-fusion+ridge-only
1613,1534.0,0.9,1534.0,1534.0,matched,,2025-02-28T06:26:51.075044+00:00,2024-04-13T09:15:15.682795+00:00,2.5824482935080013,-1.2978492612474015,,1.1356799999999998,True,True,True,True,all4-early-fusion+ridge-only
1614,1536.0,0.9,1535.0,1536.0,ambiguous_range,,2025-02-28T06:26:51.176059+00:00,2024-04-13T09:15:15.879266+00:00,2.6016763150152964,-0.05394953095182631,,1.1151589996912628,True,True,True,True,all4-early-fusion+ridge-only
1615,1537.0,0.9,1537.0,1537.0,matched,,2025-02-28T06:26:51.274230+00:00,2024-04-13T09:15:15.983313+00:00,2.668896361120132,-0.3132348846985451,,1.1006918333584,True,True,True,True,all4-early-fusion+ridge-only
1616,1538.0,0.9,1538.0,1538.0,matched,,2025-02-28T06:26:51.374482+00:00,2024-04-13T09:15:16.083787+00:00,2.6790298836364075,0.23469069110654983,,1.0992950352482376,True,True,True,True,all4-early-fusion+ridge-only
1617,1539.0,0.9,1539.0,1539.0,matched,,2025-02-28T06:26:51.479242+00:00,2024-04-13T09:15:16.177750+00:00,2.5979149789327245,0.084334495196841,,1.0937824603056832,True,True,True,True,all4-early-fusion+ridge-only
1618,1540.0,0.9,1540.0,1540.0,matched,,2025-02-28T06:26:51.575285+00:00,2024-04-13T09:15:16.278332+00:00,2.54065521791349,-0.3208482892381279,,1.09995497523638,True,True,True,True,all4-early-fusion+ridge-only
1619,1541.0,0.9,1541.0,1541.0,matched,,2025-02-28T06:26:51.674406+00:00,2024-04-13T09:15:16.381590+00:00,2.578921544818456,0.07692740590883451,,1.1030943396226416,True,True,True,True,all4-early-fusion+ridge-only
1620,1542.0,0.9,1542.0,1542.0,matched,,2025-02-28T06:26:51.776101+00:00,2024-04-13T09:15:16.480468+00:00,2.5355240126010417,0.5757851391985231,,1.1030943396226416,True,True,True,True,all4-early-fusion+ridge-only
1621,1543.0,0.9,1543.0,1543.0,matched,,2025-02-28T06:26:51.877445+00:00,2024-04-13T09:15:16.577965+00:00,2.5338684481127185,0.3486621942408128,,1.1146428020367227,True,True,True,True,all4-early-fusion+ridge-only
1622,1544.0,0.9,1544.0,1544.0,matched,,2025-02-28T06:26:51.974309+00:00,2024-04-13T09:15:16.679650+00:00,2.3324359526224616,-1.134291166052156,,1.1221248630887184,True,True,True,True,all4-early-fusion+ridge-only
1623,1545.0,0.9,1545.0,1545.0,matched,,2025-02-28T06:26:52.074466+00:00,2024-04-13T09:15:16.778410+00:00,2.3145061543427548,-0.5763054125328875,,1.125177025963808,True,True,True,True,all4-early-fusion+ridge-only
1624,1546.0,0.9,1546.0,1546.0,matched,,2025-02-28T06:26:52.178162+00:00,2024-04-13T09:15:16.882163+00:00,2.232649745284048,-0.32772681011451565,,1.1236466342381923,True,True,True,True,all4-early-fusion+ridge-only
1625,1547.0,0.9,1547.0,1548.0,ambiguous_range,,2025-02-28T06:26:52.274206+00:00,2024-04-13T09:15:16.979472+00:00,2.197227615244988,-0.4492179416034614,,1.1448331977217248,True,True,True,True,all4-early-fusion+ridge-only
1626,1549.0,0.9,1549.0,1549.0,matched,,2025-02-28T06:26:52.375264+00:00,2024-04-13T09:15:17.177544+00:00,2.158364757275003,-0.7789099659046452,,1.1503777923784493,True,True,True,True,all4-early-fusion+ridge-only
1627,1550.0,0.9,1550.0,1550.0,matched,,2025-02-28T06:26:52.475293+00:00,2024-04-13T09:15:17.278403+00:00,2.145090787468261,-2.010957766709078,,1.1522491349480968,True,True,True,True,all4-early-fusion+ridge-only
1628,1551.0,0.9,1551.0,1551.0,matched,,2025-02-28T06:26:52.577799+00:00,2024-04-13T09:15:17.380363+00:00,2.2239999911250803,-0.055701668970653095,,1.1503777923784493,True,True,True,True,all4-early-fusion+ridge-only
1629,1553.0,0.9,1552.0,1553.0,ambiguous_range,,2025-02-28T06:26:52.677338+00:00,2024-04-13T09:15:17.578055+00:00,2.188502565857979,-1.1802869826547948,,1.1358173076923077,True,True,True,True,all4-early-fusion+ridge-only
1630,1554.0,0.9,1554.0,1554.0,matched,,2025-02-28T06:26:52.776907+00:00,2024-04-13T09:15:17.678115+00:00,2.1624182059041113,-0.3264652790369844,,1.1236466342381923,True,True,True,True,all4-early-fusion+ridge-only
1631,1555.0,0.9,1555.0,1555.0,matched,,2025-02-28T06:26:52.875643+00:00,2024-04-13T09:15:17.781682+00:00,2.1320987707649097,-0.42749143766983533,,1.125177025963808,True,True,True,True,all4-early-fusion+ridge-only
1632,1556.0,0.9,1556.0,1556.0,matched,,2025-02-28T06:26:52.975788+00:00,2024-04-13T09:15:17.877839+00:00,2.039420278982085,-0.14601366787416659,,1.1221248630887184,True,True,True,True,all4-early-fusion+ridge-only
1633,1557.0,0.9,1557.0,1557.0,matched,,2025-02-28T06:26:53.075104+00:00,2024-04-13T09:15:17.978155+00:00,2.148502227181176,-0.2662899258271407,,1.1146428020367227,True,True,True,True,all4-early-fusion+ridge-only
1634,1558.0,0.9,1558.0,1558.0,matched,,2025-02-28T06:26:53.178096+00:00,2024-04-13T09:15:18.084228+00:00,2.081603202197206,-0.9323825784040995,,1.1030943396226416,True,True,True,True,all4-early-fusion+ridge-only
1635,1559.0,0.9,1559.0,1559.0,matched,,2025-02-28T06:26:53.278730+00:00,2024-04-13T09:15:18.182512+00:00,2.1237215140914696,-1.0260860081093885,,1.1030943396226416,True,True,True,True,all4-early-fusion+ridge-only
1636,1560.0,0.9,1560.0,1560.0,matched,,2025-02-28T06:26:53.379539+00:00,2024-04-13T09:15:18.277916+00:00,2.178149005908167,-1.0449497455083372,,1.1146428020367227,True,True,True,True,all4-early-fusion+ridge-only
1637,1561.0,0.9,1561.0,1561.0,matched,,2025-02-28T06:26:53.475615+00:00,2024-04-13T09:15:18.378258+00:00,2.1607850662075596,-1.7466915537163659,,1.1221248630887184,True,True,True,True,all4-early-fusion+ridge-only
1638,1562.0,0.9,1562.0,1562.0,matched,,2025-02-28T06:26:53.577786+00:00,2024-04-13T09:15:18.477731+00:00,2.1563889902609947,-0.7034668162189217,,1.125177025963808,True,True,True,True,all4-early-fusion+ridge-only
1639,1563.0,0.9,1563.0,1563.0,matched,,2025-02-28T06:26:53.676320+00:00,2024-04-13T09:15:18.580322+00:00,2.163704018036356,-0.9331170559004445,,1.1236466342381923,True,True,True,True,all4-early-fusion+ridge-only
1640,1565.0,0.9,1564.0,1565.0,ambiguous_range,,2025-02-28T06:26:53.775488+00:00,2024-04-13T09:15:18.777447+00:00,2.1736091583248887,-0.7579673580470057,,1.1754944110060188,True,True,True,True,all4-early-fusion+ridge-only
1641,1566.0,0.9,1566.0,1566.0,matched,,2025-02-28T06:26:53.876014+00:00,2024-04-13T09:15:18.882812+00:00,2.1889721664984823,0.16328811140731192,,1.1963681680612426,True,True,True,True,all4-early-fusion+ridge-only
1642,1567.0,0.9,1567.0,1567.0,matched,,2025-02-28T06:26:53.974630+00:00,2024-04-13T09:15:18.984084+00:00,2.225869474201111,-0.6184947743765172,,1.2124977160606614,True,True,True,True,all4-early-fusion+ridge-only
1643,1568.0,0.9,1568.0,1568.0,matched,,2025-02-28T06:26:54.075704+00:00,2024-04-13T09:15:19.087975+00:00,2.384255223623424,-0.19437050328637762,,1.2230169050715212,True,True,True,True,all4-early-fusion+ridge-only
1644,1570.0,0.9,1569.0,1570.0,ambiguous_range,,2025-02-28T06:26:54.179655+00:00,2024-04-13T09:15:19.279469+00:00,2.4485458279814507,-0.18582462029816904,,1.2251630941286116,True,True,True,True,all4-early-fusion+ridge-only
1645,1571.0,0.9,1571.0,1571.0,matched,,2025-02-28T06:26:54.279675+00:00,2024-04-13T09:15:19.377918+00:00,2.426416568237185,-1.0925450565558577,,1.2166636012506895,True,True,True,True,all4-early-fusion+ridge-only
1646,1572.0,0.9,1572.0,1572.0,matched,,2025-02-28T06:26:54.374320+00:00,2024-04-13T09:15:19.480566+00:00,2.3376817778533545,-0.9948545348757949,,1.2023188926838035,True,True,True,True,all4-early-fusion+ridge-only
1647,1573.0,0.9,1573.0,1574.0,ambiguous_range,,2025-02-28T06:26:54.477049+00:00,2024-04-13T09:15:19.580586+00:00,2.2915432656261867,-0.41566598421049505,,1.159444537393341,True,True,True,True,all4-early-fusion+ridge-only
1648,1575.0,0.9,1575.0,1575.0,matched,,2025-02-28T06:26:54.576253+00:00,2024-04-13T09:15:19.777521+00:00,2.27583901726376,0.41948032861034834,,1.1329608938547484,True,True,True,True,all4-early-fusion+ridge-only
1649,1576.0,0.9,1576.0,1576.0,matched,,2025-02-28T06:26:54.678133+00:00,2024-04-13T09:15:19.879056+00:00,2.2330522713188037,-0.3086593722645383,,1.1192145862552596,True,True,True,True,all4-early-fusion+ridge-only
1650,1577.0,0.9,1577.0,1577.0,matched,,2025-02-28T06:26:54.781323+00:00,2024-04-13T09:15:19.979162+00:00,2.152722595173635,-1.1765389130873662,,1.1192145862552596,True,True,True,True,all4-early-fusion+ridge-only
1651,1578.0,0.9,1578.0,1578.0,matched,,2025-02-28T06:26:54.876133+00:00,2024-04-13T09:15:20.077502+00:00,2.1817344911912424,-1.5578857916056912,,1.114742698191933,True,True,True,True,all4-early-fusion+ridge-only
1652,1579.0,0.9,1579.0,1579.0,matched,,2025-02-28T06:26:54.974679+00:00,2024-04-13T09:15:20.179402+00:00,2.1960597451998134,-0.061879327913294535,,1.1060191518467852,True,True,True,True,all4-early-fusion+ridge-only
1653,1580.0,0.9,1580.0,1580.0,matched,,2025-02-28T06:26:55.077251+00:00,2024-04-13T09:15:20.278718+00:00,2.180790400525356,-0.3657598837248739,,1.0934579439252337,True,True,True,True,all4-early-fusion+ridge-only
1654,1581.0,0.9,1581.0,1581.0,matched,,2025-02-28T06:26:55.174451+00:00,2024-04-13T09:15:20.380719+00:00,2.1568288514512,-0.5932771793236484,,1.091937869822485,True,True,True,True,all4-early-fusion+ridge-only
1655,1582.0,0.9,1582.0,1582.0,matched,,2025-02-28T06:26:55.274864+00:00,2024-04-13T09:15:20.477753+00:00,2.1210000955408774,-1.0694510578950254,,1.087428487604518,True,True,True,True,all4-early-fusion+ridge-only
1656,1583.0,0.9,1583.0,1583.0,matched,,2025-02-28T06:26:55.375428+00:00,2024-04-13T09:15:20.577516+00:00,2.121376560813037,-0.7893287802483915,,1.080078125,True,True,True,True,all4-early-fusion+ridge-only
1657,1584.0,0.9,1584.0,1584.0,matched,,2025-02-28T06:26:55.474799+00:00,2024-04-13T09:15:20.681078+00:00,2.1824899727458553,-0.8372767407815087,,1.070120652945351,True,True,True,True,all4-early-fusion+ridge-only
1658,1585.0,0.9,1585.0,1585.0,matched,,2025-02-28T06:26:55.575629+00:00,2024-04-13T09:15:20.781899+00:00,2.1614000940874747,-0.9087651025204599,,1.0732334047109209,True,True,True,True,all4-early-fusion+ridge-only
1659,1587.0,0.9,1586.0,1587.0,ambiguous_range,,2025-02-28T06:26:55.677240+00:00,2024-04-13T09:15:20.978378+00:00,2.1344187872312648,-0.3829372125051065,,1.0748031496062993,True,True,True,True,all4-early-fusion+ridge-only
1660,1588.0,0.9,1588.0,1588.0,matched,,2025-02-28T06:26:55.777224+00:00,2024-04-13T09:15:21.078704+00:00,2.108882095161991,-0.7027756872780895,,1.0732334047109209,True,True,True,True,all4-early-fusion+ridge-only
1661,1589.0,0.9,1589.0,1589.0,matched,,2025-02-28T06:26:55.877022+00:00,2024-04-13T09:15:21.177967+00:00,2.110723609893871,-1.172397795093605,,1.0701206529453513,True,True,True,True,all4-early-fusion+ridge-only
1662,1590.0,0.9,1590.0,1590.0,matched,,2025-02-28T06:26:55.975909+00:00,2024-04-13T09:15:21.278060+00:00,1.9793067713195123,-0.5873730360039542,,1.0655172413793101,True,True,True,True,all4-early-fusion+ridge-only
1663,1591.0,0.9,1591.0,1591.0,matched,,2025-02-28T06:26:56.075705+00:00,2024-04-13T09:15:21.380098+00:00,1.9387745770988303,-0.47844261710256,,1.0594989561586639,True,True,True,True,all4-early-fusion+ridge-only
1664,1592.0,0.9,1592.0,1592.0,matched,,2025-02-28T06:26:56.175058+00:00,2024-04-13T09:15:21.481540+00:00,1.9452698092562526,-1.05305222087866,,1.0521619766643788,True,True,True,True,all4-early-fusion+ridge-only
1665,1593.0,0.9,1593.0,1593.0,matched,,2025-02-28T06:26:56.275421+00:00,2024-04-13T09:15:21.578117+00:00,1.9230961492675789,-0.9027019659380029,,1.0436191762322753,True,True,True,True,all4-early-fusion+ridge-only
1666,1594.0,0.9,1594.0,1594.0,matched,,2025-02-28T06:26:56.378761+00:00,2024-04-13T09:15:21.678852+00:00,1.8340140421200088,-1.049194395844342,,1.0339960238568588,True,True,True,True,all4-early-fusion+ridge-only
1667,1595.0,0.9,1595.0,1595.0,matched,,2025-02-28T06:26:56.476075+00:00,2024-04-13T09:15:21.779660+00:00,1.7840927316611783,-2.211269311264975,,1.0234263465282283,True,True,True,True,all4-early-fusion+ridge-only
1668,1596.0,0.9,1596.0,1596.0,matched,,2025-02-28T06:26:56.574480+00:00,2024-04-13T09:15:21.883115+00:00,1.7448952496366004,-1.2831308772090135,,1.0120481927710843,True,True,True,True,all4-early-fusion+ridge-only
1669,1597.0,0.9,1597.0,1597.0,matched,,2025-02-28T06:26:56.674251+00:00,2024-04-13T09:15:21.978795+00:00,1.6709913490044201,-0.9097908209518382,,1.0,True,True,True,True,all4-early-fusion+ridge-only
1670,1598.0,0.9,1598.0,1598.0,matched,,2025-02-28T06:26:56.778403+00:00,2024-04-13T09:15:22.080419+00:00,1.724096373657146,-0.6268474723805171,,1.0120481927710843,True,True,True,True,all4-early-fusion+ridge-only
1671,1599.0,0.9,1599.0,1599.0,matched,,2025-02-28T06:26:56.877325+00:00,2024-04-13T09:15:22.180462+00:00,1.6615265425456798,-1.6826788659013603,,1.0234263465282283,True,True,True,True,all4-early-fusion+ridge-only
1672,1600.0,0.9,1600.0,1600.0,matched,,2025-02-28T06:26:56.974492+00:00,2024-04-13T09:15:22.278256+00:00,1.6212518720890714,-1.7215322101407398,,1.0339960238568588,True,True,True,True,all4-early-fusion+ridge-only
1673,1601.0,0.9,1601.0,1601.0,matched,,2025-02-28T06:26:57.078709+00:00,2024-04-13T09:15:22.378956+00:00,1.6702672631538453,-1.4929748232785005,,1.0436191762322755,True,True,True,True,all4-early-fusion+ridge-only
1674,1602.0,0.9,1602.0,1602.0,matched,,2025-02-28T06:26:57.176558+00:00,2024-04-13T09:15:22.477751+00:00,1.6865462065794554,-1.5840674874543017,,1.0521619766643788,True,True,True,True,all4-early-fusion+ridge-only
1675,1603.0,0.9,1603.0,1603.0,matched,,2025-02-28T06:26:57.276721+00:00,2024-04-13T09:15:22.581419+00:00,1.7503290605128932,-0.5038806106015414,,1.0724999999999998,True,True,True,True,all4-early-fusion+ridge-only
1676,1604.0,0.9,1604.0,1604.0,matched,,2025-02-28T06:26:57.375499+00:00,2024-04-13T09:15:22.682464+00:00,1.7071658901504818,-1.63419646366903,,1.0915148822745444,True,True,True,True,all4-early-fusion+ridge-only
1677,1605.0,0.9,1605.0,1605.0,matched,,2025-02-28T06:26:57.477434+00:00,2024-04-13T09:15:22.783468+00:00,1.7868332114716272,-1.4922157708670338,,1.1087255501222495,True,True,True,True,all4-early-fusion+ridge-only
1678,1606.0,0.9,1606.0,1606.0,matched,,2025-02-28T06:26:57.576801+00:00,2024-04-13T09:15:22.878006+00:00,1.8302343463444628,-1.6198333139377894,,1.1236466342381923,True,True,True,True,all4-early-fusion+ridge-only
1679,1607.0,0.9,1607.0,1608.0,ambiguous_range,,2025-02-28T06:26:57.675352+00:00,2024-04-13T09:15:22.981300+00:00,1.965959330278872,-1.1040624995273003,,1.1754944110060188,True,True,True,True,all4-early-fusion+ridge-only
1680,1609.0,0.9,1609.0,1609.0,matched,,2025-02-28T06:26:57.779997+00:00,2024-04-13T09:15:23.179523+00:00,2.0507213699858813,-0.20817942768402675,,1.1963681680612426,True,True,True,True,all4-early-fusion+ridge-only
1681,1610.0,0.9,1610.0,1610.0,matched,,2025-02-28T06:26:57.875402+00:00,2024-04-13T09:15:23.277637+00:00,2.023453409598492,-1.1016423463670397,,1.2297119186593861,True,True,True,True,all4-early-fusion+ridge-only
1682,1611.0,0.9,1611.0,1611.0,matched,,2025-02-28T06:26:57.975708+00:00,2024-04-13T09:15:23.378995+00:00,2.059101051292823,-0.806338331368762,,1.258426966292135,True,True,True,True,all4-early-fusion+ridge-only
1683,1612.0,0.9,1612.0,1613.0,ambiguous_range,,2025-02-28T06:26:58.076827+00:00,2024-04-13T09:15:23.478491+00:00,2.13245500070536,-1.2441197265395434,,1.3150419625564882,True,True,True,True,all4-early-fusion+ridge-only
1684,1614.0,0.9,1614.0,1614.0,matched,,2025-02-28T06:26:58.174387+00:00,2024-04-13T09:15:23.679322+00:00,2.2356767867375122,0.0,,1.3409751733392976,True,True,True,True,all4-early-fusion+ridge-only
1685,1615.0,0.9,1615.0,1615.0,matched,,2025-02-28T06:26:58.274594+00:00,2024-04-13T09:15:23.783246+00:00,2.265462560900619,-0.6516850506772012,,1.3559999999999997,True,True,True,True,all4-early-fusion+ridge-only
1686,1617.0,0.9,1616.0,1617.0,ambiguous_range,,2025-02-28T06:26:58.374335+00:00,2024-04-13T09:15:23.978910+00:00,2.201487400321436,-0.8038281748628258,,1.394074969770254,True,True,True,True,all4-early-fusion+ridge-only
1687,1618.0,0.9,1618.0,1618.0,matched,,2025-02-28T06:26:58.474284+00:00,2024-04-13T09:15:24.078042+00:00,2.2979020137161443,-1.1821520781259953,,1.3915662650602407,True,True,True,True,all4-early-fusion+ridge-only
1688,1619.0,0.9,1619.0,1620.0,ambiguous_range,,2025-02-28T06:26:58.576451+00:00,2024-04-13T09:15:24.177704+00:00,2.371205498386032,-0.5541945434617728,,1.400170648464164,True,True,True,True,all4-early-fusion+ridge-only
1689,1621.0,0.9,1621.0,1621.0,matched,,2025-02-28T06:26:58.674759+00:00,2024-04-13T09:15:24.377483+00:00,2.453624291044505,-0.38838357374743815,,1.3831586469747497,True,True,True,True,all4-early-fusion+ridge-only
1690,1622.0,0.9,1622.0,1623.0,ambiguous_range,,2025-02-28T06:26:58.777071+00:00,2024-04-13T09:15:24.483989+00:00,2.4253622990163866,-0.7764189837331212,,1.3153347732181428,True,True,True,True,all4-early-fusion+ridge-only
1691,1624.0,0.9,1624.0,1624.0,matched,,2025-02-28T06:26:58.877776+00:00,2024-04-13T09:15:24.679080+00:00,2.4432842764737766,-0.9119061940550397,,1.271875,True,True,True,True,all4-early-fusion+ridge-only
1692,1626.0,0.9,1625.0,1626.0,ambiguous_range,,2025-02-28T06:26:58.974509+00:00,2024-04-13T09:15:24.881827+00:00,2.4896854644711017,-0.04108159902525088,,1.1420284431137724,True,True,True,True,all4-early-fusion+ridge-only
1693,1627.0,0.9,1627.0,1627.0,matched,,2025-02-28T06:26:59.074759+00:00,2024-04-13T09:15:24.983937+00:00,2.5568332298023786,0.0,,1.0815844700944386,True,True,True,True,all4-early-fusion+ridge-only
1694,1628.0,0.9,1628.0,1628.0,matched,,2025-02-28T06:26:59.174941+00:00,2024-04-13T09:15:25.081775+00:00,2.6191352595595716,-0.0769248517930059,,1.0370741482965933,True,True,True,True,all4-early-fusion+ridge-only
1695,1629.0,0.9,1629.0,1629.0,matched,,2025-02-28T06:26:59.274537+00:00,2024-04-13T09:15:25.180318+00:00,2.670072082877767,-0.31088191230930073,,0.9952471482889733,True,True,True,True,all4-early-fusion+ridge-only
1696,1630.0,0.9,1630.0,1630.0,matched,,2025-02-28T06:26:59.375570+00:00,2024-04-13T09:15:25.278017+00:00,2.7406556268535054,-0.4545432986459099,,0.9567264573991031,True,True,True,True,all4-early-fusion+ridge-only
1697,1631.0,0.9,1631.0,1631.0,matched,,2025-02-28T06:26:59.477083+00:00,2024-04-13T09:15:25.381941+00:00,2.8235561899494184,-0.06642388300535362,,0.93087790110999,True,True,True,True,all4-early-fusion+ridge-only
1698,1632.0,0.9,1632.0,1632.0,matched,,2025-02-28T06:26:59.576837+00:00,2024-04-13T09:15:25.479737+00:00,2.749427417983624,-0.5034469863873463,,0.9193112281201081,True,True,True,True,all4-early-fusion+ridge-only
1699,1633.0,0.9,1633.0,1633.0,matched,,2025-02-28T06:26:59.674596+00:00,2024-04-13T09:15:25.582004+00:00,2.68619842315883,0.0,,0.9076837261190908,True,True,True,True,all4-early-fusion+ridge-only
1700,1633.0,0.9,1633.0,1633.0,matched,,2025-02-28T06:26:59.776545+00:00,2024-04-13T09:15:25.582004+00:00,2.6654605201724313,0.0,,0.9063589457537303,True,True,True,True,all4-early-fusion+ridge-only
1701,1633.0,0.9,1633.0,1633.0,matched,,2025-02-28T06:26:59.876038+00:00,2024-04-13T09:15:25.582004+00:00,2.6937225122005497,0.0,,0.9055347482313776,True,True,True,True,all4-early-fusion+ridge-only
1702,1634.0,0.9,1634.0,1634.0,matched,,2025-02-28T06:26:59.981480+00:00,2024-04-13T09:15:25.678369+00:00,2.7211404223076587,0.0,,0.9052161976664378,True,True,True,True,all4-early-fusion+ridge-only
1703,1635.0,0.9,1635.0,1635.0,matched,,2025-02-28T06:27:00.075185+00:00,2024-04-13T09:15:25.777701+00:00,2.7478145229342275,-0.8564980906489863,,0.9181628392484342,True,True,True,True,all4-early-fusion+ridge-only
1704,1636.0,0.9,1636.0,1636.0,matched,,2025-02-28T06:27:00.176405+00:00,2024-04-13T09:15:25.877905+00:00,2.7935824307876227,-0.6955189430727335,,0.9330049261083745,True,True,True,True,all4-early-fusion+ridge-only
1705,1637.0,0.9,1637.0,1637.0,matched,,2025-02-28T06:27:00.275946+00:00,2024-04-13T09:15:25.982223+00:00,2.7935824307876223,-0.3439251944256507,,0.9496806245564228,True,True,True,True,all4-early-fusion+ridge-only
1706,1638.0,0.9,1638.0,1638.0,matched,,2025-02-28T06:27:00.379462+00:00,2024-04-13T09:15:26.079283+00:00,2.7935824307876227,0.10108712239750384,,0.9800498753117207,True,True,True,True,all4-early-fusion+ridge-only
1707,1639.0,0.9,1639.0,1640.0,ambiguous_range,,2025-02-28T06:27:00.481650+00:00,2024-04-13T09:15:26.182729+00:00,2.7935824307876227,-0.152946287467715,,1.0699886197366282,True,True,True,True,all4-early-fusion+ridge-only
1708,1641.0,0.9,1641.0,1641.0,matched,,2025-02-28T06:27:00.578855+00:00,2024-04-13T09:15:26.382470+00:00,2.754612882235501,0.27220950412298883,,1.119087981013731,True,True,True,True,all4-early-fusion+ridge-only
1709,1642.0,0.9,1642.0,1642.0,matched,,2025-02-28T06:27:00.675376+00:00,2024-04-13T09:15:26.479117+00:00,2.8324763450217723,0.0,,1.16961936502368,True,True,True,True,all4-early-fusion+ridge-only
1710,1643.0,0.9,1643.0,1643.0,matched,,2025-02-28T06:27:00.774300+00:00,2024-04-13T09:15:26.579063+00:00,2.8917635773626382,0.0,,1.2017275508367824,True,True,True,True,all4-early-fusion+ridge-only
1711,1644.0,0.9,1644.0,1644.0,matched,,2025-02-28T06:27:00.875542+00:00,2024-04-13T09:15:26.681103+00:00,2.9431844810123398,0.3571219724008987,,1.2119078104993597,True,True,True,True,all4-early-fusion+ridge-only
1712,1645.0,0.9,1645.0,1645.0,matched,,2025-02-28T06:27:00.974719+00:00,2024-04-13T09:15:26.780749+00:00,2.941866972213033,0.0,,1.2160743877738907,True,True,True,True,all4-early-fusion+ridge-only
1713,1646.0,0.9,1646.0,1646.0,matched,,2025-02-28T06:27:01.075546+00:00,2024-04-13T09:15:26.883067+00:00,2.9417665904177537,-0.12907309355661623,,1.2334217506631298,True,True,True,True,all4-early-fusion+ridge-only
1714,1647.0,0.9,1647.0,1649.0,ambiguous_range,,2025-02-28T06:27:01.175239+00:00,2024-04-13T09:15:26.984661+00:00,2.941766590417753,0.0,,1.2394298832982589,True,True,True,True,all4-early-fusion+ridge-only
1715,1650.0,0.9,1650.0,1650.0,matched,,2025-02-28T06:27:01.275720+00:00,2024-04-13T09:15:27.281575+00:00,2.941766590417753,-0.04335938732320832,,1.2255892255892258,True,True,True,True,all4-early-fusion+ridge-only
1716,1651.0,0.9,1651.0,1651.0,matched,,2025-02-28T06:27:01.375402+00:00,2024-04-13T09:15:27.380505+00:00,2.9417665904177537,0.0,,1.2255892255892258,True,True,True,True,all4-early-fusion+ridge-only
1717,1652.0,0.9,1652.0,1652.0,matched,,2025-02-28T06:27:01.474584+00:00,2024-04-13T09:15:27.480168+00:00,2.9417665904177537,-0.009280682879346802,,1.2191666666666665,True,True,True,True,all4-early-fusion+ridge-only
1718,1653.0,0.9,1653.0,1653.0,matched,,2025-02-28T06:27:01.574565+00:00,2024-04-13T09:15:27.578976+00:00,2.9417665904177537,-0.11734368943597451,,1.2066993464052287,True,True,True,True,all4-early-fusion+ridge-only
1719,1654.0,0.9,1654.0,1654.0,matched,,2025-02-28T06:27:01.674559+00:00,2024-04-13T09:15:27.679978+00:00,2.9807361389698745,0.0,,1.1888888888888889,True,True,True,True,all4-early-fusion+ridge-only
1720,1655.0,0.9,1655.0,1656.0,ambiguous_range,,2025-02-28T06:27:01.774469+00:00,2024-04-13T09:15:27.779073+00:00,2.9807361389698754,0.0,,1.1410818713450293,True,True,True,True,all4-early-fusion+ridge-only
1721,1657.0,0.9,1657.0,1657.0,matched,,2025-02-28T06:27:01.880303+00:00,2024-04-13T09:15:27.982098+00:00,2.984677901453803,0.0,,1.129767959313414,True,True,True,True,all4-early-fusion+ridge-only
1722,1658.0,0.9,1658.0,1658.0,matched,,2025-02-28T06:27:01.983256+00:00,2024-04-13T09:15:28.088386+00:00,2.984677901453803,0.0,,1.113685344827586,True,True,True,True,all4-early-fusion+ridge-only
1723,1659.0,0.9,1659.0,1659.0,matched,,2025-02-28T06:27:02.075109+00:00,2024-04-13T09:15:28.177928+00:00,2.9859954102531105,0.0,,1.10643789857273,True,True,True,True,all4-early-fusion+ridge-only
1724,1660.0,0.9,1660.0,1660.0,matched,,2025-02-28T06:27:02.178420+00:00,2024-04-13T09:15:28.280885+00:00,3.0,0.0,,1.1112727829682951,True,True,True,True,all4-early-fusion+ridge-only
1725,1661.0,0.9,1661.0,1661.0,matched,,2025-02-28T06:27:02.275248+00:00,2024-04-13T09:15:28.377855+00:00,3.0,0.0,,1.1277839203917233,True,True,True,True,all4-early-fusion+ridge-only
1726,1662.0,0.9,1662.0,1662.0,matched,,2025-02-28T06:27:02.381757+00:00,2024-04-13T09:15:28.482049+00:00,3.0,0.0,,1.1404557944076288,True,True,True,True,all4-early-fusion+ridge-only
1727,1663.0,0.9,1663.0,1663.0,matched,,2025-02-28T06:27:02.478182+00:00,2024-04-13T09:15:28.578405+00:00,3.0,0.0,,1.1486796785304247,True,True,True,True,all4-early-fusion+ridge-only
1728,1664.0,0.9,1664.0,1664.0,matched,,2025-02-28T06:27:02.576909+00:00,2024-04-13T09:15:28.680695+00:00,3.0,0.011745073679033435,,1.152037617554859,True,True,True,True,all4-early-fusion+ridge-only
1729,1665.0,0.9,1665.0,1665.0,matched,,2025-02-28T06:27:02.677555+00:00,2024-04-13T09:15:28.778340+00:00,3.0,0.0,,1.1658767772511847,True,True,True,True,all4-early-fusion+ridge-only
1730,1666.0,0.9,1666.0,1667.0,ambiguous_range,,2025-02-28T06:27:02.776080+00:00,2024-04-13T09:15:28.879365+00:00,3.0,0.07373984897213859,,1.196629213483146,True,True,True,True,all4-early-fusion+ridge-only
1731,1668.0,0.9,1668.0,1668.0,matched,,2025-02-28T06:27:02.878928+00:00,2024-04-13T09:15:29.080134+00:00,3.0,0.0,,1.214876033057851,True,True,True,True,all4-early-fusion+ridge-only
1732,1669.0,0.9,1669.0,1669.0,matched,,2025-02-28T06:27:02.974468+00:00,2024-04-13T09:15:29.179644+00:00,3.0,0.0,,1.2462787550744248,True,True,True,True,all4-early-fusion+ridge-only
1733,1670.0,0.9,1670.0,1671.0,ambiguous_range,,2025-02-28T06:27:03.075635+00:00,2024-04-13T09:15:29.283909+00:00,3.0,0.0845236122697135,,1.2905027932960893,True,True,True,True,all4-early-fusion+ridge-only
1734,1672.0,0.9,1672.0,1672.0,matched,,2025-02-28T06:27:03.175155+00:00,2024-04-13T09:15:29.478489+00:00,3.0,0.3301046314340157,,1.3001049317943336,True,True,True,True,all4-early-fusion+ridge-only
1735,1673.0,0.9,1673.0,1673.0,matched,,2025-02-28T06:27:03.274902+00:00,2024-04-13T09:15:29.587590+00:00,3.0,0.0,,1.3001049317943336,True,True,True,True,all4-early-fusion+ridge-only
1736,1674.0,0.9,1674.0,1675.0,ambiguous_range,,2025-02-28T06:27:03.374917+00:00,2024-04-13T09:15:29.681951+00:00,3.0,0.22166802263943852,,1.272086939021936,True,True,True,True,all4-early-fusion+ridge-only
1737,1676.0,0.9,1676.0,1676.0,matched,,2025-02-28T06:27:03.474857+00:00,2024-04-13T09:15:29.879717+00:00,3.0,0.5616649921968992,,1.2462787550744248,True,True,True,True,all4-early-fusion+ridge-only
1738,1677.0,0.9,1677.0,1677.0,matched,,2025-02-28T06:27:03.575285+00:00,2024-04-13T09:15:29.977747+00:00,3.0,0.2514335712912148,,1.2148760330578512,True,True,True,True,all4-early-fusion+ridge-only
1739,1678.0,0.9,1678.0,1679.0,ambiguous_range,,2025-02-28T06:27:03.675512+00:00,2024-04-13T09:15:30.077808+00:00,3.0,0.0,,1.1738794435857807,True,True,True,True,all4-early-fusion+ridge-only
1740,1680.0,0.9,1680.0,1680.0,matched,,2025-02-28T06:27:03.774508+00:00,2024-04-13T09:15:30.281067+00:00,3.0,0.0,,1.1477104874446085,True,True,True,True,all4-early-fusion+ridge-only
1741,1681.0,0.9,1681.0,1681.0,matched,,2025-02-28T06:27:03.876198+00:00,2024-04-13T09:15:30.380304+00:00,3.0,0.0,,1.1192145862552596,True,True,True,True,all4-early-fusion+ridge-only
1742,1682.0,0.9,1682.0,1682.0,matched,,2025-02-28T06:27:03.974877+00:00,2024-04-13T09:15:30.482091+00:00,3.0,0.3362187892284343,,1.1029211442409566,True,True,True,True,all4-early-fusion+ridge-only
1743,1683.0,0.9,1683.0,1683.0,matched,,2025-02-28T06:27:04.074556+00:00,2024-04-13T09:15:30.581573+00:00,3.0,0.12781367715353253,,1.1001053740779767,True,True,True,True,all4-early-fusion+ridge-only
1744,1684.0,0.9,1684.0,1684.0,matched,,2025-02-28T06:27:04.174314+00:00,2024-04-13T09:15:30.686131+00:00,3.0,0.3180891412354021,,1.0931976830536163,True,True,True,True,all4-early-fusion+ridge-only
1745,1685.0,0.9,1685.0,1685.0,matched,,2025-02-28T06:27:04.274250+00:00,2024-04-13T09:15:30.777606+00:00,3.0,0.29883935020378427,,1.0825214483059473,True,True,True,True,all4-early-fusion+ridge-only
1746,1686.0,0.9,1686.0,1686.0,matched,,2025-02-28T06:27:04.374869+00:00,2024-04-13T09:15:30.879620+00:00,3.0,0.19551783677725076,,1.0825214483059473,True,True,True,True,all4-early-fusion+ridge-only
1747,1687.0,0.9,1687.0,1687.0,matched,,2025-02-28T06:27:04.475165+00:00,2024-04-13T09:15:30.982732+00:00,3.0,0.0,,1.0931976830536163,True,True,True,True,all4-early-fusion+ridge-only
1748,1688.0,0.9,1688.0,1688.0,matched,,2025-02-28T06:27:04.579871+00:00,2024-04-13T09:15:31.080901+00:00,3.0,0.0,,1.1001053740779767,True,True,True,True,all4-early-fusion+ridge-only
1749,1689.0,0.9,1689.0,1689.0,matched,,2025-02-28T06:27:04.678641+00:00,2024-04-13T09:15:31.178640+00:00,3.0,0.0,,1.1029211442409566,True,True,True,True,all4-early-fusion+ridge-only
1750,1690.0,0.9,1690.0,1690.0,matched,,2025-02-28T06:27:04.776107+00:00,2024-04-13T09:15:31.278893+00:00,3.0,0.0,,1.1192145862552596,True,True,True,True,all4-early-fusion+ridge-only
1751,1691.0,0.9,1691.0,1691.0,matched,,2025-02-28T06:27:04.876442+00:00,2024-04-13T09:15:31.378414+00:00,3.0,0.0,,1.1329608938547484,True,True,True,True,all4-early-fusion+ridge-only
1752,1692.0,0.9,1692.0,1693.0,ambiguous_range,,2025-02-28T06:27:04.978779+00:00,2024-04-13T09:15:31.479021+00:00,3.0,0.0,,1.151111111111111,True,True,True,True,all4-early-fusion+ridge-only
1753,1694.0,0.9,1694.0,1694.0,matched,,2025-02-28T06:27:05.078161+00:00,2024-04-13T09:15:31.680424+00:00,3.0,0.012922317083447599,,1.1720430107526882,True,True,True,True,all4-early-fusion+ridge-only
1754,1695.0,0.9,1695.0,1695.0,matched,,2025-02-28T06:27:05.176125+00:00,2024-04-13T09:15:31.778990+00:00,3.0,0.0,,1.1887835703001577,True,True,True,True,all4-early-fusion+ridge-only
1755,1696.0,0.9,1696.0,1697.0,ambiguous_range,,2025-02-28T06:27:05.276059+00:00,2024-04-13T09:15:31.881700+00:00,3.0,0.0,,1.2065040650406504,True,True,True,True,all4-early-fusion+ridge-only
1756,1698.0,0.9,1698.0,1698.0,matched,,2025-02-28T06:27:05.374386+00:00,2024-04-13T09:15:32.082058+00:00,3.0,0.0,,1.2065040650406504,True,True,True,True,all4-early-fusion+ridge-only
1757,1699.0,0.9,1699.0,1699.0,matched,,2025-02-28T06:27:05.474434+00:00,2024-04-13T09:15:32.178833+00:00,3.0,0.0,,1.2004830917874394,True,True,True,True,all4-early-fusion+ridge-only
1758,1700.0,0.9,1700.0,1700.0,matched,,2025-02-28T06:27:05.575042+00:00,2024-04-13T09:15:32.278906+00:00,3.0,0.0,,1.188783570300158,True,True,True,True,all4-early-fusion+ridge-only
1759,1701.0,0.9,1701.0,1701.0,matched,,2025-02-28T06:27:05.674899+00:00,2024-04-13T09:15:32.378736+00:00,3.0,0.0,,1.1720430107526882,True,True,True,True,all4-early-fusion+ridge-only
1760,1702.0,0.9,1702.0,1702.0,matched,,2025-02-28T06:27:05.775746+00:00,2024-04-13T09:15:32.481968+00:00,3.0,0.0,,1.1511111111111112,True,True,True,True,all4-early-fusion+ridge-only
1761,1703.0,0.9,1703.0,1704.0,ambiguous_range,,2025-02-28T06:27:05.882333+00:00,2024-04-13T09:15:32.580204+00:00,3.0,0.0,,1.1316165951359085,True,True,True,True,all4-early-fusion+ridge-only
1762,1705.0,0.9,1705.0,1705.0,matched,,2025-02-28T06:27:05.975648+00:00,2024-04-13T09:15:32.782081+00:00,3.0,0.24913124355870053,,1.1316165951359085,True,True,True,True,all4-early-fusion+ridge-only
1763,1706.0,0.9,1706.0,1706.0,matched,,2025-02-28T06:27:06.077383+00:00,2024-04-13T09:15:32.881700+00:00,3.0,0.0,,1.126950354609929,True,True,True,True,all4-early-fusion+ridge-only
1764,1707.0,0.9,1707.0,1707.0,matched,,2025-02-28T06:27:06.174841+00:00,2024-04-13T09:15:32.980200+00:00,3.0,0.3485722577731085,,1.1178521617852162,True,True,True,True,all4-early-fusion+ridge-only
1765,1708.0,0.9,1708.0,1708.0,matched,,2025-02-28T06:27:06.274784+00:00,2024-04-13T09:15:33.080231+00:00,3.0,0.06370668434118532,,1.1212003117692908,True,True,True,True,all4-early-fusion+ridge-only
1766,1709.0,0.9,1709.0,1709.0,matched,,2025-02-28T06:27:06.374427+00:00,2024-04-13T09:15:33.188581+00:00,3.0,0.0,,1.1212003117692908,True,True,True,True,all4-early-fusion+ridge-only
1767,1710.0,0.9,1710.0,1710.0,matched,,2025-02-28T06:27:06.480138+00:00,2024-04-13T09:15:33.281633+00:00,3.0,0.2012684196345118,,1.117852161785216,True,True,True,True,all4-early-fusion+ridge-only
1768,1711.0,0.9,1711.0,1711.0,matched,,2025-02-28T06:27:06.577354+00:00,2024-04-13T09:15:33.378255+00:00,3.0,0.23152993371692476,,1.1112727829682951,True,True,True,True,all4-early-fusion+ridge-only
1769,1712.0,0.9,1712.0,1712.0,matched,,2025-02-28T06:27:06.674563+00:00,2024-04-13T09:15:33.479612+00:00,3.0,0.016190238746612184,,1.1016859852476288,True,True,True,True,all4-early-fusion+ridge-only
1770,1713.0,0.9,1713.0,1714.0,ambiguous_range,,2025-02-28T06:27:06.778021+00:00,2024-04-13T09:15:33.580327+00:00,3.0,0.045618466166912786,,1.0748031496062993,True,True,True,True,all4-early-fusion+ridge-only
1771,1715.0,0.9,1715.0,1715.0,matched,,2025-02-28T06:27:06.882560+00:00,2024-04-13T09:15:33.780160+00:00,3.0,0.3238183464740447,,1.0732334047109209,True,True,True,True,all4-early-fusion+ridge-only
1772,1716.0,0.9,1716.0,1716.0,matched,,2025-02-28T06:27:06.974645+00:00,2024-04-13T09:15:33.878958+00:00,3.0,0.0,,1.0701206529453513,True,True,True,True,all4-early-fusion+ridge-only
1773,1717.0,0.9,1717.0,1717.0,matched,,2025-02-28T06:27:07.075252+00:00,2024-04-13T09:15:33.978497+00:00,3.0,0.144360080043199,,1.080078125,True,True,True,True,all4-early-fusion+ridge-only
1774,1718.0,0.9,1718.0,1718.0,matched,,2025-02-28T06:27:07.174070+00:00,2024-04-13T09:15:34.082814+00:00,3.0,0.0,,1.087428487604518,True,True,True,True,all4-early-fusion+ridge-only
1775,1719.0,0.9,1719.0,1719.0,matched,,2025-02-28T06:27:07.280700+00:00,2024-04-13T09:15:34.182378+00:00,3.0,0.0,,1.091937869822485,True,True,True,True,all4-early-fusion+ridge-only
1776,1720.0,0.9,1720.0,1720.0,matched,,2025-02-28T06:27:07.378135+00:00,2024-04-13T09:15:34.281868+00:00,3.0,0.0,,1.0934579439252337,True,True,True,True,all4-early-fusion+ridge-only
1777,1721.0,0.9,1721.0,1721.0,matched,,2025-02-28T06:27:07.476763+00:00,2024-04-13T09:15:34.384283+00:00,3.0,0.0,,1.091937869822485,True,True,True,True,all4-early-fusion+ridge-only
1778,1722.0,0.9,1722.0,1722.0,matched,,2025-02-28T06:27:07.575269+00:00,2024-04-13T09:15:34.478032+00:00,3.0,0.0,,1.087428487604518,True,True,True,True,all4-early-fusion+ridge-only
1779,1723.0,0.9,1723.0,1723.0,matched,,2025-02-28T06:27:07.677135+00:00,2024-04-13T09:15:34.584477+00:00,3.0,0.0,,1.080078125,True,True,True,True,all4-early-fusion+ridge-only
1780,1724.0,0.9,1724.0,1724.0,matched,,2025-02-28T06:27:07.775192+00:00,2024-04-13T09:15:34.679004+00:00,3.0,0.25632537245727427,,1.070120652945351,True,True,True,True,all4-early-fusion+ridge-only
1781,1725.0,0.9,1725.0,1725.0,matched,,2025-02-28T06:27:07.875107+00:00,2024-04-13T09:15:34.779122+00:00,3.0,0.0,,1.0732334047109209,True,True,True,True,all4-early-fusion+ridge-only
1782,1726.0,0.9,1726.0,1727.0,ambiguous_range,,2025-02-28T06:27:07.975707+00:00,2024-04-13T09:15:34.878705+00:00,3.0,0.0,,1.0748031496062993,True,True,True,True,all4-early-fusion+ridge-only
1783,1728.0,0.9,1728.0,1728.0,matched,,2025-02-28T06:27:08.074569+00:00,2024-04-13T09:15:35.084633+00:00,3.0,0.0,,1.0732334047109209,True,True,True,True,all4-early-fusion+ridge-only
1784,1729.0,0.9,1729.0,1729.0,matched,,2025-02-28T06:27:08.176756+00:00,2024-04-13T09:15:35.181494+00:00,3.0,0.0,,1.0701206529453513,True,True,True,True,all4-early-fusion+ridge-only
1785,1730.0,0.9,1730.0,1730.0,matched,,2025-02-28T06:27:08.275637+00:00,2024-04-13T09:15:35.280085+00:00,3.0,0.37416530557483085,,1.0655172413793101,True,True,True,True,all4-early-fusion+ridge-only
1786,1731.0,0.9,1731.0,1731.0,matched,,2025-02-28T06:27:08.374432+00:00,2024-04-13T09:15:35.377795+00:00,3.0,0.0,,1.0594989561586639,True,True,True,True,all4-early-fusion+ridge-only
1787,1732.0,0.9,1732.0,1732.0,matched,,2025-02-28T06:27:08.477516+00:00,2024-04-13T09:15:35.481242+00:00,3.0,0.22671391879563618,,1.0662905500705218,True,True,True,True,all4-early-fusion+ridge-only
1788,1733.0,0.9,1733.0,1733.0,matched,,2025-02-28T06:27:08.574427+00:00,2024-04-13T09:15:35.581225+00:00,2.998472313510074,0.26602482765272395,,1.0704535759988625,True,True,True,True,all4-early-fusion+ridge-only
1789,1734.0,0.9,1734.0,1734.0,matched,,2025-02-28T06:27:08.676764+00:00,2024-04-13T09:15:35.678545+00:00,2.988938760507459,0.16179158753059442,,1.0718562874251496,True,True,True,True,all4-early-fusion+ridge-only
1790,1735.0,0.9,1735.0,1735.0,matched,,2025-02-28T06:27:08.775252+00:00,2024-04-13T09:15:35.781179+00:00,2.938638204874017,0.44253353332873013,,1.0704535759988625,True,True,True,True,all4-early-fusion+ridge-only
1791,1736.0,0.9,1736.0,1736.0,matched,,2025-02-28T06:27:08.874155+00:00,2024-04-13T09:15:35.885009+00:00,2.9329969722254474,0.4480480356602903,,1.066290550070522,True,True,True,True,all4-early-fusion+ridge-only
1792,1737.0,0.9,1737.0,1737.0,matched,,2025-02-28T06:27:08.975967+00:00,2024-04-13T09:15:35.977537+00:00,2.9329969722254474,0.40588298737823436,,1.0594989561586639,True,True,True,True,all4-early-fusion+ridge-only
1793,1738.0,0.9,1738.0,1738.0,matched,,2025-02-28T06:27:09.077245+00:00,2024-04-13T09:15:36.081522+00:00,2.9329969722254465,0.1175358325351481,,1.0655172413793101,True,True,True,True,all4-early-fusion+ridge-only
1794,1739.0,0.9,1739.0,1739.0,matched,,2025-02-28T06:27:09.175271+00:00,2024-04-13T09:15:36.178483+00:00,2.9329969722254465,0.08398594228233103,,1.070120652945351,True,True,True,True,all4-early-fusion+ridge-only
1795,1740.0,0.9,1740.0,1740.0,matched,,2025-02-28T06:27:09.274771+00:00,2024-04-13T09:15:36.279064+00:00,2.9329969722254465,-0.4436492228179123,,1.0732334047109209,True,True,True,True,all4-early-fusion+ridge-only
1796,1741.0,0.9,1741.0,1742.0,ambiguous_range,,2025-02-28T06:27:09.376033+00:00,2024-04-13T09:15:36.379034+00:00,2.9329969722254465,0.4357889767545893,,1.0748031496062993,True,True,True,True,all4-early-fusion+ridge-only
1797,1743.0,0.9,1743.0,1743.0,matched,,2025-02-28T06:27:09.474709+00:00,2024-04-13T09:15:36.581833+00:00,2.9329969722254465,0.0,,1.0732334047109209,True,True,True,True,all4-early-fusion+ridge-only
1798,1744.0,0.9,1744.0,1744.0,matched,,2025-02-28T06:27:09.575844+00:00,2024-04-13T09:15:36.681627+00:00,2.9329969722254465,0.0,,1.0701206529453513,True,True,True,True,all4-early-fusion+ridge-only
1799,1745.0,0.9,1745.0,1745.0,matched,,2025-02-28T06:27:09.676942+00:00,2024-04-13T09:15:36.777594+00:00,2.9345246587153726,0.20612598822967376,,1.0655172413793101,True,True,True,True,all4-early-fusion+ridge-only
1800,1746.0,0.9,1746.0,1746.0,matched,,2025-02-28T06:27:09.775652+00:00,2024-04-13T09:15:36.879719+00:00,2.9440582117179885,0.3998306716161535,,1.0594989561586639,True,True,True,True,all4-early-fusion+ridge-only
1801,1747.0,0.9,1747.0,1747.0,matched,,2025-02-28T06:27:09.879679+00:00,2024-04-13T09:15:36.980021+00:00,2.99435876735143,0.12259495781038376,,1.0521619766643788,True,True,True,True,all4-early-fusion+ridge-only
1802,1748.0,0.9,1748.0,1748.0,matched,,2025-02-28T06:27:09.974811+00:00,2024-04-13T09:15:37.081271+00:00,3.0,0.3028609699507232,,1.0574282147315854,True,True,True,True,all4-early-fusion+ridge-only
1803,1749.0,0.9,1749.0,1749.0,matched,,2025-02-28T06:27:10.076690+00:00,2024-04-13T09:15:37.182059+00:00,2.99851686655599,0.09752905687403723,,1.0601031934179332,True,True,True,True,all4-early-fusion+ridge-only
1804,1750.0,0.9,1750.0,1750.0,matched,,2025-02-28T06:27:10.176832+00:00,2024-04-13T09:15:37.281222+00:00,2.998511168439639,0.0,,1.0601031934179332,True,True,True,True,all4-early-fusion+ridge-only
1805,1751.0,0.9,1751.0,1751.0,matched,,2025-02-28T06:27:10.277967+00:00,2024-04-13T09:15:37.378915+00:00,2.998511168439639,0.4423406397131493,,1.0574282147315854,True,True,True,True,all4-early-fusion+ridge-only
1806,1752.0,0.9,1752.0,1752.0,matched,,2025-02-28T06:27:10.375161+00:00,2024-04-13T09:15:37.480481+00:00,2.9695317428052017,0.21441448036399402,,1.0521619766643788,True,True,True,True,all4-early-fusion+ridge-only
1807,1753.0,0.9,1753.0,1753.0,matched,,2025-02-28T06:27:10.474644+00:00,2024-04-13T09:15:37.580632+00:00,2.959766361685313,0.3628782391632446,,1.0594989561586639,True,True,True,True,all4-early-fusion+ridge-only
1808,1754.0,0.9,1754.0,1754.0,matched,,2025-02-28T06:27:10.574446+00:00,2024-04-13T09:15:37.677675+00:00,2.959766361685313,0.19198374884654967,,1.0655172413793101,True,True,True,True,all4-early-fusion+ridge-only
1809,1755.0,0.9,1755.0,1755.0,matched,,2025-02-28T06:27:10.679174+00:00,2024-04-13T09:15:37.781010+00:00,2.933183679237588,-6.267927986325361e-05,,1.070120652945351,True,True,True,True,all4-early-fusion+ridge-only
1810,1756.0,0.9,1756.0,1756.0,matched,,2025-02-28T06:27:10.781568+00:00,2024-04-13T09:15:37.878287+00:00,2.933183679237588,0.48382875961482386,,1.0732334047109209,True,True,True,True,all4-early-fusion+ridge-only
1811,1757.0,0.9,1757.0,1758.0,ambiguous_range,,2025-02-28T06:27:10.877384+00:00,2024-04-13T09:15:37.978653+00:00,2.933183679237588,0.10893778439253454,,1.0748031496062993,True,True,True,True,all4-early-fusion+ridge-only
1812,1759.0,0.9,1759.0,1759.0,matched,,2025-02-28T06:27:10.979064+00:00,2024-04-13T09:15:38.183096+00:00,2.933183679237588,0.16369562142475935,,1.0732334047109209,True,True,True,True,all4-early-fusion+ridge-only
1813,1760.0,0.9,1760.0,1760.0,matched,,2025-02-28T06:27:11.076673+00:00,2024-04-13T09:15:38.284679+00:00,2.933183679237588,0.21185322759129166,,1.0701206529453513,True,True,True,True,all4-early-fusion+ridge-only
1814,1761.0,0.9,1761.0,1761.0,matched,,2025-02-28T06:27:11.175005+00:00,2024-04-13T09:15:38.378746+00:00,2.934666812681597,0.230132920844762,,1.0655172413793101,True,True,True,True,all4-early-fusion+ridge-only
1815,1762.0,0.9,1762.0,1762.0,matched,,2025-02-28T06:27:11.274489+00:00,2024-04-13T09:15:38.478849+00:00,2.9346725107979483,0.4852105804817164,,1.0594989561586639,True,True,True,True,all4-early-fusion+ridge-only
1816,1763.0,0.9,1763.0,1763.0,matched,,2025-02-28T06:27:11.375485+00:00,2024-04-13T09:15:38.581701+00:00,2.9346725107979483,0.20802233445597018,,1.0521619766643788,True,True,True,True,all4-early-fusion+ridge-only
1817,1764.0,0.9,1764.0,1764.0,matched,,2025-02-28T06:27:11.474508+00:00,2024-04-13T09:15:38.680312+00:00,2.963651936432386,0.22167606497226444,,1.0436191762322753,True,True,True,True,all4-early-fusion+ridge-only
1818,1765.0,0.9,1765.0,1765.0,matched,,2025-02-28T06:27:11.574322+00:00,2024-04-13T09:15:38.779358+00:00,2.9734173175522742,0.2686680654730349,,1.0339960238568588,True,True,True,True,all4-early-fusion+ridge-only
1819,1766.0,0.9,1766.0,1766.0,matched,,2025-02-28T06:27:11.674784+00:00,2024-04-13T09:15:38.878207+00:00,2.9734173175522742,0.22353955641594103,,1.0234263465282283,True,True,True,True,all4-early-fusion+ridge-only
1820,1767.0,0.9,1767.0,1767.0,matched,,2025-02-28T06:27:11.774376+00:00,2024-04-13T09:15:38.983227+00:00,3.0,0.0,,1.0120481927710843,True,True,True,True,all4-early-fusion+ridge-only
1821,1768.0,0.9,1768.0,1768.0,matched,,2025-02-28T06:27:11.875448+00:00,2024-04-13T09:15:39.081276+00:00,3.0,0.271354144078471,,1.0,True,True,True,True,all4-early-fusion+ridge-only
1822,1769.0,0.9,1769.0,1769.0,matched,,2025-02-28T06:27:11.981818+00:00,2024-04-13T09:15:39.184099+00:00,3.0,0.3410201509284203,,1.0120481927710843,True,True,True,True,all4-early-fusion+ridge-only
1823,1770.0,0.9,1770.0,1770.0,matched,,2025-02-28T06:27:12.075224+00:00,2024-04-13T09:15:39.281462+00:00,3.0,0.362882890774201,,1.0234263465282283,True,True,True,True,all4-early-fusion+ridge-only
1824,1771.0,0.9,1771.0,1771.0,matched,,2025-02-28T06:27:12.174389+00:00,2024-04-13T09:15:39.382673+00:00,2.990564667856342,0.24746868553788914,,1.0339960238568588,True,True,True,True,all4-early-fusion+ridge-only
1825,1772.0,0.9,1772.0,1772.0,matched,,2025-02-28T06:27:12.274221+00:00,2024-04-13T09:15:39.477928+00:00,2.990564667856342,0.2988657080658075,,1.0436191762322755,True,True,True,True,all4-early-fusion+ridge-only
1826,1773.0,0.9,1773.0,1773.0,matched,,2025-02-28T06:27:12.375252+00:00,2024-04-13T09:15:39.577872+00:00,2.990564667856342,0.0,,1.0521619766643788,True,True,True,True,all4-early-fusion+ridge-only
1827,1774.0,0.9,1774.0,1774.0,matched,,2025-02-28T06:27:12.479258+00:00,2024-04-13T09:15:39.680871+00:00,2.990564667856342,0.0,,1.0594989561586639,True,True,True,True,all4-early-fusion+ridge-only
1828,1775.0,0.9,1775.0,1775.0,matched,,2025-02-28T06:27:12.575195+00:00,2024-04-13T09:15:39.781235+00:00,2.990564667856342,0.2812528890484569,,1.0655172413793101,True,True,True,True,all4-early-fusion+ridge-only
1829,1776.0,0.9,1776.0,1776.0,matched,,2025-02-28T06:27:12.676708+00:00,2024-04-13T09:15:39.881898+00:00,2.990564667856342,-0.10378865358023592,,1.070120652945351,True,True,True,True,all4-early-fusion+ridge-only
1830,1777.0,0.9,1777.0,1777.0,matched,,2025-02-28T06:27:12.775181+00:00,2024-04-13T09:15:39.982139+00:00,2.990564667856342,0.48492416930897075,,1.0732334047109209,True,True,True,True,all4-early-fusion+ridge-only
1831,1778.0,0.9,1778.0,1779.0,ambiguous_range,,2025-02-28T06:27:12.874544+00:00,2024-04-13T09:15:40.082387+00:00,2.990564667856342,0.4676748431369986,,1.0748031496062993,True,True,True,True,all4-early-fusion+ridge-only
1832,1780.0,0.9,1780.0,1780.0,matched,,2025-02-28T06:27:12.976850+00:00,2024-04-13T09:15:40.283665+00:00,2.9718548282864066,0.2040628187049527,,1.0732334047109209,True,True,True,True,all4-early-fusion+ridge-only
1833,1781.0,0.9,1781.0,1781.0,matched,,2025-02-28T06:27:13.078888+00:00,2024-04-13T09:15:40.379877+00:00,2.9718548282864066,0.3735037995453334,,1.0701206529453513,True,True,True,True,all4-early-fusion+ridge-only
1834,1782.0,0.9,1782.0,1782.0,matched,,2025-02-28T06:27:13.176132+00:00,2024-04-13T09:15:40.487569+00:00,2.9718548282864066,0.35313293014678004,,1.0655172413793101,True,True,True,True,all4-early-fusion+ridge-only
1835,1783.0,0.9,1783.0,1783.0,matched,,2025-02-28T06:27:13.281916+00:00,2024-04-13T09:15:40.577898+00:00,2.981290160430064,0.42939687563476747,,1.0594989561586639,True,True,True,True,all4-early-fusion+ridge-only
1836,1784.0,0.9,1784.0,1784.0,matched,,2025-02-28T06:27:13.378565+00:00,2024-04-13T09:15:40.682509+00:00,2.981290160430064,0.4385053783295447,,1.0521619766643788,True,True,True,True,all4-early-fusion+ridge-only
1837,1785.0,0.9,1785.0,1785.0,matched,,2025-02-28T06:27:13.475145+00:00,2024-04-13T09:15:40.780866+00:00,2.981290160430064,0.04690289516011559,,1.0436191762322753,True,True,True,True,all4-early-fusion+ridge-only
1838,1786.0,0.9,1786.0,1786.0,matched,,2025-02-28T06:27:13.579648+00:00,2024-04-13T09:15:40.877621+00:00,2.981290160430064,0.17372395414661224,,1.0339960238568588,True,True,True,True,all4-early-fusion+ridge-only
1839,1787.0,0.9,1787.0,1787.0,matched,,2025-02-28T06:27:13.677509+00:00,2024-04-13T09:15:40.980992+00:00,2.981290160430064,0.042924010564850956,,1.0234263465282283,True,True,True,True,all4-early-fusion+ridge-only
1840,1788.0,0.9,1788.0,1788.0,matched,,2025-02-28T06:27:13.775079+00:00,2024-04-13T09:15:41.079017+00:00,2.981290160430064,0.126680482913192,,1.0120481927710843,True,True,True,True,all4-early-fusion+ridge-only
1841,1789.0,0.9,1789.0,1789.0,matched,,2025-02-28T06:27:13.874377+00:00,2024-04-13T09:15:41.181278+00:00,2.981290160430064,0.3172463593843755,,1.0,True,True,True,True,all4-early-fusion+ridge-only
1842,1790.0,0.9,1790.0,1790.0,matched,,2025-02-28T06:27:13.974473+00:00,2024-04-13T09:15:41.278154+00:00,2.981290160430064,0.20263200133870596,,1.0,True,True,True,True,all4-early-fusion+ridge-only
1843,1791.0,0.9,1791.0,1791.0,matched,,2025-02-28T06:27:14.077625+00:00,2024-04-13T09:15:41.379986+00:00,3.0,0.26834875433361605,,1.0,True,True,True,True,all4-early-fusion+ridge-only
1844,1792.0,0.9,1792.0,1792.0,matched,,2025-02-28T06:27:14.174235+00:00,2024-04-13T09:15:41.478007+00:00,3.0,0.29498935227021983,,1.0,True,True,True,True,all4-early-fusion+ridge-only
1845,1793.0,0.9,1793.0,1793.0,matched,,2025-02-28T06:27:14.279994+00:00,2024-04-13T09:15:41.578642+00:00,3.0,0.0,,1.0,True,True,True,True,all4-early-fusion+ridge-only
1846,1794.0,0.9,1794.0,1794.0,matched,,2025-02-28T06:27:14.378096+00:00,2024-04-13T09:15:41.677732+00:00,3.0,0.0,,1.0,True,True,True,True,all4-early-fusion+ridge-only
1847,1795.0,0.9,1795.0,1795.0,matched,,2025-02-28T06:27:14.474509+00:00,2024-04-13T09:15:41.782758+00:00,3.0,0.23827507936456627,,1.0,True,True,True,True,all4-early-fusion+ridge-only
1848,1796.0,0.9,1796.0,1796.0,matched,,2025-02-28T06:27:14.574602+00:00,2024-04-13T09:15:41.877480+00:00,3.0,0.34316910028989156,,1.0,True,True,True,True,all4-early-fusion+ridge-only
1849,1797.0,0.9,1797.0,1797.0,matched,,2025-02-28T06:27:14.679333+00:00,2024-04-13T09:15:41.977845+00:00,3.0,0.06940705977277384,,1.0,True,True,True,True,all4-early-fusion+ridge-only
1850,1798.0,0.9,1798.0,1798.0,matched,,2025-02-28T06:27:14.777698+00:00,2024-04-13T09:15:42.081991+00:00,3.0,0.0,,1.0,True,True,True,True,all4-early-fusion+ridge-only
1851,1799.0,0.9,1799.0,1799.0,matched,,2025-02-28T06:27:14.880371+00:00,2024-04-13T09:15:42.180894+00:00,3.0,0.0,,1.0,True,True,True,True,all4-early-fusion+ridge-only
1852,1800.0,0.9,1800.0,1800.0,matched,,2025-02-28T06:27:14.980046+00:00,2024-04-13T09:15:42.282596+00:00,3.0,0.5356826903511931,,1.0,True,True,True,True,all4-early-fusion+ridge-only
1853,1801.0,0.9,1801.0,1801.0,matched,,2025-02-28T06:27:15.075906+00:00,2024-04-13T09:15:42.380464+00:00,3.0,0.16084932181814438,,1.0,True,True,True,True,all4-early-fusion+ridge-only
1854,1802.0,0.9,1802.0,1802.0,matched,,2025-02-28T06:27:15.175579+00:00,2024-04-13T09:15:42.478427+00:00,3.0,0.6288536996590501,,1.0,True,True,True,True,all4-early-fusion+ridge-only
1855,1803.0,0.9,1803.0,1803.0,matched,,2025-02-28T06:27:15.275210+00:00,2024-04-13T09:15:42.581180+00:00,3.0,0.1777938033721913,,1.0,True,True,True,True,all4-early-fusion+ridge-only
1856,1804.0,0.9,1804.0,1804.0,matched,,2025-02-28T06:27:15.375299+00:00,2024-04-13T09:15:42.680924+00:00,3.0,0.20991657565295707,,1.0,True,True,True,True,all4-early-fusion+ridge-only
1857,1805.0,0.9,1805.0,1805.0,matched,,2025-02-28T06:27:15.475439+00:00,2024-04-13T09:15:42.779654+00:00,3.0,0.175333325854929,,1.0,True,True,True,True,all4-early-fusion+ridge-only
1858,1806.0,0.9,1806.0,1806.0,matched,,2025-02-28T06:27:15.577889+00:00,2024-04-13T09:15:42.879061+00:00,3.0,0.07610013666203441,,1.0,True,True,True,True,all4-early-fusion+ridge-only
1859,1807.0,0.9,1807.0,1807.0,matched,,2025-02-28T06:27:15.675338+00:00,2024-04-13T09:15:42.978310+00:00,3.0,0.5003562272481563,,1.0,True,True,True,True,all4-early-fusion+ridge-only
1860,1808.0,0.9,1808.0,1808.0,matched,,2025-02-28T06:27:15.774222+00:00,2024-04-13T09:15:43.083387+00:00,3.0,0.5932807683550423,,1.0,True,True,True,True,all4-early-fusion+ridge-only
1861,1809.0,0.9,1809.0,1809.0,matched,,2025-02-28T06:27:15.875149+00:00,2024-04-13T09:15:43.181952+00:00,3.0,0.5740745296975591,,1.0,True,True,True,True,all4-early-fusion+ridge-only
1862,1810.0,0.9,1810.0,1810.0,matched,,2025-02-28T06:27:15.976379+00:00,2024-04-13T09:15:43.282663+00:00,3.0,0.6148050712911974,,1.0,True,True,True,True,all4-early-fusion+ridge-only
1863,1811.0,0.9,1811.0,1811.0,matched,,2025-02-28T06:27:16.074932+00:00,2024-04-13T09:15:43.382963+00:00,3.0,0.5292388059991278,,1.0,True,True,True,True,all4-early-fusion+ridge-only
1864,1812.0,0.9,1812.0,1812.0,matched,,2025-02-28T06:27:16.174284+00:00,2024-04-13T09:15:43.479707+00:00,3.0,0.4465454185034945,,1.0,True,True,True,True,all4-early-fusion+ridge-only
1865,1813.0,0.9,1813.0,1813.0,matched,,2025-02-28T06:27:16.274871+00:00,2024-04-13T09:15:43.579355+00:00,3.0,0.23720126893983995,,1.0,True,True,True,True,all4-early-fusion+ridge-only
1866,1814.0,0.9,1814.0,1814.0,matched,,2025-02-28T06:27:16.375942+00:00,2024-04-13T09:15:43.678310+00:00,3.0,0.6103263687277196,,1.0,True,True,True,True,all4-early-fusion+ridge-only
1867,1815.0,0.9,1815.0,1815.0,matched,,2025-02-28T06:27:16.474303+00:00,2024-04-13T09:15:43.782021+00:00,3.0,0.4933409519787526,,1.0,True,True,True,True,all4-early-fusion+ridge-only
1868,1816.0,0.9,1816.0,1816.0,matched,,2025-02-28T06:27:16.577799+00:00,2024-04-13T09:15:43.878795+00:00,3.0,0.5905987978949416,,1.0,True,True,True,True,all4-early-fusion+ridge-only
1869,1817.0,0.9,1817.0,1817.0,matched,,2025-02-28T06:27:16.675308+00:00,2024-04-13T09:15:43.980857+00:00,3.0,0.0774219405653307,,1.0,True,True,True,True,all4-early-fusion+ridge-only
1870,1818.0,0.9,1818.0,1818.0,matched,,2025-02-28T06:27:16.774365+00:00,2024-04-13T09:15:44.078787+00:00,3.0,0.4333620254044894,,1.0,True,True,True,True,all4-early-fusion+ridge-only
1871,1819.0,0.9,1819.0,1819.0,matched,,2025-02-28T06:27:16.879279+00:00,2024-04-13T09:15:44.177587+00:00,3.0,0.0,,1.0,True,True,True,True,all4-early-fusion+ridge-only
1872,1820.0,0.9,1820.0,1820.0,matched,,2025-02-28T06:27:16.975087+00:00,2024-04-13T09:15:44.281984+00:00,3.0,0.23908697053636718,,1.0,True,True,True,True,all4-early-fusion+ridge-only
1873,1821.0,0.9,1821.0,1821.0,matched,,2025-02-28T06:27:17.076044+00:00,2024-04-13T09:15:44.377931+00:00,3.0,0.0,,1.0,True,True,True,True,all4-early-fusion+ridge-only
1874,1822.0,0.9,1822.0,1822.0,matched,,2025-02-28T06:27:17.174338+00:00,2024-04-13T09:15:44.478051+00:00,3.0,0.011087132662950694,,1.0,True,True,True,True,all4-early-fusion+ridge-only
1875,1823.0,0.9,1823.0,1823.0,matched,,2025-02-28T06:27:17.275388+00:00,2024-04-13T09:15:44.579215+00:00,3.0,0.0,,1.0,True,True,True,True,all4-early-fusion+ridge-only
1876,1824.0,0.9,1824.0,1824.0,matched,,2025-02-28T06:27:17.374578+00:00,2024-04-13T09:15:44.678258+00:00,3.0,0.0,,1.0,True,True,True,True,all4-early-fusion+ridge-only
1877,1825.0,0.9,1825.0,1825.0,matched,,2025-02-28T06:27:17.474171+00:00,2024-04-13T09:15:44.777921+00:00,3.0,0.0,,1.0,True,True,True,True,all4-early-fusion+ridge-only
1878,1826.0,0.9,1826.0,1826.0,matched,,2025-02-28T06:27:17.576599+00:00,2024-04-13T09:15:44.880095+00:00,3.0,0.12008522812043232,,1.0,True,True,True,True,all4-early-fusion+ridge-only
1879,1827.0,0.9,1827.0,1827.0,matched,,2025-02-28T06:27:17.680966+00:00,2024-04-13T09:15:44.978105+00:00,3.0,0.02365749105163273,,1.0,True,True,True,True,all4-early-fusion+ridge-only
1880,1828.0,0.9,1828.0,1828.0,matched,,2025-02-28T06:27:17.779109+00:00,2024-04-13T09:15:45.079644+00:00,3.0,0.37886791148165555,,1.0,True,True,True,True,all4-early-fusion+ridge-only
1881,1829.0,0.9,1829.0,1829.0,matched,,2025-02-28T06:27:17.874990+00:00,2024-04-13T09:15:45.180163+00:00,3.0,0.0,,1.0,True,True,True,True,all4-early-fusion+ridge-only
1882,1830.0,0.9,1830.0,1830.0,matched,,2025-02-28T06:27:17.976147+00:00,2024-04-13T09:15:45.283721+00:00,3.0,0.0,,1.0,True,True,True,True,all4-early-fusion+ridge-only
1883,1831.0,0.9,1831.0,1831.0,matched,,2025-02-28T06:27:18.075414+00:00,2024-04-13T09:15:45.382269+00:00,3.0,0.13645003265146105,,1.0,True,True,True,True,all4-early-fusion+ridge-only
1884,1832.0,0.9,1832.0,1832.0,matched,,2025-02-28T06:27:18.174507+00:00,2024-04-13T09:15:45.478761+00:00,3.0,0.0,,1.0,True,True,True,True,all4-early-fusion+ridge-only
1885,1833.0,0.9,1833.0,1833.0,matched,,2025-02-28T06:27:18.277063+00:00,2024-04-13T09:15:45.578870+00:00,3.0,0.0,,1.0,True,True,True,True,all4-early-fusion+ridge-only
1886,1834.0,0.9,1834.0,1834.0,matched,,2025-02-28T06:27:18.374554+00:00,2024-04-13T09:15:45.678489+00:00,3.0,0.0,,1.0,True,True,True,True,all4-early-fusion+ridge-only
1887,1835.0,0.9,1835.0,1835.0,matched,,2025-02-28T06:27:18.475493+00:00,2024-04-13T09:15:45.778010+00:00,3.0,0.0,,1.0,True,True,True,True,all4-early-fusion+ridge-only
1888,1836.0,0.9,1836.0,1836.0,matched,,2025-02-28T06:27:18.575376+00:00,2024-04-13T09:15:45.882245+00:00,3.0,0.0,,1.0,True,True,True,True,all4-early-fusion+ridge-only
1889,1837.0,0.9,1837.0,1837.0,matched,,2025-02-28T06:27:18.674492+00:00,2024-04-13T09:15:45.987419+00:00,3.0,0.0,,1.0,True,True,True,True,all4-early-fusion+ridge-only
1890,1838.0,0.9,1838.0,1838.0,matched,,2025-02-28T06:27:18.775735+00:00,2024-04-13T09:15:46.079494+00:00,3.0,0.0,,1.0,True,True,True,True,all4-early-fusion+ridge-only
1891,1839.0,0.9,1839.0,1839.0,matched,,2025-02-28T06:27:18.876338+00:00,2024-04-13T09:15:46.178278+00:00,3.0,0.27087868018272276,,1.0,True,True,True,True,all4-early-fusion+ridge-only
1892,1840.0,0.9,1840.0,1840.0,matched,,2025-02-28T06:27:18.980963+00:00,2024-04-13T09:15:46.279247+00:00,3.0,0.014228194989841292,,1.0,True,True,True,True,all4-early-fusion+ridge-only
1893,1841.0,0.9,1841.0,1841.0,matched,,2025-02-28T06:27:19.076204+00:00,2024-04-13T09:15:46.380232+00:00,3.0,0.1519817482443524,,1.0,True,True,True,True,all4-early-fusion+ridge-only
1894,1842.0,0.9,1842.0,1842.0,matched,,2025-02-28T06:27:19.175581+00:00,2024-04-13T09:15:46.484113+00:00,3.0,0.21070650736486973,,1.0,True,True,True,True,all4-early-fusion+ridge-only
1895,1843.0,0.9,1843.0,1843.0,matched,,2025-02-28T06:27:19.278910+00:00,2024-04-13T09:15:46.584265+00:00,3.0,0.0518078430628357,,1.0,True,True,True,True,all4-early-fusion+ridge-only
1896,1844.0,0.9,1844.0,1844.0,matched,,2025-02-28T06:27:19.375398+00:00,2024-04-13T09:15:46.680880+00:00,3.0,0.6886516438314119,,1.0,True,True,True,True,all4-early-fusion+ridge-only
1897,1845.0,0.9,1845.0,1845.0,matched,,2025-02-28T06:27:19.474421+00:00,2024-04-13T09:15:46.782419+00:00,3.0,0.14642589026802622,,1.0,True,True,True,True,all4-early-fusion+ridge-only
1898,1846.0,0.9,1846.0,1846.0,matched,,2025-02-28T06:27:19.576604+00:00,2024-04-13T09:15:46.877889+00:00,3.0,0.5328334586052725,,1.0,True,True,True,True,all4-early-fusion+ridge-only
1899,1847.0,0.9,1847.0,1847.0,matched,,2025-02-28T06:27:19.675894+00:00,2024-04-13T09:15:46.978399+00:00,3.0,0.0,,1.0,True,True,True,True,all4-early-fusion+ridge-only
1900,1848.0,0.9,1848.0,1848.0,matched,,2025-02-28T06:27:19.775434+00:00,2024-04-13T09:15:47.080220+00:00,3.0,0.05121417695157637,,1.0,True,True,True,True,all4-early-fusion+ridge-only
1901,1849.0,0.9,1849.0,1849.0,matched,,2025-02-28T06:27:19.874470+00:00,2024-04-13T09:15:47.177519+00:00,3.0,0.05002184900036255,,1.0,True,True,True,True,all4-early-fusion+ridge-only
1902,1850.0,0.9,1850.0,1850.0,matched,,2025-02-28T06:27:19.975693+00:00,2024-04-13T09:15:47.280292+00:00,3.0,0.013188038098385313,,1.0,True,True,True,True,all4-early-fusion+ridge-only
1903,1851.0,0.9,1851.0,1851.0,matched,,2025-02-28T06:27:20.078156+00:00,2024-04-13T09:15:47.382407+00:00,3.0,0.0,,1.0,True,True,True,True,all4-early-fusion+ridge-only
1904,1852.0,0.9,1852.0,1852.0,matched,,2025-02-28T06:27:20.180761+00:00,2024-04-13T09:15:47.485515+00:00,3.0,0.0,,1.0,True,True,True,True,all4-early-fusion+ridge-only
1905,1853.0,0.9,1853.0,1853.0,matched,,2025-02-28T06:27:20.274231+00:00,2024-04-13T09:15:47.579252+00:00,3.0,0.1528652432895128,,1.0,True,True,True,True,all4-early-fusion+ridge-only
1906,1854.0,0.9,1854.0,1854.0,matched,,2025-02-28T06:27:20.377562+00:00,2024-04-13T09:15:47.680151+00:00,3.0,0.0,,1.0,True,True,True,True,all4-early-fusion+ridge-only
1907,1855.0,0.9,1855.0,1855.0,matched,,2025-02-28T06:27:20.475770+00:00,2024-04-13T09:15:47.779706+00:00,3.0,0.33419983044743296,,1.0,True,True,True,True,all4-early-fusion+ridge-only
1908,1856.0,0.9,1856.0,1856.0,matched,,2025-02-28T06:27:20.575361+00:00,2024-04-13T09:15:47.878524+00:00,3.0,0.3415637557740725,,1.0,True,True,True,True,all4-early-fusion+ridge-only
1909,1857.0,0.9,1857.0,1857.0,matched,,2025-02-28T06:27:20.675565+00:00,2024-04-13T09:15:47.979507+00:00,3.0,0.21981573382431474,,1.0,True,True,True,True,all4-early-fusion+ridge-only
1910,1858.0,0.9,1858.0,1858.0,matched,,2025-02-28T06:27:20.774167+00:00,2024-04-13T09:15:48.084788+00:00,3.0,0.0,,1.0,True,True,True,True,all4-early-fusion+ridge-only
1911,1859.0,0.9,1859.0,1859.0,matched,,2025-02-28T06:27:20.874288+00:00,2024-04-13T09:15:48.178094+00:00,3.0,0.3514906944165106,,1.0,True,True,True,True,all4-early-fusion+ridge-only
1912,1860.0,0.9,1860.0,1860.0,matched,,2025-02-28T06:27:20.976252+00:00,2024-04-13T09:15:48.280595+00:00,3.0,0.41163954551856063,,1.0,True,True,True,True,all4-early-fusion+ridge-only
1913,1861.0,0.9,1861.0,1861.0,matched,,2025-02-28T06:27:21.078981+00:00,2024-04-13T09:15:48.382678+00:00,3.0,0.0,,1.0,True,True,True,True,all4-early-fusion+ridge-only
1914,1862.0,0.9,1862.0,1862.0,matched,,2025-02-28T06:27:21.175431+00:00,2024-04-13T09:15:48.483740+00:00,3.0,0.0,,1.0,True,True,True,True,all4-early-fusion+ridge-only
1915,1863.0,0.9,1863.0,1863.0,matched,,2025-02-28T06:27:21.274839+00:00,2024-04-13T09:15:48.581810+00:00,3.0,0.0,,1.0,True,True,True,True,all4-early-fusion+ridge-only
1916,1864.0,0.9,1864.0,1864.0,matched,,2025-02-28T06:27:21.374432+00:00,2024-04-13T09:15:48.678648+00:00,3.0,0.1507034286108233,,1.0,True,True,True,True,all4-early-fusion+ridge-only
1917,1865.0,0.9,1865.0,1865.0,matched,,2025-02-28T06:27:21.474651+00:00,2024-04-13T09:15:48.784234+00:00,3.0,0.0,,1.0,True,True,True,True,all4-early-fusion+ridge-only
1918,1866.0,0.9,1866.0,1866.0,matched,,2025-02-28T06:27:21.578385+00:00,2024-04-13T09:15:48.880293+00:00,3.0,0.0,,1.0,True,True,True,True,all4-early-fusion+ridge-only
1919,1867.0,0.9,1867.0,1867.0,matched,,2025-02-28T06:27:21.675251+00:00,2024-04-13T09:15:48.979306+00:00,3.0,0.0,,1.0120481927710843,True,True,True,True,all4-early-fusion+ridge-only
1920,1868.0,0.9,1868.0,1868.0,matched,,2025-02-28T06:27:21.775587+00:00,2024-04-13T09:15:49.081563+00:00,3.0,0.12150946913837002,,1.0234263465282283,True,True,True,True,all4-early-fusion+ridge-only
1921,1869.0,0.9,1869.0,1869.0,matched,,2025-02-28T06:27:21.879801+00:00,2024-04-13T09:15:49.179071+00:00,3.0,0.0,,1.0339960238568588,True,True,True,True,all4-early-fusion+ridge-only
1922,1870.0,0.9,1870.0,1870.0,matched,,2025-02-28T06:27:21.980922+00:00,2024-04-13T09:15:49.285875+00:00,3.0,0.0,,1.0436191762322755,True,True,True,True,all4-early-fusion+ridge-only
1923,1871.0,0.9,1871.0,1871.0,matched,,2025-02-28T06:27:22.079473+00:00,2024-04-13T09:15:49.382127+00:00,3.0,0.37443806730677576,,1.0521619766643788,True,True,True,True,all4-early-fusion+ridge-only
1924,1872.0,0.9,1872.0,1872.0,matched,,2025-02-28T06:27:22.179750+00:00,2024-04-13T09:15:49.482105+00:00,3.0,0.0,,1.0594989561586639,True,True,True,True,all4-early-fusion+ridge-only
1925,1873.0,0.9,1873.0,1873.0,matched,,2025-02-28T06:27:22.276711+00:00,2024-04-13T09:15:49.578870+00:00,3.0,0.0,,1.0655172413793101,True,True,True,True,all4-early-fusion+ridge-only
1926,1874.0,0.9,1874.0,1874.0,matched,,2025-02-28T06:27:22.374532+00:00,2024-04-13T09:15:49.680885+00:00,3.0,0.0,,1.070120652945351,True,True,True,True,all4-early-fusion+ridge-only
1927,1875.0,0.9,1875.0,1875.0,matched,,2025-02-28T06:27:22.475314+00:00,2024-04-13T09:15:49.777861+00:00,3.0,0.0,,1.0732334047109209,True,True,True,True,all4-early-fusion+ridge-only
1928,1876.0,0.9,1876.0,1877.0,ambiguous_range,,2025-02-28T06:27:22.574684+00:00,2024-04-13T09:15:49.881167+00:00,3.0,0.0,,1.0748031496062993,True,True,True,True,all4-early-fusion+ridge-only
1929,1878.0,0.9,1878.0,1878.0,matched,,2025-02-28T06:27:22.679233+00:00,2024-04-13T09:15:50.083009+00:00,3.0,0.0,,1.0732334047109209,True,True,True,True,all4-early-fusion+ridge-only
1930,1879.0,0.9,1879.0,1879.0,matched,,2025-02-28T06:27:22.774310+00:00,2024-04-13T09:15:50.180386+00:00,3.0,0.0,,1.0701206529453513,True,True,True,True,all4-early-fusion+ridge-only
1931,1880.0,0.9,1880.0,1880.0,matched,,2025-02-28T06:27:22.878558+00:00,2024-04-13T09:15:50.280062+00:00,3.0,0.0,,1.0655172413793101,True,True,True,True,all4-early-fusion+ridge-only
1932,1881.0,0.9,1881.0,1881.0,matched,,2025-02-28T06:27:22.974720+00:00,2024-04-13T09:15:50.377801+00:00,3.0,0.10268854891964185,,1.0594989561586639,True,True,True,True,all4-early-fusion+ridge-only
1933,1882.0,0.9,1882.0,1882.0,matched,,2025-02-28T06:27:23.080786+00:00,2024-04-13T09:15:50.477774+00:00,3.0,0.0,,1.0521619766643788,True,True,True,True,all4-early-fusion+ridge-only
1934,1883.0,0.9,1883.0,1883.0,matched,,2025-02-28T06:27:23.180071+00:00,2024-04-13T09:15:50.577841+00:00,3.0,0.009915157006678221,,1.0436191762322753,True,True,True,True,all4-early-fusion+ridge-only
1935,1884.0,0.9,1884.0,1884.0,matched,,2025-02-28T06:27:23.275344+00:00,2024-04-13T09:15:50.683674+00:00,3.0,0.16058557609478852,,1.0339960238568588,True,True,True,True,all4-early-fusion+ridge-only
1936,1885.0,0.9,1885.0,1885.0,matched,,2025-02-28T06:27:23.375035+00:00,2024-04-13T09:15:50.783867+00:00,3.0,0.10910974742491542,,1.0234263465282283,True,True,True,True,all4-early-fusion+ridge-only
1937,1886.0,0.9,1886.0,1886.0,matched,,2025-02-28T06:27:23.475224+00:00,2024-04-13T09:15:50.880264+00:00,3.0,0.20907110904812365,,1.0120481927710843,True,True,True,True,all4-early-fusion+ridge-only
1938,1887.0,0.9,1887.0,1887.0,matched,,2025-02-28T06:27:23.574562+00:00,2024-04-13T09:15:50.984208+00:00,3.0,0.0014434298897758602,,1.0,True,True,True,True,all4-early-fusion+ridge-only
1939,1888.0,0.9,1888.0,1888.0,matched,,2025-02-28T06:27:23.674534+00:00,2024-04-13T09:15:51.078090+00:00,3.0,0.0,,1.0,True,True,True,True,all4-early-fusion+ridge-only
1940,1889.0,0.9,1889.0,1889.0,matched,,2025-02-28T06:27:23.774552+00:00,2024-04-13T09:15:51.180566+00:00,3.0,0.0,,1.0,True,True,True,True,all4-early-fusion+ridge-only
1941,1890.0,0.9,1890.0,1890.0,matched,,2025-02-28T06:27:23.875221+00:00,2024-04-13T09:15:51.281618+00:00,3.0,0.09654221756508718,,1.0,True,True,True,True,all4-early-fusion+ridge-only
1942,1891.0,0.9,1891.0,1891.0,matched,,2025-02-28T06:27:23.975072+00:00,2024-04-13T09:15:51.379549+00:00,3.0,0.09411638069016437,,1.0,True,True,True,True,all4-early-fusion+ridge-only
1943,1892.0,0.9,1892.0,1892.0,matched,,2025-02-28T06:27:24.074488+00:00,2024-04-13T09:15:51.478733+00:00,3.0,0.0,,1.0,True,True,True,True,all4-early-fusion+ridge-only
1944,1893.0,0.9,1893.0,1893.0,matched,,2025-02-28T06:27:24.179094+00:00,2024-04-13T09:15:51.577944+00:00,3.0,0.06034266370461383,,1.0,True,True,True,True,all4-early-fusion+ridge-only
1945,1894.0,0.9,1894.0,1894.0,matched,,2025-02-28T06:27:24.275239+00:00,2024-04-13T09:15:51.678030+00:00,3.0,0.0,,1.0,True,True,True,True,all4-early-fusion+ridge-only
1946,1895.0,0.9,1895.0,1895.0,matched,,2025-02-28T06:27:24.378011+00:00,2024-04-13T09:15:51.780347+00:00,3.0,0.10852965984897622,,1.0,True,True,True,True,all4-early-fusion+ridge-only
1947,1896.0,0.9,1896.0,1896.0,matched,,2025-02-28T06:27:24.474438+00:00,2024-04-13T09:15:51.878998+00:00,3.0,0.0,,1.0,True,True,True,True,all4-early-fusion+ridge-only
1948,1897.0,0.9,1897.0,1897.0,matched,,2025-02-28T06:27:24.575310+00:00,2024-04-13T09:15:51.980449+00:00,3.0,0.0,,1.0,True,True,True,True,all4-early-fusion+ridge-only
1949,1898.0,0.9,1898.0,1898.0,matched,,2025-02-28T06:27:24.675514+00:00,2024-04-13T09:15:52.081904+00:00,3.0,0.0,,1.0120481927710843,True,True,True,True,all4-early-fusion+ridge-only
1950,1899.0,0.9,1899.0,1899.0,matched,,2025-02-28T06:27:24.776161+00:00,2024-04-13T09:15:52.177431+00:00,3.0,0.0,,1.0234263465282283,True,True,True,True,all4-early-fusion+ridge-only
1951,1900.0,0.9,1900.0,1900.0,matched,,2025-02-28T06:27:24.878242+00:00,2024-04-13T09:15:52.277862+00:00,3.0,0.36394445155261756,,1.0339960238568588,True,True,True,True,all4-early-fusion+ridge-only
1952,1901.0,0.9,1901.0,1901.0,matched,,2025-02-28T06:27:24.976104+00:00,2024-04-13T09:15:52.381145+00:00,3.0,0.0,,1.0436191762322755,True,True,True,True,all4-early-fusion+ridge-only
1953,1902.0,0.9,1902.0,1902.0,matched,,2025-02-28T06:27:25.074778+00:00,2024-04-13T09:15:52.480570+00:00,3.0,0.0,,1.0521619766643788,True,True,True,True,all4-early-fusion+ridge-only
1954,1903.0,0.9,1903.0,1903.0,matched,,2025-02-28T06:27:25.174444+00:00,2024-04-13T09:15:52.581910+00:00,3.0,0.0,,1.0594989561586639,True,True,True,True,all4-early-fusion+ridge-only
1955,1904.0,0.9,1904.0,1904.0,matched,,2025-02-28T06:27:25.274334+00:00,2024-04-13T09:15:52.679857+00:00,3.0,0.0,,1.0655172413793101,True,True,True,True,all4-early-fusion+ridge-only
1956,1905.0,0.9,1905.0,1905.0,matched,,2025-02-28T06:27:25.375196+00:00,2024-04-13T09:15:52.777861+00:00,3.0,0.2726703080372581,,1.070120652945351,True,True,True,True,all4-early-fusion+ridge-only
1957,1906.0,0.9,1906.0,1906.0,matched,,2025-02-28T06:27:25.477322+00:00,2024-04-13T09:15:52.879132+00:00,3.0,0.0,,1.0732334047109209,True,True,True,True,all4-early-fusion+ridge-only
1958,1907.0,0.9,1907.0,1908.0,ambiguous_range,,2025-02-28T06:27:25.578269+00:00,2024-04-13T09:15:52.978909+00:00,3.0,0.0,,1.0748031496062993,True,True,True,True,all4-early-fusion+ridge-only
1959,1909.0,0.9,1909.0,1909.0,matched,,2025-02-28T06:27:25.675395+00:00,2024-04-13T09:15:53.177922+00:00,3.0,0.0,,1.0732334047109209,True,True,True,True,all4-early-fusion+ridge-only
1960,1910.0,0.9,1910.0,1910.0,matched,,2025-02-28T06:27:25.775008+00:00,2024-04-13T09:15:53.280777+00:00,3.0,0.0,,1.0701206529453513,True,True,True,True,all4-early-fusion+ridge-only
1961,1911.0,0.9,1911.0,1911.0,matched,,2025-02-28T06:27:25.877729+00:00,2024-04-13T09:15:53.381394+00:00,3.0,0.0,,1.0655172413793101,True,True,True,True,all4-early-fusion+ridge-only
1962,1912.0,0.9,1912.0,1912.0,matched,,2025-02-28T06:27:25.974664+00:00,2024-04-13T09:15:53.482373+00:00,3.0,0.0,,1.0594989561586639,True,True,True,True,all4-early-fusion+ridge-only
1963,1913.0,0.9,1913.0,1913.0,matched,,2025-02-28T06:27:26.078125+00:00,2024-04-13T09:15:53.578823+00:00,3.0,0.12779055258082384,,1.0521619766643788,True,True,True,True,all4-early-fusion+ridge-only
1964,1914.0,0.9,1914.0,1914.0,matched,,2025-02-28T06:27:26.174896+00:00,2024-04-13T09:15:53.678014+00:00,3.0,0.0,,1.0436191762322753,True,True,True,True,all4-early-fusion+ridge-only
1965,1915.0,0.9,1915.0,1915.0,matched,,2025-02-28T06:27:26.274316+00:00,2024-04-13T09:15:53.778606+00:00,3.0,0.07469410026823997,,1.0339960238568588,True,True,True,True,all4-early-fusion+ridge-only
1966,1916.0,0.9,1916.0,1916.0,matched,,2025-02-28T06:27:26.379077+00:00,2024-04-13T09:15:53.883635+00:00,3.0,0.0,,1.0234263465282283,True,True,True,True,all4-early-fusion+ridge-only
1967,1917.0,0.9,1917.0,1917.0,matched,,2025-02-28T06:27:26.482383+00:00,2024-04-13T09:15:53.982657+00:00,3.0,0.07651126075454195,,1.0245901639344261,True,True,True,True,all4-early-fusion+ridge-only
1968,1918.0,0.9,1918.0,1918.0,matched,,2025-02-28T06:27:26.575222+00:00,2024-04-13T09:15:54.077968+00:00,3.0,0.0,,1.0234263465282283,True,True,True,True,all4-early-fusion+ridge-only
1969,1919.0,0.9,1919.0,1919.0,matched,,2025-02-28T06:27:26.674332+00:00,2024-04-13T09:15:54.182928+00:00,3.0,0.0,,1.0339960238568588,True,True,True,True,all4-early-fusion+ridge-only
1970,1920.0,0.9,1920.0,1920.0,matched,,2025-02-28T06:27:26.774183+00:00,2024-04-13T09:15:54.281059+00:00,3.0,0.0,,1.0436191762322755,True,True,True,True,all4-early-fusion+ridge-only
1971,1921.0,0.9,1921.0,1921.0,matched,,2025-02-28T06:27:26.875010+00:00,2024-04-13T09:15:54.380608+00:00,3.0,0.0,,1.0521619766643788,True,True,True,True,all4-early-fusion+ridge-only
1972,1922.0,0.9,1922.0,1922.0,matched,,2025-02-28T06:27:26.975273+00:00,2024-04-13T09:15:54.479312+00:00,3.0,0.0,,1.0594989561586639,True,True,True,True,all4-early-fusion+ridge-only
1973,1923.0,0.9,1923.0,1923.0,matched,,2025-02-28T06:27:27.074562+00:00,2024-04-13T09:15:54.577634+00:00,3.0,0.0,,1.0655172413793101,True,True,True,True,all4-early-fusion+ridge-only
1974,1924.0,0.9,1924.0,1924.0,matched,,2025-02-28T06:27:27.175632+00:00,2024-04-13T09:15:54.683691+00:00,3.0,0.0,,1.070120652945351,True,True,True,True,all4-early-fusion+ridge-only
1975,1925.0,0.9,1925.0,1925.0,matched,,2025-02-28T06:27:27.274875+00:00,2024-04-13T09:15:54.778282+00:00,3.0,0.14538165357357213,,1.0732334047109209,True,True,True,True,all4-early-fusion+ridge-only
1976,1926.0,0.9,1926.0,1927.0,ambiguous_range,,2025-02-28T06:27:27.375404+00:00,2024-04-13T09:15:54.878278+00:00,3.0,0.07390643213376613,,1.0748031496062993,True,True,True,True,all4-early-fusion+ridge-only
1977,1928.0,0.9,1928.0,1928.0,matched,,2025-02-28T06:27:27.474683+00:00,2024-04-13T09:15:55.081700+00:00,3.0,0.18857842726028062,,1.0732334047109209,True,True,True,True,all4-early-fusion+ridge-only
1978,1929.0,0.9,1929.0,1929.0,matched,,2025-02-28T06:27:27.575686+00:00,2024-04-13T09:15:55.179880+00:00,3.0,0.44641863501042733,,1.0701206529453513,True,True,True,True,all4-early-fusion+ridge-only
1979,1930.0,0.9,1930.0,1930.0,matched,,2025-02-28T06:27:27.674530+00:00,2024-04-13T09:15:55.278025+00:00,3.0,0.4774605051709053,,1.0655172413793101,True,True,True,True,all4-early-fusion+ridge-only
1980,1931.0,0.9,1931.0,1931.0,matched,,2025-02-28T06:27:27.777932+00:00,2024-04-13T09:15:55.381139+00:00,3.0,0.4146311358686936,,1.0594989561586639,True,True,True,True,all4-early-fusion+ridge-only
1981,1932.0,0.9,1932.0,1932.0,matched,,2025-02-28T06:27:27.878369+00:00,2024-04-13T09:15:55.477983+00:00,3.0,0.4371210449214158,,1.0521619766643788,True,True,True,True,all4-early-fusion+ridge-only
1982,1933.0,0.9,1933.0,1933.0,matched,,2025-02-28T06:27:27.980540+00:00,2024-04-13T09:15:55.579326+00:00,3.0,0.289096246713473,,1.0436191762322753,True,True,True,True,all4-early-fusion+ridge-only
1983,1934.0,0.9,1934.0,1934.0,matched,,2025-02-28T06:27:28.074361+00:00,2024-04-13T09:15:55.677973+00:00,3.0,0.48091496886395735,,1.0339960238568588,True,True,True,True,all4-early-fusion+ridge-only
1984,1935.0,0.9,1935.0,1935.0,matched,,2025-02-28T06:27:28.174415+00:00,2024-04-13T09:15:55.779866+00:00,3.0,0.5307082699338364,,1.0234263465282283,True,True,True,True,all4-early-fusion+ridge-only
1985,1936.0,0.9,1936.0,1936.0,matched,,2025-02-28T06:27:28.274597+00:00,2024-04-13T09:15:55.880332+00:00,3.0,0.32112701088344764,,1.0120481927710843,True,True,True,True,all4-early-fusion+ridge-only
1986,1937.0,0.9,1937.0,1937.0,matched,,2025-02-28T06:27:28.374571+00:00,2024-04-13T09:15:55.978346+00:00,3.0,0.2228293918519011,,1.0,True,True,True,True,all4-early-fusion+ridge-only
1987,1938.0,0.9,1938.0,1938.0,matched,,2025-02-28T06:27:28.476715+00:00,2024-04-13T09:15:56.077506+00:00,3.0,0.28369776811712466,,1.0,True,True,True,True,all4-early-fusion+ridge-only
1988,1939.0,0.9,1939.0,1939.0,matched,,2025-02-28T06:27:28.574414+00:00,2024-04-13T09:15:56.181751+00:00,3.0,0.29789493802891975,,1.0,True,True,True,True,all4-early-fusion+ridge-only
1989,1940.0,0.9,1940.0,1940.0,matched,,2025-02-28T06:27:28.676264+00:00,2024-04-13T09:15:56.280890+00:00,3.0,0.11927728622533085,,1.0,True,True,True,True,all4-early-fusion+ridge-only
1990,1941.0,0.9,1941.0,1941.0,matched,,2025-02-28T06:27:28.774387+00:00,2024-04-13T09:15:56.382356+00:00,3.0,0.03631320476748279,,1.0,True,True,True,True,all4-early-fusion+ridge-only
1991,1942.0,0.9,1942.0,1942.0,matched,,2025-02-28T06:27:28.874298+00:00,2024-04-13T09:15:56.482549+00:00,2.9846358869693432,0.0,,1.0,True,True,True,True,all4-early-fusion+ridge-only
1992,1943.0,0.9,1943.0,1943.0,matched,,2025-02-28T06:27:28.977817+00:00,2024-04-13T09:15:56.583726+00:00,2.9846358869693432,0.12363781544168795,,1.0,True,True,True,True,all4-early-fusion+ridge-only
1993,1944.0,0.9,1944.0,1944.0,matched,,2025-02-28T06:27:29.080143+00:00,2024-04-13T09:15:56.678819+00:00,2.9846358869693432,0.47950687059455444,,1.0,True,True,True,True,all4-early-fusion+ridge-only
1994,1945.0,0.9,1945.0,1945.0,matched,,2025-02-28T06:27:29.182058+00:00,2024-04-13T09:15:56.779734+00:00,2.9846358869693432,0.08766376684319832,,1.0,True,True,True,True,all4-early-fusion+ridge-only
1995,1946.0,0.9,1946.0,1946.0,matched,,2025-02-28T06:27:29.278108+00:00,2024-04-13T09:15:56.884057+00:00,2.9846358869693432,0.2465074694109144,,1.0,True,True,True,True,all4-early-fusion+ridge-only
1996,1947.0,0.9,1947.0,1947.0,matched,,2025-02-28T06:27:29.374429+00:00,2024-04-13T09:15:56.980373+00:00,2.9846358869693432,0.20450131575821784,,1.0,True,True,True,True,all4-early-fusion+ridge-only
1997,1948.0,0.9,1948.0,1948.0,matched,,2025-02-28T06:27:29.474275+00:00,2024-04-13T09:15:57.078167+00:00,2.9846358869693432,0.12659658894668002,,1.0,True,True,True,True,all4-early-fusion+ridge-only
1998,1949.0,0.9,1949.0,1949.0,matched,,2025-02-28T06:27:29.576062+00:00,2024-04-13T09:15:57.181639+00:00,2.9846358869693432,0.0,,1.0,True,True,True,True,all4-early-fusion+ridge-only
1999,1950.0,0.9,1950.0,1950.0,matched,,2025-02-28T06:27:29.676253+00:00,2024-04-13T09:15:57.278192+00:00,2.964458216115909,0.0,,1.0,True,True,True,True,all4-early-fusion+ridge-only
2000,1951.0,0.9,1951.0,1951.0,matched,,2025-02-28T06:27:29.774852+00:00,2024-04-13T09:15:57.382202+00:00,2.936743280419193,0.0,,1.0,True,True,True,True,all4-early-fusion+ridge-only
2001,1952.0,0.9,1952.0,1952.0,matched,,2025-02-28T06:27:29.874572+00:00,2024-04-13T09:15:57.478209+00:00,2.9151779563458025,0.2704171413264804,,1.0120481927710843,True,True,True,True,all4-early-fusion+ridge-only
2002,1953.0,0.9,1953.0,1953.0,matched,,2025-02-28T06:27:29.975100+00:00,2024-04-13T09:15:57.578392+00:00,2.93054206937646,0.2950173357859507,,1.0234263465282283,True,True,True,True,all4-early-fusion+ridge-only
2003,1954.0,0.9,1954.0,1954.0,matched,,2025-02-28T06:27:30.075389+00:00,2024-04-13T09:15:57.685500+00:00,2.93054206937646,0.03222024106457777,,1.0339960238568588,True,True,True,True,all4-early-fusion+ridge-only
2004,1955.0,0.9,1955.0,1955.0,matched,,2025-02-28T06:27:30.176827+00:00,2024-04-13T09:15:57.779744+00:00,2.9291250968877587,-0.22195437938777562,,1.0436191762322755,True,True,True,True,all4-early-fusion+ridge-only
2005,1956.0,0.9,1956.0,1956.0,matched,,2025-02-28T06:27:30.277677+00:00,2024-04-13T09:15:57.882216+00:00,2.929125096887759,-0.3048642926638774,,1.0521619766643788,True,True,True,True,all4-early-fusion+ridge-only
2006,1957.0,0.9,1957.0,1957.0,matched,,2025-02-28T06:27:30.378214+00:00,2024-04-13T09:15:57.979084+00:00,2.929125096887759,-0.23721856480728976,,1.0594989561586639,True,True,True,True,all4-early-fusion+ridge-only
2007,1958.0,0.9,1958.0,1958.0,matched,,2025-02-28T06:27:30.474387+00:00,2024-04-13T09:15:58.079618+00:00,2.929125096887759,0.0,,1.0655172413793101,True,True,True,True,all4-early-fusion+ridge-only
2008,1959.0,0.9,1959.0,1959.0,matched,,2025-02-28T06:27:30.578604+00:00,2024-04-13T09:15:58.177728+00:00,2.929125096887759,0.22559326270287938,,1.070120652945351,True,True,True,True,all4-early-fusion+ridge-only
2009,1960.0,0.9,1960.0,1960.0,matched,,2025-02-28T06:27:30.680307+00:00,2024-04-13T09:15:58.279402+00:00,2.929125096887759,0.2038237417983768,,1.0874284876045182,True,True,True,True,all4-early-fusion+ridge-only
2010,1962.0,0.9,1961.0,1962.0,ambiguous_range,,2025-02-28T06:27:30.778463+00:00,2024-04-13T09:15:58.479166+00:00,2.949302767741193,0.0,,1.1156756756756756,True,True,True,True,all4-early-fusion+ridge-only
2011,1963.0,0.9,1963.0,1963.0,matched,,2025-02-28T06:27:30.874331+00:00,2024-04-13T09:15:58.578147+00:00,2.977017703437909,0.0,,1.1257663889325578,True,True,True,True,all4-early-fusion+ridge-only
2012,1964.0,0.9,1964.0,1964.0,matched,,2025-02-28T06:27:30.975105+00:00,2024-04-13T09:15:58.679143+00:00,2.998583027511299,0.0,,1.1326968973747018,True,True,True,True,all4-early-fusion+ridge-only
2013,1965.0,0.9,1965.0,1965.0,matched,,2025-02-28T06:27:31.078268+00:00,2024-04-13T09:15:58.777831+00:00,2.998583027511299,0.020906788894565764,,1.1362253881863293,True,True,True,True,all4-early-fusion+ridge-only
2014,1966.0,0.9,1966.0,1966.0,matched,,2025-02-28T06:27:31.178064+00:00,2024-04-13T09:15:58.879163+00:00,2.998583027511299,0.048115384109174375,,1.1362253881863293,True,True,True,True,all4-early-fusion+ridge-only
2015,1967.0,0.9,1967.0,1967.0,matched,,2025-02-28T06:27:31.280652+00:00,2024-04-13T09:15:58.978141+00:00,3.0,0.021508913702268817,,1.1326968973747016,True,True,True,True,all4-early-fusion+ridge-only
2016,1968.0,0.9,1968.0,1968.0,matched,,2025-02-28T06:27:31.375546+00:00,2024-04-13T09:15:59.079227+00:00,3.0,0.013877057494781742,,1.1257663889325578,True,True,True,True,all4-early-fusion+ridge-only
2017,1969.0,0.9,1969.0,1970.0,ambiguous_range,,2025-02-28T06:27:31.474467+00:00,2024-04-13T09:15:59.181707+00:00,3.0,0.024736135812464255,,1.1027614305115438,True,True,True,True,all4-early-fusion+ridge-only
2018,1971.0,0.9,1971.0,1971.0,matched,,2025-02-28T06:27:31.574584+00:00,2024-04-13T09:15:59.379724+00:00,3.0,0.0,,1.0874284876045182,True,True,True,True,all4-early-fusion+ridge-only
2019,1972.0,0.9,1972.0,1972.0,matched,,2025-02-28T06:27:31.678406+00:00,2024-04-13T09:15:59.481622+00:00,3.0,0.3366878928922157,,1.0847803881511746,True,True,True,True,all4-early-fusion+ridge-only
2020,1973.0,0.9,1973.0,1973.0,matched,,2025-02-28T06:27:31.777645+00:00,2024-04-13T09:15:59.577889+00:00,3.0,0.13393127554420658,,1.0937824603056832,True,True,True,True,all4-early-fusion+ridge-only
2021,1974.0,0.9,1974.0,1974.0,matched,,2025-02-28T06:27:31.876909+00:00,2024-04-13T09:15:59.678081+00:00,3.0,0.3892522556174369,,1.09995497523638,True,True,True,True,all4-early-fusion+ridge-only
2022,1975.0,0.9,1975.0,1975.0,matched,,2025-02-28T06:27:31.978987+00:00,2024-04-13T09:15:59.782421+00:00,3.0,0.27727922454432097,,1.1030943396226416,True,True,True,True,all4-early-fusion+ridge-only
2023,1976.0,0.9,1976.0,1976.0,matched,,2025-02-28T06:27:32.077749+00:00,2024-04-13T09:15:59.882431+00:00,3.0,0.0,,1.1030943396226416,True,True,True,True,all4-early-fusion+ridge-only
2024,1977.0,0.9,1977.0,1977.0,matched,,2025-02-28T06:27:32.181781+00:00,2024-04-13T09:15:59.979322+00:00,3.0,0.0,,1.09995497523638,True,True,True,True,all4-early-fusion+ridge-only
2025,1978.0,0.9,1978.0,1978.0,matched,,2025-02-28T06:27:32.278959+00:00,2024-04-13T09:16:00.079105+00:00,3.0,0.0,,1.0937824603056832,True,True,True,True,all4-early-fusion+ridge-only
2026,1979.0,0.9,1979.0,1979.0,matched,,2025-02-28T06:27:32.374314+00:00,2024-04-13T09:16:00.181967+00:00,3.0,0.16045046940347873,,1.0847803881511746,True,True,True,True,all4-early-fusion+ridge-only
2027,1980.0,0.9,1980.0,1980.0,matched,,2025-02-28T06:27:32.474719+00:00,2024-04-13T09:16:00.282016+00:00,3.0,0.0,,1.0732334047109209,True,True,True,True,all4-early-fusion+ridge-only
2028,1981.0,0.9,1981.0,1982.0,ambiguous_range,,2025-02-28T06:27:32.574493+00:00,2024-04-13T09:16:00.380917+00:00,3.0,0.0,,1.0748031496062993,True,True,True,True,all4-early-fusion+ridge-only
2029,1983.0,0.9,1983.0,1983.0,matched,,2025-02-28T06:27:32.675673+00:00,2024-04-13T09:16:00.579301+00:00,3.0,0.07826499513329299,,1.087907249779865,True,True,True,True,all4-early-fusion+ridge-only
2030,1984.0,0.9,1984.0,1984.0,matched,,2025-02-28T06:27:32.774766+00:00,2024-04-13T09:16:00.677994+00:00,3.0,0.0,,1.0985630893578804,True,True,True,True,all4-early-fusion+ridge-only
2031,1985.0,0.9,1985.0,1985.0,matched,,2025-02-28T06:27:32.874744+00:00,2024-04-13T09:16:00.779046+00:00,3.0,0.19115866932739678,,1.10643789857273,True,True,True,True,all4-early-fusion+ridge-only
2032,1986.0,0.9,1986.0,1986.0,matched,,2025-02-28T06:27:32.974183+00:00,2024-04-13T09:16:00.877517+00:00,3.0,0.20947747780813053,,1.1112727829682951,True,True,True,True,all4-early-fusion+ridge-only
2033,1987.0,0.9,1987.0,1987.0,matched,,2025-02-28T06:27:33.080293+00:00,2024-04-13T09:16:00.980196+00:00,3.0,0.24491830311164264,,1.1129032258064515,True,True,True,True,all4-early-fusion+ridge-only
2034,1988.0,0.9,1988.0,1988.0,matched,,2025-02-28T06:27:33.182991+00:00,2024-04-13T09:16:01.079859+00:00,3.0,0.4293773453447729,,1.1112727829682951,True,True,True,True,all4-early-fusion+ridge-only
2035,1989.0,0.9,1989.0,1989.0,matched,,2025-02-28T06:27:33.280500+00:00,2024-04-13T09:16:01.177640+00:00,3.0,0.2843276846030105,,1.10643789857273,True,True,True,True,all4-early-fusion+ridge-only
2036,1990.0,0.9,1990.0,1990.0,matched,,2025-02-28T06:27:33.375502+00:00,2024-04-13T09:16:01.278979+00:00,3.0,0.09585367298682312,,1.0985630893578804,True,True,True,True,all4-early-fusion+ridge-only
2037,1991.0,0.9,1991.0,1991.0,matched,,2025-02-28T06:27:33.475478+00:00,2024-04-13T09:16:01.378756+00:00,3.0,0.0,,1.087907249779865,True,True,True,True,all4-early-fusion+ridge-only
2038,1992.0,0.9,1992.0,1993.0,ambiguous_range,,2025-02-28T06:27:33.574647+00:00,2024-04-13T09:16:01.481803+00:00,3.0,0.0,,1.0748031496062993,True,True,True,True,all4-early-fusion+ridge-only
2039,1994.0,0.9,1994.0,1994.0,matched,,2025-02-28T06:27:33.675630+00:00,2024-04-13T09:16:01.682389+00:00,3.0,0.0,,1.0732334047109209,True,True,True,True,all4-early-fusion+ridge-only
2040,1995.0,0.9,1995.0,1995.0,matched,,2025-02-28T06:27:33.775077+00:00,2024-04-13T09:16:01.780252+00:00,3.0,0.0,,1.0847803881511746,True,True,True,True,all4-early-fusion+ridge-only
2041,1996.0,0.9,1996.0,1996.0,matched,,2025-02-28T06:27:33.874165+00:00,2024-04-13T09:16:01.884646+00:00,3.0,0.0,,1.0937824603056832,True,True,True,True,all4-early-fusion+ridge-only
2042,1997.0,0.9,1997.0,1997.0,matched,,2025-02-28T06:27:33.974322+00:00,2024-04-13T09:16:01.982900+00:00,3.0,0.0,,1.09995497523638,True,True,True,True,all4-early-fusion+ridge-only
2043,1998.0,0.9,1998.0,1998.0,matched,,2025-02-28T06:27:34.078572+00:00,2024-04-13T09:16:02.079736+00:00,3.0,0.0,,1.1172638436482085,True,True,True,True,all4-early-fusion+ridge-only
2044,1999.0,0.9,1999.0,1999.0,matched,,2025-02-28T06:27:34.174482+00:00,2024-04-13T09:16:02.181430+00:00,3.0,0.0,,1.1310262529832935,True,True,True,True,all4-early-fusion+ridge-only
2045,2000.0,0.9,2000.0,2000.0,matched,,2025-02-28T06:27:34.274491+00:00,2024-04-13T09:16:02.278070+00:00,3.0,0.0,,1.1542491268917343,True,True,True,True,all4-early-fusion+ridge-only
2046,2001.0,0.9,2001.0,2001.0,matched,,2025-02-28T06:27:34.374696+00:00,2024-04-13T09:16:02.379516+00:00,3.0,0.0,,1.1730934756412466,True,True,True,True,all4-early-fusion+ridge-only
2047,2002.0,0.9,2002.0,2002.0,matched,,2025-02-28T06:27:34.477352+00:00,2024-04-13T09:16:02.481881+00:00,3.0,0.04952000123445455,,1.1864093072448438,True,True,True,True,all4-early-fusion+ridge-only
2048,2003.0,0.9,2003.0,2003.0,matched,,2025-02-28T06:27:34.577614+00:00,2024-04-13T09:16:02.580235+00:00,3.0,0.29212001518028696,,1.1933095450490632,True,True,True,True,all4-early-fusion+ridge-only
2049,2004.0,0.9,2004.0,2005.0,ambiguous_range,,2025-02-28T06:27:34.679398+00:00,2024-04-13T09:16:02.680124+00:00,3.0,0.1512547406483984,,1.2329469884096522,True,True,True,True,all4-early-fusion+ridge-only
2050,2006.0,0.9,2006.0,2006.0,matched,,2025-02-28T06:27:34.778930+00:00,2024-04-13T09:16:02.883182+00:00,3.0,0.1684790912011147,,1.2442489851150205,True,True,True,True,all4-early-fusion+ridge-only
2051,2007.0,0.9,2007.0,2008.0,ambiguous_range,,2025-02-28T06:27:34.876018+00:00,2024-04-13T09:16:02.977511+00:00,3.0,0.0,,1.2465567410281282,True,True,True,True,all4-early-fusion+ridge-only
2052,2009.0,0.9,2009.0,2010.0,ambiguous_range,,2025-02-28T06:27:34.975163+00:00,2024-04-13T09:16:03.181922+00:00,3.0,0.0,,1.2220250326919484,True,True,True,True,all4-early-fusion+ridge-only
2053,2011.0,0.9,2011.0,2011.0,matched,,2025-02-28T06:27:35.075620+00:00,2024-04-13T09:16:03.378426+00:00,3.0,0.4652890093815971,,1.2012470630760892,True,True,True,True,all4-early-fusion+ridge-only
2054,2012.0,0.9,2012.0,2012.0,matched,,2025-02-28T06:27:35.178003+00:00,2024-04-13T09:16:03.480113+00:00,3.0,0.3419785274861815,,1.1761747875845325,True,True,True,True,all4-early-fusion+ridge-only
2055,2013.0,0.9,2013.0,2013.0,matched,,2025-02-28T06:27:35.274651+00:00,2024-04-13T09:16:03.580660+00:00,3.0,0.4441023838922731,,1.147976878612717,True,True,True,True,all4-early-fusion+ridge-only
2056,2014.0,0.9,2014.0,2014.0,matched,,2025-02-28T06:27:35.375696+00:00,2024-04-13T09:16:03.678811+00:00,3.0,0.28575207687702786,,1.1177895888697829,True,True,True,True,all4-early-fusion+ridge-only
2057,2015.0,0.9,2015.0,2015.0,matched,,2025-02-28T06:27:35.476595+00:00,2024-04-13T09:16:03.782563+00:00,3.0,0.013733426050153597,,1.0866332989842484,True,True,True,True,all4-early-fusion+ridge-only
2058,2016.0,0.9,2016.0,2016.0,matched,,2025-02-28T06:27:35.578146+00:00,2024-04-13T09:16:03.879918+00:00,3.0,0.3866710276601726,,1.0665108372290693,True,True,True,True,all4-early-fusion+ridge-only
2059,2017.0,0.9,2017.0,2017.0,matched,,2025-02-28T06:27:35.677358+00:00,2024-04-13T09:16:03.981608+00:00,3.0,0.29269383459769704,,1.0452940377563493,True,True,True,True,all4-early-fusion+ridge-only
2060,2018.0,0.9,2018.0,2018.0,matched,,2025-02-28T06:27:35.775589+00:00,2024-04-13T09:16:04.082194+00:00,3.0,0.28357754711743466,,1.0234263465282283,True,True,True,True,all4-early-fusion+ridge-only
2061,2019.0,0.9,2019.0,2019.0,matched,,2025-02-28T06:27:35.874899+00:00,2024-04-13T09:16:04.182024+00:00,3.0,0.1348302432213342,,1.0120481927710845,True,True,True,True,all4-early-fusion+ridge-only
2062,2020.0,0.9,2020.0,2020.0,matched,,2025-02-28T06:27:35.975209+00:00,2024-04-13T09:16:04.278492+00:00,3.0,0.0,,1.0120481927710845,True,True,True,True,all4-early-fusion+ridge-only
2063,2021.0,0.9,2021.0,2021.0,matched,,2025-02-28T06:27:36.076312+00:00,2024-04-13T09:16:04.378001+00:00,3.0,0.09741951048873565,,1.0234263465282283,True,True,True,True,all4-early-fusion+ridge-only
2064,2022.0,0.9,2022.0,2022.0,matched,,2025-02-28T06:27:36.175283+00:00,2024-04-13T09:16:04.481822+00:00,3.0,0.21363276679893461,,1.033996023856859,True,True,True,True,all4-early-fusion+ridge-only
2065,2023.0,0.9,2023.0,2023.0,matched,,2025-02-28T06:27:36.274392+00:00,2024-04-13T09:16:04.578779+00:00,3.0,0.3112133537970925,,1.0436191762322755,True,True,True,True,all4-early-fusion+ridge-only
2066,2024.0,0.9,2024.0,2024.0,matched,,2025-02-28T06:27:36.376568+00:00,2024-04-13T09:16:04.678261+00:00,3.0,0.0,,1.0521619766643788,True,True,True,True,all4-early-fusion+ridge-only
2067,2025.0,0.9,2025.0,2025.0,matched,,2025-02-28T06:27:36.478412+00:00,2024-04-13T09:16:04.780280+00:00,3.0,0.0,,1.0725,True,True,True,True,all4-early-fusion+ridge-only
2068,2026.0,0.9,2026.0,2026.0,matched,,2025-02-28T06:27:36.575858+00:00,2024-04-13T09:16:04.877590+00:00,3.0,0.4248554573399148,,1.0915148822745446,True,True,True,True,all4-early-fusion+ridge-only
2069,2027.0,0.9,2027.0,2027.0,matched,,2025-02-28T06:27:36.674582+00:00,2024-04-13T09:16:04.977625+00:00,3.0,0.46273560132861036,,1.1087255501222495,True,True,True,True,all4-early-fusion+ridge-only
2070,2028.0,0.9,2028.0,2028.0,matched,,2025-02-28T06:27:36.775692+00:00,2024-04-13T09:16:05.079587+00:00,3.0,0.4853718362851036,,1.1236466342381923,True,True,True,True,all4-early-fusion+ridge-only
2071,2029.0,0.9,2029.0,2030.0,ambiguous_range,,2025-02-28T06:27:36.874631+00:00,2024-04-13T09:16:05.177518+00:00,3.0,0.4318942312604279,,1.1448331977217248,True,True,True,True,all4-early-fusion+ridge-only
2072,2031.0,0.9,2031.0,2031.0,matched,,2025-02-28T06:27:36.976109+00:00,2024-04-13T09:16:05.380377+00:00,3.0,0.29896722109956864,,1.1503777923784493,True,True,True,True,all4-early-fusion+ridge-only
2073,2032.0,0.9,2032.0,2032.0,matched,,2025-02-28T06:27:37.075374+00:00,2024-04-13T09:16:05.480459+00:00,3.0,0.43775404725971967,,1.1522491349480968,True,True,True,True,all4-early-fusion+ridge-only
2074,2033.0,0.9,2033.0,2033.0,matched,,2025-02-28T06:27:37.175006+00:00,2024-04-13T09:16:05.582146+00:00,3.0,0.6255254197055993,,1.1503777923784493,True,True,True,True,all4-early-fusion+ridge-only
2075,2034.0,0.9,2034.0,2035.0,ambiguous_range,,2025-02-28T06:27:37.276131+00:00,2024-04-13T09:16:05.682720+00:00,3.0,0.2748167584591954,,1.1358173076923077,True,True,True,True,all4-early-fusion+ridge-only
2076,2036.0,0.9,2036.0,2036.0,matched,,2025-02-28T06:27:37.375726+00:00,2024-04-13T09:16:05.879942+00:00,3.0,0.2729795874951062,,1.1236466342381923,True,True,True,True,all4-early-fusion+ridge-only
2077,2037.0,0.9,2037.0,2037.0,matched,,2025-02-28T06:27:37.475327+00:00,2024-04-13T09:16:05.980157+00:00,3.0,0.07005476819529921,,1.125177025963808,True,True,True,True,all4-early-fusion+ridge-only
2078,2038.0,0.9,2038.0,2038.0,matched,,2025-02-28T06:27:37.575496+00:00,2024-04-13T09:16:06.081749+00:00,3.0,0.08536762191411507,,1.1221248630887186,True,True,True,True,all4-early-fusion+ridge-only
2079,2039.0,0.9,2039.0,2039.0,matched,,2025-02-28T06:27:37.674374+00:00,2024-04-13T09:16:06.181107+00:00,3.0,0.49172889856796154,,1.1146428020367227,True,True,True,True,all4-early-fusion+ridge-only
2080,2040.0,0.9,2040.0,2040.0,matched,,2025-02-28T06:27:37.781082+00:00,2024-04-13T09:16:06.277741+00:00,3.0,0.1863516316026308,,1.1030943396226416,True,True,True,True,all4-early-fusion+ridge-only
2081,2041.0,0.9,2041.0,2041.0,matched,,2025-02-28T06:27:37.880083+00:00,2024-04-13T09:16:06.378347+00:00,3.0,0.19577502871510433,,1.1030943396226416,True,True,True,True,all4-early-fusion+ridge-only
2082,2042.0,0.9,2042.0,2042.0,matched,,2025-02-28T06:27:37.974482+00:00,2024-04-13T09:16:06.489662+00:00,3.0,0.0,,1.0999549752363802,True,True,True,True,all4-early-fusion+ridge-only
2083,2043.0,0.9,2043.0,2043.0,matched,,2025-02-28T06:27:38.075461+00:00,2024-04-13T09:16:06.578000+00:00,3.0,0.19245171060456467,,1.0937824603056832,True,True,True,True,all4-early-fusion+ridge-only
2084,2044.0,0.9,2044.0,2044.0,matched,,2025-02-28T06:27:38.184464+00:00,2024-04-13T09:16:06.681597+00:00,3.0,0.0,,1.0992950352482376,True,True,True,True,all4-early-fusion+ridge-only
2085,2045.0,0.9,2045.0,2045.0,matched,,2025-02-28T06:27:38.275022+00:00,2024-04-13T09:16:06.777684+00:00,3.0,0.0,,1.1006918333584,True,True,True,True,all4-early-fusion+ridge-only
2086,2046.0,0.9,2046.0,2047.0,ambiguous_range,,2025-02-28T06:27:38.377799+00:00,2024-04-13T09:16:06.884236+00:00,3.0,0.2007890386644866,,1.126950354609929,True,True,True,True,all4-early-fusion+ridge-only
2087,2048.0,0.9,2048.0,2048.0,matched,,2025-02-28T06:27:38.474759+00:00,2024-04-13T09:16:07.079192+00:00,3.0,0.16654909532108597,,1.1356799999999998,True,True,True,True,all4-early-fusion+ridge-only
2088,2049.0,0.9,2049.0,2049.0,matched,,2025-02-28T06:27:38.578060+00:00,2024-04-13T09:16:07.177398+00:00,3.0,0.214644937254151,,1.1410463426449216,True,True,True,True,all4-early-fusion+ridge-only
2089,2050.0,0.9,2050.0,2050.0,matched,,2025-02-28T06:27:38.674356+00:00,2024-04-13T09:16:07.278954+00:00,3.0,0.2640897359002943,,1.1428571428571428,True,True,True,True,all4-early-fusion+ridge-only
2090,2051.0,0.9,2051.0,2051.0,matched,,2025-02-28T06:27:38.776816+00:00,2024-04-13T09:16:07.377805+00:00,3.0,0.32416112140106756,,1.1410463426449216,True,True,True,True,all4-early-fusion+ridge-only
2091,2052.0,0.9,2052.0,2052.0,matched,,2025-02-28T06:27:38.875297+00:00,2024-04-13T09:16:07.479393+00:00,3.0,0.11834422501467312,,1.1356799999999998,True,True,True,True,all4-early-fusion+ridge-only
2092,2053.0,0.9,2053.0,2054.0,ambiguous_range,,2025-02-28T06:27:38.978212+00:00,2024-04-13T09:16:07.580982+00:00,3.0,0.0,,1.1151589996912628,True,True,True,True,all4-early-fusion+ridge-only
2093,2055.0,0.9,2055.0,2055.0,matched,,2025-02-28T06:27:39.079190+00:00,2024-04-13T09:16:07.785718+00:00,3.0,0.338053491067531,,1.1006918333584,True,True,True,True,all4-early-fusion+ridge-only
2094,2056.0,0.9,2056.0,2056.0,matched,,2025-02-28T06:27:39.178880+00:00,2024-04-13T09:16:07.882066+00:00,3.0,0.2964660811584583,,1.0839895013123357,True,True,True,True,all4-early-fusion+ridge-only
2095,2057.0,0.9,2057.0,2057.0,matched,,2025-02-28T06:27:39.276129+00:00,2024-04-13T09:16:07.982126+00:00,3.0,0.10852804735636479,,1.0655172413793104,True,True,True,True,all4-early-fusion+ridge-only
2096,2058.0,0.9,2058.0,2058.0,matched,,2025-02-28T06:27:39.378682+00:00,2024-04-13T09:16:08.085111+00:00,3.0,0.1934887306037374,,1.0594989561586639,True,True,True,True,all4-early-fusion+ridge-only
2097,2059.0,0.9,2059.0,2059.0,matched,,2025-02-28T06:27:39.477524+00:00,2024-04-13T09:16:08.177620+00:00,3.0,0.03955449981385284,,1.0521619766643788,True,True,True,True,all4-early-fusion+ridge-only
2098,2060.0,0.9,2060.0,2060.0,matched,,2025-02-28T06:27:39.575751+00:00,2024-04-13T09:16:08.278191+00:00,3.0,0.20965974730862502,,1.0436191762322753,True,True,True,True,all4-early-fusion+ridge-only
2099,2061.0,0.9,2061.0,2061.0,matched,,2025-02-28T06:27:39.678856+00:00,2024-04-13T09:16:08.380213+00:00,3.0,0.5159125974872416,,1.033996023856859,True,True,True,True,all4-early-fusion+ridge-only
2100,2062.0,0.9,2062.0,2062.0,matched,,2025-02-28T06:27:39.775095+00:00,2024-04-13T09:16:08.481993+00:00,3.0,0.28945699883395815,,1.0234263465282283,True,True,True,True,all4-early-fusion+ridge-only
2101,2063.0,0.9,2063.0,2063.0,matched,,2025-02-28T06:27:39.876089+00:00,2024-04-13T09:16:08.579535+00:00,3.0,0.0,,1.0245901639344261,True,True,True,True,all4-early-fusion+ridge-only
2102,2064.0,0.9,2064.0,2064.0,matched,,2025-02-28T06:27:39.976247+00:00,2024-04-13T09:16:08.678667+00:00,3.0,0.32396203925134603,,1.0234263465282283,True,True,True,True,all4-early-fusion+ridge-only
2103,2065.0,0.9,2065.0,2065.0,matched,,2025-02-28T06:27:40.076048+00:00,2024-04-13T09:16:08.777757+00:00,3.0,0.046411647588519234,,1.033996023856859,True,True,True,True,all4-early-fusion+ridge-only
2104,2066.0,0.9,2066.0,2066.0,matched,,2025-02-28T06:27:40.176395+00:00,2024-04-13T09:16:08.879976+00:00,3.0,0.0,,1.0436191762322755,True,True,True,True,all4-early-fusion+ridge-only
2105,2067.0,0.9,2067.0,2067.0,matched,,2025-02-28T06:27:40.280728+00:00,2024-04-13T09:16:08.979455+00:00,3.0,0.0,,1.0521619766643788,True,True,True,True,all4-early-fusion+ridge-only
2106,2068.0,0.9,2068.0,2068.0,matched,,2025-02-28T06:27:40.375010+00:00,2024-04-13T09:16:09.077702+00:00,3.0,0.096740598858855,,1.0594989561586639,True,True,True,True,all4-early-fusion+ridge-only
2107,2069.0,0.9,2069.0,2069.0,matched,,2025-02-28T06:27:40.474877+00:00,2024-04-13T09:16:09.183341+00:00,3.0,0.0,,1.0655172413793104,True,True,True,True,all4-early-fusion+ridge-only
2108,2070.0,0.9,2070.0,2070.0,matched,,2025-02-28T06:27:40.574515+00:00,2024-04-13T09:16:09.278053+00:00,3.0,0.15174879637698968,,1.070120652945351,True,True,True,True,all4-early-fusion+ridge-only
2109,2071.0,0.9,2071.0,2071.0,matched,,2025-02-28T06:27:40.674191+00:00,2024-04-13T09:16:09.378475+00:00,3.0,0.1412517497622674,,1.0732334047109207,True,True,True,True,all4-early-fusion+ridge-only
2110,2072.0,0.9,2072.0,2073.0,ambiguous_range,,2025-02-28T06:27:40.775368+00:00,2024-04-13T09:16:09.479575+00:00,3.0,0.3815934040912792,,1.0748031496062993,True,True,True,True,all4-early-fusion+ridge-only
2111,2074.0,0.9,2074.0,2074.0,matched,,2025-02-28T06:27:40.876134+00:00,2024-04-13T09:16:09.677899+00:00,3.0,0.447183465594128,,1.0732334047109207,True,True,True,True,all4-early-fusion+ridge-only
2112,2075.0,0.9,2075.0,2075.0,matched,,2025-02-28T06:27:40.976026+00:00,2024-04-13T09:16:09.778388+00:00,3.0,0.247773644516895,,1.0701206529453513,True,True,True,True,all4-early-fusion+ridge-only
2113,2076.0,0.9,2076.0,2076.0,matched,,2025-02-28T06:27:41.075057+00:00,2024-04-13T09:16:09.881219+00:00,3.0,0.3756367975952628,,1.080078125,True,True,True,True,all4-early-fusion+ridge-only
2114,2077.0,0.9,2077.0,2077.0,matched,,2025-02-28T06:27:41.174437+00:00,2024-04-13T09:16:09.981220+00:00,3.0,0.6151170541075155,,1.087428487604518,True,True,True,True,all4-early-fusion+ridge-only
2115,2078.0,0.9,2078.0,2078.0,matched,,2025-02-28T06:27:41.275621+00:00,2024-04-13T09:16:10.078285+00:00,3.0,0.5101027090308561,,1.091937869822485,True,True,True,True,all4-early-fusion+ridge-only
2116,2079.0,0.9,2079.0,2079.0,matched,,2025-02-28T06:27:41.375663+00:00,2024-04-13T09:16:10.177623+00:00,3.0,0.40433887089707365,,1.0934579439252337,True,True,True,True,all4-early-fusion+ridge-only
2117,2080.0,0.9,2080.0,2080.0,matched,,2025-02-28T06:27:41.478636+00:00,2024-04-13T09:16:10.282764+00:00,3.0,0.5318878305727708,,1.091937869822485,True,True,True,True,all4-early-fusion+ridge-only
2118,2081.0,0.9,2081.0,2081.0,matched,,2025-02-28T06:27:41.575653+00:00,2024-04-13T09:16:10.379197+00:00,3.0,0.48331024044172244,,1.087428487604518,True,True,True,True,all4-early-fusion+ridge-only
2119,2082.0,0.9,2082.0,2082.0,matched,,2025-02-28T06:27:41.674375+00:00,2024-04-13T09:16:10.477561+00:00,3.0,0.0,,1.080078125,True,True,True,True,all4-early-fusion+ridge-only
2120,2083.0,0.9,2083.0,2083.0,matched,,2025-02-28T06:27:41.779342+00:00,2024-04-13T09:16:10.578989+00:00,3.0,0.0,,1.070120652945351,True,True,True,True,all4-early-fusion+ridge-only
2121,2084.0,0.9,2084.0,2084.0,matched,,2025-02-28T06:27:41.875377+00:00,2024-04-13T09:16:10.679192+00:00,3.0,0.3067141079396296,,1.0732334047109207,True,True,True,True,all4-early-fusion+ridge-only
2122,2085.0,0.9,2085.0,2086.0,ambiguous_range,,2025-02-28T06:27:41.978551+00:00,2024-04-13T09:16:10.777907+00:00,3.0,0.006997651430590501,,1.0748031496062993,True,True,True,True,all4-early-fusion+ridge-only
2123,2087.0,0.9,2087.0,2087.0,matched,,2025-02-28T06:27:42.074541+00:00,2024-04-13T09:16:10.978742+00:00,3.0,0.0,,1.0732334047109207,True,True,True,True,all4-early-fusion+ridge-only
2124,2088.0,0.9,2088.0,2088.0,matched,,2025-02-28T06:27:42.175081+00:00,2024-04-13T09:16:11.081309+00:00,3.0,0.0,,1.0701206529453513,True,True,True,True,all4-early-fusion+ridge-only
2125,2089.0,0.9,2089.0,2089.0,matched,,2025-02-28T06:27:42.274496+00:00,2024-04-13T09:16:11.182886+00:00,3.0,0.23192542628989088,,1.0655172413793104,True,True,True,True,all4-early-fusion+ridge-only
2126,2090.0,0.9,2090.0,2090.0,matched,,2025-02-28T06:27:42.374675+00:00,2024-04-13T09:16:11.281897+00:00,3.0,0.0,,1.0594989561586639,True,True,True,True,all4-early-fusion+ridge-only
2127,2091.0,0.9,2091.0,2091.0,matched,,2025-02-28T06:27:42.474276+00:00,2024-04-13T09:16:11.378093+00:00,3.0,0.37695971404371287,,1.0521619766643788,True,True,True,True,all4-early-fusion+ridge-only
2128,2092.0,0.9,2092.0,2092.0,matched,,2025-02-28T06:27:42.575564+00:00,2024-04-13T09:16:11.477662+00:00,3.0,0.03482093095904881,,1.0436191762322753,True,True,True,True,all4-early-fusion+ridge-only
2129,2093.0,0.9,2093.0,2093.0,matched,,2025-02-28T06:27:42.674554+00:00,2024-04-13T09:16:11.578307+00:00,3.0,0.0,,1.033996023856859,True,True,True,True,all4-early-fusion+ridge-only
2130,2094.0,0.9,2094.0,2094.0,matched,,2025-02-28T06:27:42.774561+00:00,2024-04-13T09:16:11.678290+00:00,3.0,0.0,,1.0234263465282283,True,True,True,True,all4-early-fusion+ridge-only
2131,2095.0,0.9,2095.0,2095.0,matched,,2025-02-28T06:27:42.874295+00:00,2024-04-13T09:16:11.778689+00:00,3.0,0.0,,1.0120481927710845,True,True,True,True,all4-early-fusion+ridge-only
2132,2096.0,0.9,2096.0,2096.0,matched,,2025-02-28T06:27:42.976503+00:00,2024-04-13T09:16:11.879162+00:00,2.974089876359819,0.0,,0.987012987012987,True,True,True,True,all4-early-fusion+ridge-only
2133,2097.0,0.9,2097.0,2097.0,matched,,2025-02-28T06:27:43.074475+00:00,2024-04-13T09:16:11.977760+00:00,2.974089876359819,0.20182519294039825,,0.9753246753246754,True,True,True,True,all4-early-fusion+ridge-only
2134,2098.0,0.9,2098.0,2098.0,matched,,2025-02-28T06:27:43.178567+00:00,2024-04-13T09:16:12.081257+00:00,2.974089876359819,0.1616144698938684,,0.964935064935065,True,True,True,True,all4-early-fusion+ridge-only
2135,2099.0,0.9,2099.0,2099.0,matched,,2025-02-28T06:27:43.279413+00:00,2024-04-13T09:16:12.180804+00:00,2.974089876359819,0.0,,0.9558441558441558,True,True,True,True,all4-early-fusion+ridge-only
2136,2100.0,0.9,2100.0,2100.0,matched,,2025-02-28T06:27:43.375329+00:00,2024-04-13T09:16:12.278780+00:00,2.9660892734035262,0.2149050235001715,,0.948051948051948,True,True,True,True,all4-early-fusion+ridge-only
2137,2101.0,0.9,2101.0,2101.0,matched,,2025-02-28T06:27:43.474467+00:00,2024-04-13T09:16:12.382026+00:00,2.946635858406442,-0.1022314499497905,,0.9415584415584416,True,True,True,True,all4-early-fusion+ridge-only
2138,2102.0,0.9,2102.0,2102.0,matched,,2025-02-28T06:27:43.578946+00:00,2024-04-13T09:16:12.482555+00:00,2.8938788563956095,0.0,,0.9363636363636364,True,True,True,True,all4-early-fusion+ridge-only
2139,2103.0,0.9,2103.0,2103.0,matched,,2025-02-28T06:27:43.676430+00:00,2024-04-13T09:16:12.580355+00:00,2.8502870632440325,0.0,,0.9324675324675324,True,True,True,True,all4-early-fusion+ridge-only
2140,2104.0,0.9,2104.0,2104.0,matched,,2025-02-28T06:27:43.775368+00:00,2024-04-13T09:16:12.678207+00:00,2.812783204249465,0.0,,0.9298701298701298,True,True,True,True,all4-early-fusion+ridge-only
2141,2105.0,0.9,2105.0,2105.0,matched,,2025-02-28T06:27:43.875609+00:00,2024-04-13T09:16:12.782254+00:00,2.812783204249465,-0.08800663251921748,,0.9285714285714286,True,True,True,True,all4-early-fusion+ridge-only
2142,2105.0,0.9,2105.0,2105.0,matched,,2025-02-28T06:27:43.979704+00:00,2024-04-13T09:16:12.782254+00:00,2.7899003595401384,-0.21398756496792837,,0.9285714285714286,True,True,True,True,all4-early-fusion+ridge-only
2143,2106.0,0.9,2106.0,2106.0,matched,,2025-02-28T06:27:44.075047+00:00,2024-04-13T09:16:12.880903+00:00,2.800987076067664,-0.580327022119155,,0.9298701298701298,True,True,True,True,all4-early-fusion+ridge-only
2144,2107.0,0.9,2107.0,2107.0,matched,,2025-02-28T06:27:44.175297+00:00,2024-04-13T09:16:12.977867+00:00,2.7727444050382357,-0.47950972466734987,,0.9324675324675324,True,True,True,True,all4-early-fusion+ridge-only
2145,2108.0,0.9,2108.0,2108.0,matched,,2025-02-28T06:27:44.278364+00:00,2024-04-13T09:16:13.079748+00:00,2.751398930829951,-0.41254244894024206,,0.9363636363636364,True,True,True,True,all4-early-fusion+ridge-only
2146,2109.0,0.9,2109.0,2109.0,matched,,2025-02-28T06:27:44.375011+00:00,2024-04-13T09:16:13.178892+00:00,2.688212777314092,0.10636642775961436,,0.9415584415584416,True,True,True,True,all4-early-fusion+ridge-only
2147,2110.0,0.9,2110.0,2110.0,matched,,2025-02-28T06:27:44.478549+00:00,2024-04-13T09:16:13.277568+00:00,2.6045454447914413,-0.2517112918025912,,0.948051948051948,True,True,True,True,all4-early-fusion+ridge-only
2148,2111.0,0.9,2111.0,2111.0,matched,,2025-02-28T06:27:44.576087+00:00,2024-04-13T09:16:13.380228+00:00,2.554497276417954,-0.1630574782392129,,0.9558441558441558,True,True,True,True,all4-early-fusion+ridge-only
2149,2112.0,0.9,2112.0,2112.0,matched,,2025-02-28T06:27:44.674433+00:00,2024-04-13T09:16:13.479355+00:00,2.5418735468264146,-0.3106693813237107,,0.964935064935065,True,True,True,True,all4-early-fusion+ridge-only
2150,2113.0,0.9,2113.0,2113.0,matched,,2025-02-28T06:27:44.774892+00:00,2024-04-13T09:16:13.582238+00:00,2.5026727184163367,-0.23480021629113157,,0.9753246753246754,True,True,True,True,all4-early-fusion+ridge-only
2151,2114.0,0.9,2114.0,2114.0,matched,,2025-02-28T06:27:44.878440+00:00,2024-04-13T09:16:13.677982+00:00,2.4839719769758517,-0.6950476886744559,,0.987012987012987,True,True,True,True,all4-early-fusion+ridge-only
2152,2115.0,0.9,2115.0,2115.0,matched,,2025-02-28T06:27:44.984731+00:00,2024-04-13T09:16:13.782935+00:00,2.422502302885581,-1.008347290268367,,1.0,True,True,True,True,all4-early-fusion+ridge-only
2153,2116.0,0.9,2116.0,2116.0,matched,,2025-02-28T06:27:45.074491+00:00,2024-04-13T09:16:13.881771+00:00,2.379304377408605,-0.6162213805801051,,1.0,True,True,True,True,all4-early-fusion+ridge-only
2154,2117.0,0.9,2117.0,2117.0,matched,,2025-02-28T06:27:45.174507+00:00,2024-04-13T09:16:13.984045+00:00,2.3295361001373527,-0.7191880476260888,,1.0,True,True,True,True,all4-early-fusion+ridge-only
2155,2118.0,0.9,2118.0,2118.0,matched,,2025-02-28T06:27:45.276073+00:00,2024-04-13T09:16:14.083595+00:00,2.2893031100603167,-0.9107188371782096,,1.0,True,True,True,True,all4-early-fusion+ridge-only
2156,2119.0,0.9,2119.0,2119.0,matched,,2025-02-28T06:27:45.375844+00:00,2024-04-13T09:16:14.179589+00:00,2.220506409551732,-0.5865775945755449,,1.0,True,True,True,True,all4-early-fusion+ridge-only
2157,2120.0,0.9,2120.0,2120.0,matched,,2025-02-28T06:27:45.475812+00:00,2024-04-13T09:16:14.285597+00:00,2.2692870197952772,-0.635991044055626,,1.0120481927710845,True,True,True,True,all4-early-fusion+ridge-only
2158,2121.0,0.9,2121.0,2121.0,matched,,2025-02-28T06:27:45.577188+00:00,2024-04-13T09:16:14.379128+00:00,2.3504646332331522,-0.7116960953662788,,1.0234263465282283,True,True,True,True,all4-early-fusion+ridge-only
2159,2122.0,0.9,2122.0,2122.0,matched,,2025-02-28T06:27:45.674594+00:00,2024-04-13T09:16:14.482126+00:00,2.4106686735620078,-0.5448052444017208,,1.033996023856859,True,True,True,True,all4-early-fusion+ridge-only
2160,2123.0,0.9,2123.0,2123.0,matched,,2025-02-28T06:27:45.780459+00:00,2024-04-13T09:16:14.579352+00:00,2.4505364206884606,-0.7532322721711084,,1.0436191762322755,True,True,True,True,all4-early-fusion+ridge-only
2161,2124.0,0.9,2124.0,2124.0,matched,,2025-02-28T06:27:45.875420+00:00,2024-04-13T09:16:14.688859+00:00,2.5003643848692394,-0.9915639218855592,,1.0521619766643788,True,True,True,True,all4-early-fusion+ridge-only
2162,2125.0,0.9,2125.0,2125.0,matched,,2025-02-28T06:27:45.979120+00:00,2024-04-13T09:16:14.778497+00:00,2.5565689853042923,0.011248119530367973,,1.0594989561586639,True,True,True,True,all4-early-fusion+ridge-only
2163,2126.0,0.9,2126.0,2126.0,matched,,2025-02-28T06:27:46.075382+00:00,2024-04-13T09:16:14.882368+00:00,2.610645387270718,0.10206545108534693,,1.0655172413793104,True,True,True,True,all4-early-fusion+ridge-only
2164,2127.0,0.9,2127.0,2127.0,matched,,2025-02-28T06:27:46.174277+00:00,2024-04-13T09:16:14.979357+00:00,2.6767261574570207,0.36352809924691654,,1.070120652945351,True,True,True,True,all4-early-fusion+ridge-only
2165,2128.0,0.9,2128.0,2128.0,matched,,2025-02-28T06:27:46.274268+00:00,2024-04-13T09:16:15.077811+00:00,2.7413178418409285,-0.2806428292351093,,1.0732334047109207,True,True,True,True,all4-early-fusion+ridge-only
2166,2129.0,0.9,2129.0,2130.0,ambiguous_range,,2025-02-28T06:27:46.375378+00:00,2024-04-13T09:16:15.179976+00:00,2.809793502947393,-0.362611231189637,,1.0748031496062993,True,True,True,True,all4-early-fusion+ridge-only
2167,2131.0,0.9,2131.0,2131.0,matched,,2025-02-28T06:27:46.475752+00:00,2024-04-13T09:16:15.377413+00:00,2.8999356776642617,0.2562736721499288,,1.0732334047109207,True,True,True,True,all4-early-fusion+ridge-only
2168,2132.0,0.9,2132.0,2132.0,matched,,2025-02-28T06:27:46.575988+00:00,2024-04-13T09:16:15.480133+00:00,2.9143412209365764,-0.08132599336228896,,1.0701206529453513,True,True,True,True,all4-early-fusion+ridge-only
2169,2133.0,0.9,2133.0,2133.0,matched,,2025-02-28T06:27:46.675266+00:00,2024-04-13T09:16:15.579336+00:00,2.924831542977644,0.0,,1.0655172413793104,True,True,True,True,all4-early-fusion+ridge-only
2170,2134.0,0.9,2134.0,2134.0,matched,,2025-02-28T06:27:46.777243+00:00,2024-04-13T09:16:15.681597+00:00,2.9341290860193605,0.0,,1.0594989561586639,True,True,True,True,all4-early-fusion+ridge-only
2171,2135.0,0.9,2135.0,2135.0,matched,,2025-02-28T06:27:46.875288+00:00,2024-04-13T09:16:15.777605+00:00,2.959642070495279,0.1217642468686555,,1.0521619766643788,True,True,True,True,all4-early-fusion+ridge-only
2172,2136.0,0.9,2136.0,2136.0,matched,,2025-02-28T06:27:46.975605+00:00,2024-04-13T09:16:15.881129+00:00,2.992606727876156,0.0,,1.0436191762322753,True,True,True,True,all4-early-fusion+ridge-only
2173,2137.0,0.9,2137.0,2137.0,matched,,2025-02-28T06:27:47.074383+00:00,2024-04-13T09:16:15.983635+00:00,2.992606727876156,0.0,,1.033996023856859,True,True,True,True,all4-early-fusion+ridge-only
2174,2138.0,0.9,2138.0,2138.0,matched,,2025-02-28T06:27:47.174551+00:00,2024-04-13T09:16:16.080312+00:00,3.0,0.0,,1.0234263465282283,True,True,True,True,all4-early-fusion+ridge-only
2175,2139.0,0.9,2139.0,2139.0,matched,,2025-02-28T06:27:47.275806+00:00,2024-04-13T09:16:16.178550+00:00,3.0,0.0,,1.0120481927710845,True,True,True,True,all4-early-fusion+ridge-only
2176,2140.0,0.9,2140.0,2140.0,matched,,2025-02-28T06:27:47.375845+00:00,2024-04-13T09:16:16.281888+00:00,3.0,0.22329721222184462,,1.0,True,True,True,True,all4-early-fusion+ridge-only
2177,2141.0,0.9,2141.0,2141.0,matched,,2025-02-28T06:27:47.475344+00:00,2024-04-13T09:16:16.381206+00:00,3.0,0.0,,1.0,True,True,True,True,all4-early-fusion+ridge-only
2178,2142.0,0.9,2142.0,2142.0,matched,,2025-02-28T06:27:47.578556+00:00,2024-04-13T09:16:16.477663+00:00,3.0,0.19364455602358,,1.0,True,True,True,True,all4-early-fusion+ridge-only
2179,2143.0,0.9,2143.0,2143.0,matched,,2025-02-28T06:27:47.674746+00:00,2024-04-13T09:16:16.584766+00:00,3.0,0.0,,1.0,True,True,True,True,all4-early-fusion+ridge-only
2180,2144.0,0.9,2144.0,2144.0,matched,,2025-02-28T06:27:47.774501+00:00,2024-04-13T09:16:16.680765+00:00,3.0,0.0,,1.0,True,True,True,True,all4-early-fusion+ridge-only
2181,2145.0,0.9,2145.0,2145.0,matched,,2025-02-28T06:27:47.874304+00:00,2024-04-13T09:16:16.777755+00:00,3.0,0.0,,1.0,True,True,True,True,all4-early-fusion+ridge-only
2182,2146.0,0.9,2146.0,2146.0,matched,,2025-02-28T06:27:47.977264+00:00,2024-04-13T09:16:16.880130+00:00,3.0,0.0,,1.0,True,True,True,True,all4-early-fusion+ridge-only
2183,2147.0,0.9,2147.0,2147.0,matched,,2025-02-28T06:27:48.076622+00:00,2024-04-13T09:16:16.978129+00:00,3.0,0.0,,1.0,True,True,True,True,all4-early-fusion+ridge-only
2184,2148.0,0.9,2148.0,2148.0,matched,,2025-02-28T06:27:48.177720+00:00,2024-04-13T09:16:17.078309+00:00,3.0,0.0,,1.0,True,True,True,True,all4-early-fusion+ridge-only
2185,2149.0,0.9,2149.0,2149.0,matched,,2025-02-28T06:27:48.276564+00:00,2024-04-13T09:16:17.178242+00:00,3.0,0.0,,1.0,True,True,True,True,all4-early-fusion+ridge-only
2186,2150.0,0.9,2150.0,2150.0,matched,,2025-02-28T06:27:48.375307+00:00,2024-04-13T09:16:17.278163+00:00,3.0,0.0,,1.0,True,True,True,True,all4-early-fusion+ridge-only
2187,2151.0,0.9,2151.0,2151.0,matched,,2025-02-28T06:27:48.475473+00:00,2024-04-13T09:16:17.378170+00:00,3.0,0.0,,1.0120481927710845,True,True,True,True,all4-early-fusion+ridge-only
2188,2152.0,0.9,2152.0,2152.0,matched,,2025-02-28T06:27:48.575459+00:00,2024-04-13T09:16:17.478573+00:00,3.0,0.0,,1.0234263465282283,True,True,True,True,all4-early-fusion+ridge-only
2189,2153.0,0.9,2153.0,2153.0,matched,,2025-02-28T06:27:48.677564+00:00,2024-04-13T09:16:17.583360+00:00,2.9927712777095454,0.08548237479041809,,1.033996023856859,True,True,True,True,all4-early-fusion+ridge-only
2190,2154.0,0.9,2154.0,2154.0,matched,,2025-02-28T06:27:48.774119+00:00,2024-04-13T09:16:17.679157+00:00,2.9908226290424764,0.0,,1.0436191762322755,True,True,True,True,all4-early-fusion+ridge-only
2191,2155.0,0.9,2155.0,2155.0,matched,,2025-02-28T06:27:48.881215+00:00,2024-04-13T09:16:17.780933+00:00,2.9908226290424764,0.0,,1.0521619766643788,True,True,True,True,all4-early-fusion+ridge-only
2192,2156.0,0.9,2156.0,2156.0,matched,,2025-02-28T06:27:48.977349+00:00,2024-04-13T09:16:17.879032+00:00,2.990822629042477,0.0,,1.0594989561586639,True,True,True,True,all4-early-fusion+ridge-only
2193,2157.0,0.9,2157.0,2157.0,matched,,2025-02-28T06:27:49.074440+00:00,2024-04-13T09:16:17.981961+00:00,2.990822629042477,0.08155514192441737,,1.0655172413793104,True,True,True,True,all4-early-fusion+ridge-only
2194,2158.0,0.9,2158.0,2158.0,matched,,2025-02-28T06:27:49.174613+00:00,2024-04-13T09:16:18.081936+00:00,2.990822629042477,0.045388773378026936,,1.070120652945351,True,True,True,True,all4-early-fusion+ridge-only
2195,2159.0,0.9,2159.0,2159.0,matched,,2025-02-28T06:27:49.274238+00:00,2024-04-13T09:16:18.181870+00:00,2.990822629042477,0.06833225627841077,,1.0732334047109207,True,True,True,True,all4-early-fusion+ridge-only
2196,2160.0,0.9,2160.0,2161.0,ambiguous_range,,2025-02-28T06:27:49.382846+00:00,2024-04-13T09:16:18.286792+00:00,2.990822629042477,0.12500318420397916,,1.0748031496062993,True,True,True,True,all4-early-fusion+ridge-only
2197,2162.0,0.9,2162.0,2162.0,matched,,2025-02-28T06:27:49.479045+00:00,2024-04-13T09:16:18.478004+00:00,2.990822629042477,0.0,,1.0732334047109207,True,True,True,True,all4-early-fusion+ridge-only
2198,2163.0,0.9,2163.0,2163.0,matched,,2025-02-28T06:27:49.578714+00:00,2024-04-13T09:16:18.587728+00:00,2.990822629042477,0.0,,1.0701206529453513,True,True,True,True,all4-early-fusion+ridge-only
2199,2164.0,0.9,2164.0,2164.0,matched,,2025-02-28T06:27:49.678391+00:00,2024-04-13T09:16:18.678662+00:00,2.990822629042477,0.0,,1.0655172413793104,True,True,True,True,all4-early-fusion+ridge-only
2200,2165.0,0.9,2165.0,2165.0,matched,,2025-02-28T06:27:49.781059+00:00,2024-04-13T09:16:18.778445+00:00,2.9980513513329314,0.31298945434438563,,1.0594989561586639,True,True,True,True,all4-early-fusion+ridge-only
2201,2166.0,0.9,2166.0,2166.0,matched,,2025-02-28T06:27:49.881061+00:00,2024-04-13T09:16:18.884129+00:00,3.0,0.3872965354096496,,1.0521619766643788,True,True,True,True,all4-early-fusion+ridge-only
2202,2167.0,0.9,2167.0,2167.0,matched,,2025-02-28T06:27:49.975210+00:00,2024-04-13T09:16:18.978717+00:00,3.0,0.061753171216288205,,1.0436191762322753,True,True,True,True,all4-early-fusion+ridge-only
2203,2168.0,0.9,2168.0,2168.0,matched,,2025-02-28T06:27:50.074800+00:00,2024-04-13T09:16:19.077801+00:00,3.0,0.0,,1.033996023856859,True,True,True,True,all4-early-fusion+ridge-only
2204,2169.0,0.9,2169.0,2169.0,matched,,2025-02-28T06:27:50.174379+00:00,2024-04-13T09:16:19.185104+00:00,3.0,0.0,,1.0234263465282283,True,True,True,True,all4-early-fusion+ridge-only
2205,2170.0,0.9,2170.0,2170.0,matched,,2025-02-28T06:27:50.274289+00:00,2024-04-13T09:16:19.278658+00:00,3.0,0.024517865941545924,,1.0120481927710845,True,True,True,True,all4-early-fusion+ridge-only
2206,2171.0,0.9,2171.0,2171.0,matched,,2025-02-28T06:27:50.380169+00:00,2024-04-13T09:16:19.377960+00:00,3.0,0.33630751846426366,,1.0,True,True,True,True,all4-early-fusion+ridge-only
2207,2172.0,0.9,2172.0,2172.0,matched,,2025-02-28T06:27:50.475348+00:00,2024-04-13T09:16:19.477438+00:00,3.0,0.19748598912037574,,1.0,True,True,True,True,all4-early-fusion+ridge-only
2208,2173.0,0.9,2173.0,2173.0,matched,,2025-02-28T06:27:50.574332+00:00,2024-04-13T09:16:19.580817+00:00,3.0,0.4583085132696003,,1.0,True,True,True,True,all4-early-fusion+ridge-only
2209,2174.0,0.9,2174.0,2174.0,matched,,2025-02-28T06:27:50.674763+00:00,2024-04-13T09:16:19.684177+00:00,3.0,0.01303501909256255,,1.0,True,True,True,True,all4-early-fusion+ridge-only
2210,2175.0,0.9,2175.0,2175.0,matched,,2025-02-28T06:27:50.778750+00:00,2024-04-13T09:16:19.777683+00:00,3.0,0.0,,1.0,True,True,True,True,all4-early-fusion+ridge-only
2211,2176.0,0.9,2176.0,2176.0,matched,,2025-02-28T06:27:50.877861+00:00,2024-04-13T09:16:19.878541+00:00,3.0,0.2494088855022354,,1.0,True,True,True,True,all4-early-fusion+ridge-only
2212,2177.0,0.9,2177.0,2177.0,matched,,2025-02-28T06:27:50.978445+00:00,2024-04-13T09:16:19.978850+00:00,3.0,0.02622296437676752,,1.0,True,True,True,True,all4-early-fusion+ridge-only
2213,2178.0,0.9,2178.0,2178.0,matched,,2025-02-28T06:27:51.074655+00:00,2024-04-13T09:16:20.077774+00:00,3.0,0.0,,1.0,True,True,True,True,all4-early-fusion+ridge-only
2214,2179.0,0.9,2179.0,2179.0,matched,,2025-02-28T06:27:51.179656+00:00,2024-04-13T09:16:20.182682+00:00,3.0,0.20176852116010568,,1.0,True,True,True,True,all4-early-fusion+ridge-only
2215,2180.0,0.9,2180.0,2180.0,matched,,2025-02-28T06:27:51.276212+00:00,2024-04-13T09:16:20.281230+00:00,3.0,0.01656897922875178,,1.0,True,True,True,True,all4-early-fusion+ridge-only
2216,2181.0,0.9,2181.0,2181.0,matched,,2025-02-28T06:27:51.375548+00:00,2024-04-13T09:16:20.378663+00:00,3.0,0.05241697638249221,,1.0,True,True,True,True,all4-early-fusion+ridge-only
2217,2182.0,0.9,2182.0,2182.0,matched,,2025-02-28T06:27:51.481561+00:00,2024-04-13T09:16:20.483269+00:00,3.0,0.0,,1.0,True,True,True,True,all4-early-fusion+ridge-only
2218,2183.0,0.9,2183.0,2183.0,matched,,2025-02-28T06:27:51.578396+00:00,2024-04-13T09:16:20.578048+00:00,3.0,0.0024167457701982364,,1.0,True,True,True,True,all4-early-fusion+ridge-only
2219,2184.0,0.9,2184.0,2184.0,matched,,2025-02-28T06:27:51.675247+00:00,2024-04-13T09:16:20.679734+00:00,3.0,0.22100902171443604,,1.0,True,True,True,True,all4-early-fusion+ridge-only
2220,2185.0,0.9,2185.0,2185.0,matched,,2025-02-28T06:27:51.775592+00:00,2024-04-13T09:16:20.777938+00:00,3.0,0.21637860306641432,,1.0,True,True,True,True,all4-early-fusion+ridge-only
2221,2186.0,0.9,2186.0,2186.0,matched,,2025-02-28T06:27:51.878983+00:00,2024-04-13T09:16:20.880273+00:00,3.0,0.36952121254237413,,1.0,True,True,True,True,all4-early-fusion+ridge-only
2222,2187.0,0.9,2187.0,2187.0,matched,,2025-02-28T06:27:51.981205+00:00,2024-04-13T09:16:20.977757+00:00,3.0,0.0,,1.0,True,True,True,True,all4-early-fusion+ridge-only
2223,2188.0,0.9,2188.0,2188.0,matched,,2025-02-28T06:27:52.077769+00:00,2024-04-13T09:16:21.081475+00:00,3.0,0.0,,1.0,True,True,True,True,all4-early-fusion+ridge-only
2224,2189.0,0.9,2189.0,2189.0,matched,,2025-02-28T06:27:52.174351+00:00,2024-04-13T09:16:21.179673+00:00,3.0,0.0,,1.0,True,True,True,True,all4-early-fusion+ridge-only
2225,2190.0,0.9,2190.0,2190.0,matched,,2025-02-28T06:27:52.276502+00:00,2024-04-13T09:16:21.280243+00:00,3.0,0.0,,1.0,True,True,True,True,all4-early-fusion+ridge-only
2226,2191.0,0.9,2191.0,2191.0,matched,,2025-02-28T06:27:52.381030+00:00,2024-04-13T09:16:21.380647+00:00,3.0,0.0,,1.0,True,True,True,True,all4-early-fusion+ridge-only
2227,2192.0,0.9,2192.0,2192.0,matched,,2025-02-28T06:27:52.474466+00:00,2024-04-13T09:16:21.481740+00:00,3.0,0.0,,1.0,True,True,True,True,all4-early-fusion+ridge-only
2228,2193.0,0.9,2193.0,2193.0,matched,,2025-02-28T06:27:52.577090+00:00,2024-04-13T09:16:21.581106+00:00,3.0,0.0,,1.0,True,True,True,True,all4-early-fusion+ridge-only
2229,2194.0,0.9,2194.0,2194.0,matched,,2025-02-28T06:27:52.675252+00:00,2024-04-13T09:16:21.684638+00:00,3.0,0.11077994185320295,,1.0,True,True,True,True,all4-early-fusion+ridge-only
2230,2195.0,0.9,2195.0,2195.0,matched,,2025-02-28T06:27:52.776757+00:00,2024-04-13T09:16:21.780555+00:00,3.0,0.0,,1.0,True,True,True,True,all4-early-fusion+ridge-only
2231,2196.0,0.9,2196.0,2196.0,matched,,2025-02-28T06:27:52.877676+00:00,2024-04-13T09:16:21.880337+00:00,3.0,0.38133086957687334,,1.0,True,True,True,True,all4-early-fusion+ridge-only
2232,2197.0,0.9,2197.0,2197.0,matched,,2025-02-28T06:27:52.978407+00:00,2024-04-13T09:16:21.982258+00:00,3.0,0.0,,1.0,True,True,True,True,all4-early-fusion+ridge-only
2233,2198.0,0.9,2198.0,2198.0,matched,,2025-02-28T06:27:53.074548+00:00,2024-04-13T09:16:22.078049+00:00,3.0,0.0,,1.0,True,True,True,True,all4-early-fusion+ridge-only
2234,2199.0,0.9,2199.0,2199.0,matched,,2025-02-28T06:27:53.174174+00:00,2024-04-13T09:16:22.179873+00:00,3.0,0.0,,1.0,True,True,True,True,all4-early-fusion+ridge-only
2235,2200.0,0.9,2200.0,2200.0,matched,,2025-02-28T06:27:53.274428+00:00,2024-04-13T09:16:22.280389+00:00,3.0,0.0,,1.0,True,True,True,True,all4-early-fusion+ridge-only
2236,2201.0,0.9,2201.0,2201.0,matched,,2025-02-28T06:27:53.376710+00:00,2024-04-13T09:16:22.377619+00:00,3.0,0.3328206474059696,,1.0,True,True,True,True,all4-early-fusion+ridge-only
2237,2202.0,0.9,2202.0,2202.0,matched,,2025-02-28T06:27:53.474750+00:00,2024-04-13T09:16:22.481037+00:00,3.0,0.0,,1.0,True,True,True,True,all4-early-fusion+ridge-only
2238,2203.0,0.9,2203.0,2203.0,matched,,2025-02-28T06:27:53.574665+00:00,2024-04-13T09:16:22.578224+00:00,3.0,0.0,,1.0120481927710845,True,True,True,True,all4-early-fusion+ridge-only
2239,2204.0,0.9,2204.0,2204.0,matched,,2025-02-28T06:27:53.674608+00:00,2024-04-13T09:16:22.683108+00:00,3.0,0.0,,1.0234263465282283,True,True,True,True,all4-early-fusion+ridge-only
2240,2205.0,0.9,2205.0,2205.0,matched,,2025-02-28T06:27:53.774725+00:00,2024-04-13T09:16:22.779256+00:00,3.0,0.08568541850403522,,1.033996023856859,True,True,True,True,all4-early-fusion+ridge-only
2241,2206.0,0.9,2206.0,2206.0,matched,,2025-02-28T06:27:53.876037+00:00,2024-04-13T09:16:22.885281+00:00,3.0,0.14066857284057788,,1.0436191762322755,True,True,True,True,all4-early-fusion+ridge-only
2242,2207.0,0.9,2207.0,2207.0,matched,,2025-02-28T06:27:53.974209+00:00,2024-04-13T09:16:22.987135+00:00,3.0,0.25254522893724296,,1.0521619766643788,True,True,True,True,all4-early-fusion+ridge-only
2243,2208.0,0.9,2208.0,2208.0,matched,,2025-02-28T06:27:54.074656+00:00,2024-04-13T09:16:23.079338+00:00,3.0,0.0,,1.0594989561586639,True,True,True,True,all4-early-fusion+ridge-only
2244,2209.0,0.9,2209.0,2209.0,matched,,2025-02-28T06:27:54.174259+00:00,2024-04-13T09:16:23.178050+00:00,3.0,0.0,,1.0655172413793104,True,True,True,True,all4-early-fusion+ridge-only
2245,2210.0,0.9,2210.0,2210.0,matched,,2025-02-28T06:27:54.274380+00:00,2024-04-13T09:16:23.278857+00:00,3.0,0.5050349783332444,,1.070120652945351,True,True,True,True,all4-early-fusion+ridge-only
2246,2211.0,0.9,2211.0,2211.0,matched,,2025-02-28T06:27:54.376595+00:00,2024-04-13T09:16:23.378537+00:00,3.0,0.0,,1.0732334047109207,True,True,True,True,all4-early-fusion+ridge-only
2247,2212.0,0.9,2212.0,2213.0,ambiguous_range,,2025-02-28T06:27:54.478119+00:00,2024-04-13T09:16:23.478115+00:00,3.0,0.10357365276101538,,1.0748031496062993,True,True,True,True,all4-early-fusion+ridge-only
2248,2214.0,0.9,2214.0,2214.0,matched,,2025-02-28T06:27:54.584816+00:00,2024-04-13T09:16:23.683070+00:00,3.0,0.0,,1.0732334047109207,True,True,True,True,all4-early-fusion+ridge-only
2249,2215.0,0.9,2215.0,2215.0,matched,,2025-02-28T06:27:54.679232+00:00,2024-04-13T09:16:23.783042+00:00,3.0,0.0,,1.0701206529453513,True,True,True,True,all4-early-fusion+ridge-only
2250,2216.0,0.9,2216.0,2216.0,matched,,2025-02-28T06:27:54.778077+00:00,2024-04-13T09:16:23.881917+00:00,3.0,0.0,,1.0655172413793104,True,True,True,True,all4-early-fusion+ridge-only
2251,2217.0,0.9,2217.0,2217.0,matched,,2025-02-28T06:27:54.875108+00:00,2024-04-13T09:16:23.980223+00:00,2.993058528660232,0.0,,1.0594989561586639,True,True,True,True,all4-early-fusion+ridge-only
2252,2218.0,0.9,2218.0,2218.0,matched,,2025-02-28T06:27:54.974947+00:00,2024-04-13T09:16:24.077854+00:00,2.993058528660232,0.0,,1.0521619766643788,True,True,True,True,all4-early-fusion+ridge-only
2253,2219.0,0.9,2219.0,2219.0,matched,,2025-02-28T06:27:55.075500+00:00,2024-04-13T09:16:24.178030+00:00,2.9862721248948603,0.0,,1.0436191762322753,True,True,True,True,all4-early-fusion+ridge-only
2254,2220.0,0.9,2220.0,2220.0,matched,,2025-02-28T06:27:55.174217+00:00,2024-04-13T09:16:24.287513+00:00,2.983950072027052,0.0,,1.033996023856859,True,True,True,True,all4-early-fusion+ridge-only
2255,2221.0,0.9,2221.0,2221.0,matched,,2025-02-28T06:27:55.274346+00:00,2024-04-13T09:16:24.380688+00:00,2.9815559175542803,0.0,,1.0234263465282283,True,True,True,True,all4-early-fusion+ridge-only
2256,2222.0,0.9,2222.0,2222.0,matched,,2025-02-28T06:27:55.377089+00:00,2024-04-13T09:16:24.482118+00:00,2.9815559175542803,0.24121137233737677,,1.0120481927710845,True,True,True,True,all4-early-fusion+ridge-only
2257,2223.0,0.9,2223.0,2223.0,matched,,2025-02-28T06:27:55.474355+00:00,2024-04-13T09:16:24.577960+00:00,2.9815559175542803,0.0,,1.0,True,True,True,True,all4-early-fusion+ridge-only
2258,2224.0,0.9,2224.0,2224.0,matched,,2025-02-28T06:27:55.580880+00:00,2024-04-13T09:16:24.679076+00:00,2.9815559175542803,-0.07465044141908939,,1.0,True,True,True,True,all4-early-fusion+ridge-only
2259,2225.0,0.9,2225.0,2225.0,matched,,2025-02-28T06:27:55.677181+00:00,2024-04-13T09:16:24.778678+00:00,2.9815559175542803,-0.025542581545894283,,1.0,True,True,True,True,all4-early-fusion+ridge-only
2260,2226.0,0.9,2226.0,2226.0,matched,,2025-02-28T06:27:55.774518+00:00,2024-04-13T09:16:24.881310+00:00,2.9815559175542803,0.03231716291740838,,1.0,True,True,True,True,all4-early-fusion+ridge-only
2261,2227.0,0.9,2227.0,2227.0,matched,,2025-02-28T06:27:55.880310+00:00,2024-04-13T09:16:24.980699+00:00,2.9815559175542803,0.0,,1.0,True,True,True,True,all4-early-fusion+ridge-only
2262,2228.0,0.9,2228.0,2228.0,matched,,2025-02-28T06:27:55.974504+00:00,2024-04-13T09:16:25.086884+00:00,2.9884973888940483,0.0065432115125938495,,1.0,True,True,True,True,all4-early-fusion+ridge-only
2263,2229.0,0.9,2229.0,2229.0,matched,,2025-02-28T06:27:56.074365+00:00,2024-04-13T09:16:25.178192+00:00,2.9884973888940483,0.0,,1.0,True,True,True,True,all4-early-fusion+ridge-only
2264,2230.0,0.9,2230.0,2230.0,matched,,2025-02-28T06:27:56.177377+00:00,2024-04-13T09:16:25.280473+00:00,2.99528379265942,0.0,,1.0,True,True,True,True,all4-early-fusion+ridge-only
2265,2231.0,0.9,2231.0,2231.0,matched,,2025-02-28T06:27:56.274158+00:00,2024-04-13T09:16:25.378034+00:00,2.9971800291403725,0.3052054367828516,,1.0,True,True,True,True,all4-early-fusion+ridge-only
2266,2232.0,0.9,2232.0,2232.0,matched,,2025-02-28T06:27:56.378815+00:00,2024-04-13T09:16:25.477689+00:00,2.9862621891231216,0.1152181181062617,,1.0,True,True,True,True,all4-early-fusion+ridge-only
2267,2233.0,0.9,2233.0,2233.0,matched,,2025-02-28T06:27:56.476928+00:00,2024-04-13T09:16:25.579419+00:00,2.981614740027948,0.23670416772849157,,1.0,True,True,True,True,all4-early-fusion+ridge-only
2268,2234.0,0.9,2234.0,2234.0,matched,,2025-02-28T06:27:56.575131+00:00,2024-04-13T09:16:25.683252+00:00,2.9816147400279487,0.20506257222935753,,1.0,True,True,True,True,all4-early-fusion+ridge-only
2269,2235.0,0.9,2235.0,2235.0,matched,,2025-02-28T06:27:56.676821+00:00,2024-04-13T09:16:25.778704+00:00,2.9816147400279487,0.12456566003151481,,1.0,True,True,True,True,all4-early-fusion+ridge-only
2270,2236.0,0.9,2236.0,2236.0,matched,,2025-02-28T06:27:56.774235+00:00,2024-04-13T09:16:25.879035+00:00,2.9816147400279487,-0.004683980255416831,,1.0,True,True,True,True,all4-early-fusion+ridge-only
2271,2237.0,0.9,2237.0,2237.0,matched,,2025-02-28T06:27:56.878826+00:00,2024-04-13T09:16:25.978147+00:00,2.9816147400279487,-0.11756655052755827,,1.0,True,True,True,True,all4-early-fusion+ridge-only
2272,2238.0,0.9,2238.0,2238.0,matched,,2025-02-28T06:27:56.982062+00:00,2024-04-13T09:16:26.077489+00:00,2.9816147400279487,0.08971121042299046,,1.0,True,True,True,True,all4-early-fusion+ridge-only
2273,2239.0,0.9,2239.0,2239.0,matched,,2025-02-28T06:27:57.077226+00:00,2024-04-13T09:16:26.177253+00:00,2.980048769523812,0.2614556210086034,,1.0,True,True,True,True,all4-early-fusion+ridge-only
2274,2240.0,0.9,2240.0,2240.0,matched,,2025-02-28T06:27:57.175606+00:00,2024-04-13T09:16:26.278987+00:00,2.980048769523812,0.15346658047558703,,1.0,True,True,True,True,all4-early-fusion+ridge-only
2275,2241.0,0.9,2241.0,2241.0,matched,,2025-02-28T06:27:57.277363+00:00,2024-04-13T09:16:26.383850+00:00,2.980048769523812,0.25964145508894054,,1.0120481927710845,True,True,True,True,all4-early-fusion+ridge-only
2276,2242.0,0.9,2242.0,2242.0,matched,,2025-02-28T06:27:57.377751+00:00,2024-04-13T09:16:26.481382+00:00,2.9804745859106676,0.0640115172439586,,1.0234263465282283,True,True,True,True,all4-early-fusion+ridge-only
2277,2243.0,0.9,2243.0,2243.0,matched,,2025-02-28T06:27:57.476465+00:00,2024-04-13T09:16:26.580736+00:00,2.9937865804006902,0.0,,1.033996023856859,True,True,True,True,all4-early-fusion+ridge-only
2278,2244.0,0.9,2244.0,2244.0,matched,,2025-02-28T06:27:57.576154+00:00,2024-04-13T09:16:26.678870+00:00,2.998434029495863,0.05114346953887994,,1.0436191762322755,True,True,True,True,all4-early-fusion+ridge-only
2279,2245.0,0.9,2245.0,2245.0,matched,,2025-02-28T06:27:57.678664+00:00,2024-04-13T09:16:26.779952+00:00,2.9682406727058135,0.0,,1.0521619766643788,True,True,True,True,all4-early-fusion+ridge-only
2280,2246.0,0.9,2246.0,2246.0,matched,,2025-02-28T06:27:57.775716+00:00,2024-04-13T09:16:26.878304+00:00,2.960082988956644,0.0,,1.0594989561586639,True,True,True,True,all4-early-fusion+ridge-only
2281,2247.0,0.9,2247.0,2247.0,matched,,2025-02-28T06:27:57.878008+00:00,2024-04-13T09:16:26.980014+00:00,2.960082988956644,0.0,,1.0655172413793104,True,True,True,True,all4-early-fusion+ridge-only
2282,2248.0,0.9,2248.0,2248.0,matched,,2025-02-28T06:27:57.975495+00:00,2024-04-13T09:16:27.078626+00:00,2.960082988956644,0.24033599460610144,,1.0839895013123357,True,True,True,True,all4-early-fusion+ridge-only
2283,2249.0,0.9,2249.0,2249.0,matched,,2025-02-28T06:27:58.079717+00:00,2024-04-13T09:16:27.183228+00:00,2.960082988956644,0.006345551037302943,,1.1006918333584,True,True,True,True,all4-early-fusion+ridge-only
2284,2250.0,0.9,2250.0,2251.0,ambiguous_range,,2025-02-28T06:27:58.176448+00:00,2024-04-13T09:16:27.279167+00:00,2.961648959460781,-0.3321269246905487,,1.126950354609929,True,True,True,True,all4-early-fusion+ridge-only
2285,2252.0,0.9,2252.0,2252.0,matched,,2025-02-28T06:27:58.275862+00:00,2024-04-13T09:16:27.479231+00:00,2.8801610674471188,0.11016777218064,,1.1356799999999998,True,True,True,True,all4-early-fusion+ridge-only
2286,2253.0,0.9,2253.0,2253.0,matched,,2025-02-28T06:27:58.374625+00:00,2024-04-13T09:16:27.582200+00:00,2.8750648514372914,0.0,,1.1571642287234045,True,True,True,True,all4-early-fusion+ridge-only
2287,2254.0,0.9,2254.0,2254.0,matched,,2025-02-28T06:27:58.475399+00:00,2024-04-13T09:16:27.678464+00:00,2.8584953064422995,0.0,,1.1748629198080875,True,True,True,True,all4-early-fusion+ridge-only
2288,2255.0,0.9,2255.0,2255.0,matched,,2025-02-28T06:27:58.578259+00:00,2024-04-13T09:16:27.778952+00:00,2.814516335343148,0.2095456549641055,,1.1879159369527144,True,True,True,True,all4-early-fusion+ridge-only
2289,2256.0,0.9,2256.0,2256.0,matched,,2025-02-28T06:27:58.677180+00:00,2024-04-13T09:16:27.879421+00:00,2.814516335343148,0.0399464902085529,,1.1956367506207877,True,True,True,True,all4-early-fusion+ridge-only
2290,2257.0,0.9,2257.0,2258.0,ambiguous_range,,2025-02-28T06:27:58.775676+00:00,2024-04-13T09:16:27.980181+00:00,2.844709692133198,-0.8963668121502799,,1.2119803063457328,True,True,True,True,all4-early-fusion+ridge-only
2291,2259.0,0.9,2259.0,2259.0,matched,,2025-02-28T06:27:58.874997+00:00,2024-04-13T09:16:28.180038+00:00,2.8262876110438095,-0.0560583761081026,,1.2194423929098965,True,True,True,True,all4-early-fusion+ridge-only
2292,2260.0,0.9,2260.0,2260.0,matched,,2025-02-28T06:27:58.974794+00:00,2024-04-13T09:16:28.278676+00:00,2.81241193419416,-0.18226499494491222,,1.2194423929098965,True,True,True,True,all4-early-fusion+ridge-only
2293,2261.0,0.9,2261.0,2261.0,matched,,2025-02-28T06:27:59.075428+00:00,2024-04-13T09:16:28.381330+00:00,2.758569462018282,-0.4837686820906626,,1.2119803063457328,True,True,True,True,all4-early-fusion+ridge-only
2294,2263.0,0.9,2262.0,2263.0,ambiguous_range,,2025-02-28T06:27:59.174540+00:00,2024-04-13T09:16:28.581161+00:00,2.709248028911731,0.0,,1.237642585551331,True,True,True,True,all4-early-fusion+ridge-only
2295,2264.0,0.9,2264.0,2264.0,matched,,2025-02-28T06:27:59.278482+00:00,2024-04-13T09:16:28.677802+00:00,2.6667435273493036,0.0,,1.2499030632027917,True,True,True,True,all4-early-fusion+ridge-only
2296,2265.0,0.9,2265.0,2265.0,matched,,2025-02-28T06:27:59.375101+00:00,2024-04-13T09:16:28.778457+00:00,2.688320614476609,-0.292377413224135,,1.2540983606557377,True,True,True,True,all4-early-fusion+ridge-only
2297,2266.0,0.9,2266.0,2266.0,matched,,2025-02-28T06:27:59.478543+00:00,2024-04-13T09:16:28.878007+00:00,2.625760594599182,-0.15263244534614895,,1.2499030632027917,True,True,True,True,all4-early-fusion+ridge-only
2298,2268.0,0.9,2267.0,2268.0,ambiguous_range,,2025-02-28T06:27:59.574980+00:00,2024-04-13T09:16:29.078020+00:00,2.622953522815703,-0.5922671939346569,,1.2182320441988947,True,True,True,True,all4-early-fusion+ridge-only
2299,2269.0,0.9,2269.0,2269.0,matched,,2025-02-28T06:27:59.678500+00:00,2024-04-13T09:16:29.183383+00:00,2.666932493914854,-0.5425357641720621,,1.2119803063457328,True,True,True,True,all4-early-fusion+ridge-only
2300,2270.0,0.9,2270.0,2270.0,matched,,2025-02-28T06:27:59.776227+00:00,2024-04-13T09:16:29.282764+00:00,2.64259158799539,-0.4463534364714987,,1.1998390557939917,True,True,True,True,all4-early-fusion+ridge-only
2301,2271.0,0.9,2271.0,2271.0,matched,,2025-02-28T06:27:59.875837+00:00,2024-04-13T09:16:29.381699+00:00,2.6187587652750897,-0.6590188537499202,,1.1824817518248176,True,True,True,True,all4-early-fusion+ridge-only
2302,2273.0,0.9,2272.0,2273.0,ambiguous_range,,2025-02-28T06:27:59.976024+00:00,2024-04-13T09:16:29.577984+00:00,2.6193718133660444,-0.7442185947598019,,1.1358173076923077,True,True,True,True,all4-early-fusion+ridge-only
2303,2274.0,0.9,2274.0,2274.0,matched,,2025-02-28T06:28:00.075698+00:00,2024-04-13T09:16:29.679158+00:00,2.6106735877823897,-0.21314278456317703,,1.1406401551891365,True,True,True,True,all4-early-fusion+ridge-only
2304,2275.0,0.9,2275.0,2275.0,matched,,2025-02-28T06:28:00.177687+00:00,2024-04-13T09:16:29.784322+00:00,2.6313398767303506,0.0,,1.1406401551891365,True,True,True,True,all4-early-fusion+ridge-only
2305,2276.0,0.9,2276.0,2276.0,matched,,2025-02-28T06:28:00.275331+00:00,2024-04-13T09:16:29.883672+00:00,2.6477365693296493,-0.26774996511410665,,1.1358173076923077,True,True,True,True,all4-early-fusion+ridge-only
2306,2277.0,0.9,2277.0,2277.0,matched,,2025-02-28T06:28:00.375748+00:00,2024-04-13T09:16:29.978117+00:00,2.658549730568804,-0.26216104992329825,,1.1264177693761817,True,True,True,True,all4-early-fusion+ridge-only
2307,2278.0,0.9,2278.0,2278.0,matched,,2025-02-28T06:28:00.479050+00:00,2024-04-13T09:16:30.080257+00:00,2.6806245503562924,-0.28563388422364033,,1.1129032258064515,True,True,True,True,all4-early-fusion+ridge-only
2308,2279.0,0.9,2279.0,2279.0,matched,,2025-02-28T06:28:00.578444+00:00,2024-04-13T09:16:30.180972+00:00,2.700738726529575,-0.24831292676635108,,1.1112727829682951,True,True,True,True,all4-early-fusion+ridge-only
2309,2280.0,0.9,2280.0,2280.0,matched,,2025-02-28T06:28:00.675705+00:00,2024-04-13T09:16:30.280687+00:00,2.6732221919121097,-0.36493801550708493,,1.10643789857273,True,True,True,True,all4-early-fusion+ridge-only
2310,2281.0,0.9,2281.0,2281.0,matched,,2025-02-28T06:28:00.782036+00:00,2024-04-13T09:16:30.378475+00:00,2.6273297311594868,-0.1451943649723253,,1.0985630893578804,True,True,True,True,all4-early-fusion+ridge-only
2311,2282.0,0.9,2282.0,2282.0,matched,,2025-02-28T06:28:00.876029+00:00,2024-04-13T09:16:30.477833+00:00,2.60463574359936,-0.04208326488129677,,1.087907249779865,True,True,True,True,all4-early-fusion+ridge-only
2312,2284.0,0.9,2283.0,2284.0,ambiguous_range,,2025-02-28T06:28:00.978014+00:00,2024-04-13T09:16:30.679039+00:00,2.5809148022799517,-0.1499548628220322,,1.0748031496062993,True,True,True,True,all4-early-fusion+ridge-only
2313,2285.0,0.9,2285.0,2285.0,matched,,2025-02-28T06:28:01.074913+00:00,2024-04-13T09:16:30.779313+00:00,2.5453233426522717,-0.21652381092427309,,1.0732334047109207,True,True,True,True,all4-early-fusion+ridge-only
2314,2286.0,0.9,2286.0,2286.0,matched,,2025-02-28T06:28:01.174260+00:00,2024-04-13T09:16:30.880898+00:00,2.516648679855408,-0.34979829896183157,,1.0701206529453513,True,True,True,True,all4-early-fusion+ridge-only
2315,2287.0,0.9,2287.0,2287.0,matched,,2025-02-28T06:28:01.277251+00:00,2024-04-13T09:16:30.981698+00:00,2.475323483181264,-0.2881069874442237,,1.0655172413793104,True,True,True,True,all4-early-fusion+ridge-only
2316,2288.0,0.9,2288.0,2288.0,matched,,2025-02-28T06:28:01.381106+00:00,2024-04-13T09:16:31.080081+00:00,2.4707073118878546,-0.5173838282755008,,1.0594989561586639,True,True,True,True,all4-early-fusion+ridge-only
2317,2289.0,0.9,2289.0,2289.0,matched,,2025-02-28T06:28:01.475509+00:00,2024-04-13T09:16:31.179171+00:00,2.469858583777418,-0.4955177968802422,,1.0521619766643788,True,True,True,True,all4-early-fusion+ridge-only
2318,2290.0,0.9,2290.0,2290.0,matched,,2025-02-28T06:28:01.577654+00:00,2024-04-13T09:16:31.279918+00:00,2.46408109233342,-0.6157796724391895,,1.0436191762322753,True,True,True,True,all4-early-fusion+ridge-only
2319,2291.0,0.9,2291.0,2291.0,matched,,2025-02-28T06:28:01.676495+00:00,2024-04-13T09:16:31.379556+00:00,2.4526788422571695,-0.5637342175318558,,1.033996023856859,True,True,True,True,all4-early-fusion+ridge-only
2320,2292.0,0.9,2292.0,2292.0,matched,,2025-02-28T06:28:01.776876+00:00,2024-04-13T09:16:31.481308+00:00,2.4461298610623614,-0.5815398189950178,,1.0234263465282283,True,True,True,True,all4-early-fusion+ridge-only
2321,2293.0,0.9,2293.0,2293.0,matched,,2025-02-28T06:28:01.875848+00:00,2024-04-13T09:16:31.581664+00:00,2.45865612892371,-0.16978793637622314,,1.0120481927710845,True,True,True,True,all4-early-fusion+ridge-only
2322,2294.0,0.9,2294.0,2294.0,matched,,2025-02-28T06:28:01.974222+00:00,2024-04-13T09:16:31.683042+00:00,2.4598757896885677,-0.16396322559075838,,1.0,True,True,True,True,all4-early-fusion+ridge-only
2323,2295.0,0.9,2295.0,2295.0,matched,,2025-02-28T06:28:02.075468+00:00,2024-04-13T09:16:31.783772+00:00,2.4613107806575343,-0.4797482419715249,,1.0,True,True,True,True,all4-early-fusion+ridge-only
2324,2296.0,0.9,2296.0,2296.0,matched,,2025-02-28T06:28:02.174706+00:00,2024-04-13T09:16:31.880418+00:00,2.48024223337166,-0.6483874076924581,,1.0,True,True,True,True,all4-early-fusion+ridge-only
2325,2297.0,0.9,2297.0,2297.0,matched,,2025-02-28T06:28:02.276043+00:00,2024-04-13T09:16:31.981448+00:00,2.497295996599459,-0.5878634584981794,,1.0,True,True,True,True,all4-early-fusion+ridge-only
2326,2298.0,0.9,2298.0,2298.0,matched,,2025-02-28T06:28:02.379083+00:00,2024-04-13T09:16:32.082084+00:00,2.547588620922172,-0.367028121804021,,1.0,True,True,True,True,all4-early-fusion+ridge-only
2327,2299.0,0.9,2299.0,2299.0,matched,,2025-02-28T06:28:02.474145+00:00,2024-04-13T09:16:32.179236+00:00,2.5624473396418783,-0.503967559862065,,1.0,True,True,True,True,all4-early-fusion+ridge-only
2328,2300.0,0.9,2300.0,2300.0,matched,,2025-02-28T06:28:02.574473+00:00,2024-04-13T09:16:32.277665+00:00,2.5747221806175618,-0.5073065037781532,,1.0,True,True,True,True,all4-early-fusion+ridge-only
2329,2301.0,0.9,2301.0,2301.0,matched,,2025-02-28T06:28:02.677288+00:00,2024-04-13T09:16:32.377646+00:00,2.581707977150693,-0.46889396027274133,,1.0,True,True,True,True,all4-early-fusion+ridge-only
2330,2302.0,0.9,2302.0,2302.0,matched,,2025-02-28T06:28:02.775176+00:00,2024-04-13T09:16:32.479494+00:00,2.623699267970432,-0.3761428220260692,,1.0,True,True,True,True,all4-early-fusion+ridge-only
2331,2303.0,0.9,2303.0,2303.0,matched,,2025-02-28T06:28:02.875291+00:00,2024-04-13T09:16:32.578688+00:00,2.6741682120394943,-0.2662963113728205,,1.0,True,True,True,True,all4-early-fusion+ridge-only
2332,2304.0,0.9,2304.0,2304.0,matched,,2025-02-28T06:28:02.974779+00:00,2024-04-13T09:16:32.680744+00:00,2.707534404930769,-0.18671243815179395,,1.0,True,True,True,True,all4-early-fusion+ridge-only
2333,2305.0,0.9,2305.0,2305.0,matched,,2025-02-28T06:28:03.074777+00:00,2024-04-13T09:16:32.782231+00:00,2.7533496376455022,-0.2104686140469907,,1.0,True,True,True,True,all4-early-fusion+ridge-only
2334,2306.0,0.9,2306.0,2306.0,matched,,2025-02-28T06:28:03.176194+00:00,2024-04-13T09:16:32.879645+00:00,2.7994684107162437,-0.4029044801070758,,1.0,True,True,True,True,all4-early-fusion+ridge-only
2335,2307.0,0.9,2307.0,2307.0,matched,,2025-02-28T06:28:03.274531+00:00,2024-04-13T09:16:32.980239+00:00,2.8420951343774017,-0.18648320867533563,,1.0,True,True,True,True,all4-early-fusion+ridge-only
2336,2308.0,0.9,2308.0,2308.0,matched,,2025-02-28T06:28:03.374255+00:00,2024-04-13T09:16:33.080805+00:00,2.876289936379772,-0.03270507373848908,,1.0,True,True,True,True,all4-early-fusion+ridge-only
2337,2309.0,0.9,2309.0,2309.0,matched,,2025-02-28T06:28:03.475011+00:00,2024-04-13T09:16:33.178171+00:00,2.900498691959119,0.052130398595186644,,1.0,True,True,True,True,all4-early-fusion+ridge-only
2338,2310.0,0.9,2310.0,2310.0,matched,,2025-02-28T06:28:03.574789+00:00,2024-04-13T09:16:33.280111+00:00,2.923180885040074,0.11162248781865935,,1.0,True,True,True,True,all4-early-fusion+ridge-only
2339,2311.0,0.9,2311.0,2311.0,matched,,2025-02-28T06:28:03.675726+00:00,2024-04-13T09:16:33.379670+00:00,2.9434461124981,0.19147728544431608,,1.0,True,True,True,True,all4-early-fusion+ridge-only
2340,2312.0,0.9,2312.0,2312.0,matched,,2025-02-28T06:28:03.776193+00:00,2024-04-13T09:16:33.482290+00:00,2.980073792507834,0.0,,1.0120481927710845,True,True,True,True,all4-early-fusion+ridge-only
2341,2313.0,0.9,2313.0,2313.0,matched,,2025-02-28T06:28:03.878749+00:00,2024-04-13T09:16:33.580927+00:00,2.997026811478319,0.006753291721294907,,1.0234263465282283,True,True,True,True,all4-early-fusion+ridge-only
2342,2314.0,0.9,2314.0,2314.0,matched,,2025-02-28T06:28:03.978805+00:00,2024-04-13T09:16:33.679184+00:00,3.0,0.0,,1.033996023856859,True,True,True,True,all4-early-fusion+ridge-only
2343,2315.0,0.9,2315.0,2315.0,matched,,2025-02-28T06:28:04.081456+00:00,2024-04-13T09:16:33.781276+00:00,3.0,0.0,,1.0555247853780116,True,True,True,True,all4-early-fusion+ridge-only
2344,2316.0,0.9,2316.0,2316.0,matched,,2025-02-28T06:28:04.180165+00:00,2024-04-13T09:16:33.880410+00:00,3.0,0.0,,1.0761856710393543,True,True,True,True,all4-early-fusion+ridge-only
2345,2317.0,0.9,2317.0,2317.0,matched,,2025-02-28T06:28:04.275354+00:00,2024-04-13T09:16:33.977893+00:00,3.0,0.21395302824839524,,1.0955156950672644,True,True,True,True,all4-early-fusion+ridge-only
2346,2318.0,0.9,2318.0,2318.0,matched,,2025-02-28T06:28:04.375554+00:00,2024-04-13T09:16:34.080321+00:00,3.0,0.0,,1.1130226816849254,True,True,True,True,all4-early-fusion+ridge-only
2347,2319.0,0.9,2319.0,2319.0,matched,,2025-02-28T06:28:04.474469+00:00,2024-04-13T09:16:34.178569+00:00,3.0,0.12480025262599215,,1.1282091917591126,True,True,True,True,all4-early-fusion+ridge-only
2348,2320.0,0.9,2320.0,2320.0,matched,,2025-02-28T06:28:04.581076+00:00,2024-04-13T09:16:34.277839+00:00,3.0,0.08023795669507017,,1.1406022340942203,True,True,True,True,all4-early-fusion+ridge-only
2349,2321.0,0.9,2321.0,2322.0,ambiguous_range,,2025-02-28T06:28:04.678499+00:00,2024-04-13T09:16:34.380740+00:00,3.0,0.0,,1.1554356846473028,True,True,True,True,all4-early-fusion+ridge-only
2350,2323.0,0.9,2323.0,2323.0,matched,,2025-02-28T06:28:04.775126+00:00,2024-04-13T09:16:34.579902+00:00,3.0,0.0,,1.1573426573426573,True,True,True,True,all4-early-fusion+ridge-only
2351,2324.0,0.9,2324.0,2325.0,ambiguous_range,,2025-02-28T06:28:04.880939+00:00,2024-04-13T09:16:34.680881+00:00,3.0,0.11055234504458777,,1.149786254521539,True,True,True,True,all4-early-fusion+ridge-only
2352,2326.0,0.9,2326.0,2326.0,matched,,2025-02-28T06:28:04.974165+00:00,2024-04-13T09:16:34.884105+00:00,3.0,0.0,,1.1406022340942203,True,True,True,True,all4-early-fusion+ridge-only
2353,2327.0,0.9,2327.0,2327.0,matched,,2025-02-28T06:28:05.075922+00:00,2024-04-13T09:16:34.985641+00:00,3.0,0.12457184892417006,,1.1282091917591126,True,True,True,True,all4-early-fusion+ridge-only
2354,2328.0,0.9,2328.0,2328.0,matched,,2025-02-28T06:28:05.174580+00:00,2024-04-13T09:16:35.082771+00:00,3.0,0.046227564886295536,,1.1130226816849254,True,True,True,True,all4-early-fusion+ridge-only
2355,2329.0,0.9,2329.0,2329.0,matched,,2025-02-28T06:28:05.275190+00:00,2024-04-13T09:16:35.185601+00:00,3.0,0.049383967877902446,,1.0955156950672644,True,True,True,True,all4-early-fusion+ridge-only
2356,2330.0,0.9,2330.0,2330.0,matched,,2025-02-28T06:28:05.374890+00:00,2024-04-13T09:16:35.281596+00:00,3.0,0.22064733864158148,,1.0761856710393543,True,True,True,True,all4-early-fusion+ridge-only
2357,2331.0,0.9,2331.0,2331.0,matched,,2025-02-28T06:28:05.475606+00:00,2024-04-13T09:16:35.379178+00:00,2.999123646409233,0.0,,1.0555247853780116,True,True,True,True,all4-early-fusion+ridge-only
2358,2332.0,0.9,2332.0,2332.0,matched,,2025-02-28T06:28:05.579361+00:00,2024-04-13T09:16:35.482955+00:00,2.999123646409233,0.09600740461499502,,1.033996023856859,True,True,True,True,all4-early-fusion+ridge-only
2359,2333.0,0.9,2333.0,2333.0,matched,,2025-02-28T06:28:05.676161+00:00,2024-04-13T09:16:35.581798+00:00,2.999123646409233,0.0,,1.0234263465282283,True,True,True,True,all4-early-fusion+ridge-only
2360,2334.0,0.9,2334.0,2334.0,matched,,2025-02-28T06:28:05.774709+00:00,2024-04-13T09:16:35.678567+00:00,2.999123646409233,0.0,,1.0120481927710845,True,True,True,True,all4-early-fusion+ridge-only
2361,2335.0,0.9,2335.0,2335.0,matched,,2025-02-28T06:28:05.874507+00:00,2024-04-13T09:16:35.778994+00:00,2.999123646409233,0.0,,1.0,True,True,True,True,all4-early-fusion+ridge-only
2362,2336.0,0.9,2336.0,2336.0,matched,,2025-02-28T06:28:05.976263+00:00,2024-04-13T09:16:35.879668+00:00,2.999123646409233,-0.009639889498436638,,1.0,True,True,True,True,all4-early-fusion+ridge-only
2363,2337.0,0.9,2337.0,2337.0,matched,,2025-02-28T06:28:06.078769+00:00,2024-04-13T09:16:35.983279+00:00,2.9914323489088472,0.0,,1.0,True,True,True,True,all4-early-fusion+ridge-only
2364,2338.0,0.9,2338.0,2338.0,matched,,2025-02-28T06:28:06.178568+00:00,2024-04-13T09:16:36.080364+00:00,2.9850800233954478,0.13191688530874623,,1.0120481927710845,True,True,True,True,all4-early-fusion+ridge-only
2365,2339.0,0.9,2339.0,2339.0,matched,,2025-02-28T06:28:06.276480+00:00,2024-04-13T09:16:36.178122+00:00,2.9850800233954478,0.36005626675635893,,1.0234263465282283,True,True,True,True,all4-early-fusion+ridge-only
2366,2340.0,0.9,2340.0,2340.0,matched,,2025-02-28T06:28:06.374726+00:00,2024-04-13T09:16:36.278049+00:00,2.9850800233954478,0.16934031724417675,,1.033996023856859,True,True,True,True,all4-early-fusion+ridge-only
2367,2341.0,0.9,2341.0,2341.0,matched,,2025-02-28T06:28:06.476023+00:00,2024-04-13T09:16:36.381502+00:00,2.9850800233954478,0.0,,1.0555247853780116,True,True,True,True,all4-early-fusion+ridge-only
2368,2342.0,0.9,2342.0,2342.0,matched,,2025-02-28T06:28:06.576276+00:00,2024-04-13T09:16:36.483001+00:00,2.985956376986216,-0.08460427250424285,,1.0869019492025986,True,True,True,True,all4-early-fusion+ridge-only
2369,2343.0,0.9,2343.0,2343.0,matched,,2025-02-28T06:28:06.675217+00:00,2024-04-13T09:16:36.579917+00:00,2.985956376986216,-0.03453730903412877,,1.1278901734104045,True,True,True,True,all4-early-fusion+ridge-only
2370,2344.0,0.9,2344.0,2344.0,matched,,2025-02-28T06:28:06.775107+00:00,2024-04-13T09:16:36.677861+00:00,2.985956376986216,0.19743801644185144,,1.170114742698192,True,True,True,True,all4-early-fusion+ridge-only
2371,2345.0,0.9,2345.0,2345.0,matched,,2025-02-28T06:28:06.875460+00:00,2024-04-13T09:16:36.782031+00:00,2.985956376986216,0.2711252253779364,,1.212294161676647,True,True,True,True,all4-early-fusion+ridge-only
2372,2346.0,0.9,2346.0,2346.0,matched,,2025-02-28T06:28:06.977861+00:00,2024-04-13T09:16:36.878283+00:00,2.985956376986216,0.11063057340184823,,1.2526978417266188,True,True,True,True,all4-early-fusion+ridge-only
2373,2347.0,0.9,2347.0,2348.0,ambiguous_range,,2025-02-28T06:28:07.076780+00:00,2024-04-13T09:16:36.980366+00:00,2.985956376986216,0.0,,1.319456713780919,True,True,True,True,all4-early-fusion+ridge-only
2374,2349.0,0.9,2349.0,2349.0,matched,,2025-02-28T06:28:07.174101+00:00,2024-04-13T09:16:37.184112+00:00,2.993647674486601,0.0,,1.3411885245901638,True,True,True,True,all4-early-fusion+ridge-only
2375,2350.0,0.9,2350.0,2353.0,ambiguous_range,,2025-02-28T06:28:07.274504+00:00,2024-04-13T09:16:37.280521+00:00,3.0,0.0,,1.3194567137809188,True,True,True,True,all4-early-fusion+ridge-only
2376,2354.0,0.9,2354.0,2354.0,matched,,2025-02-28T06:28:07.376204+00:00,2024-04-13T09:16:37.677752+00:00,3.0,0.0,,1.2892011834319528,True,True,True,True,all4-early-fusion+ridge-only
2377,2355.0,0.9,2355.0,2355.0,matched,,2025-02-28T06:28:07.477785+00:00,2024-04-13T09:16:37.778513+00:00,3.0,0.0,,1.2526978417266188,True,True,True,True,all4-early-fusion+ridge-only
2378,2356.0,0.9,2356.0,2356.0,matched,,2025-02-28T06:28:07.574893+00:00,2024-04-13T09:16:37.878335+00:00,3.0,0.0,,1.212294161676647,True,True,True,True,all4-early-fusion+ridge-only
2379,2357.0,0.9,2357.0,2357.0,matched,,2025-02-28T06:28:07.679427+00:00,2024-04-13T09:16:37.978888+00:00,3.0,0.22213018450088073,,1.170114742698192,True,True,True,True,all4-early-fusion+ridge-only
2380,2358.0,0.9,2358.0,2358.0,matched,,2025-02-28T06:28:07.778858+00:00,2024-04-13T09:16:38.077878+00:00,3.0,0.22668606032874505,,1.1278901734104045,True,True,True,True,all4-early-fusion+ridge-only
2381,2359.0,0.9,2359.0,2359.0,matched,,2025-02-28T06:28:07.875850+00:00,2024-04-13T09:16:38.177728+00:00,3.0,0.11675345750643462,,1.1130163678877631,True,True,True,True,all4-early-fusion+ridge-only
2382,2360.0,0.9,2360.0,2360.0,matched,,2025-02-28T06:28:07.977707+00:00,2024-04-13T09:16:38.284751+00:00,3.0,0.0,,1.107390300230947,True,True,True,True,all4-early-fusion+ridge-only
2383,2361.0,0.9,2361.0,2361.0,matched,,2025-02-28T06:28:08.078325+00:00,2024-04-13T09:16:38.381997+00:00,3.0,0.0,,1.0965439519158526,True,True,True,True,all4-early-fusion+ridge-only
2384,2362.0,0.9,2362.0,2362.0,matched,,2025-02-28T06:28:08.175389+00:00,2024-04-13T09:16:38.485658+00:00,3.0,0.0,,1.1029882604055496,True,True,True,True,all4-early-fusion+ridge-only
2385,2363.0,0.9,2363.0,2363.0,matched,,2025-02-28T06:28:08.274474+00:00,2024-04-13T09:16:38.578197+00:00,3.0,0.0080090757236575,,1.1185680566483085,True,True,True,True,all4-early-fusion+ridge-only
2386,2364.0,0.9,2364.0,2364.0,matched,,2025-02-28T06:28:08.374286+00:00,2024-04-13T09:16:38.681781+00:00,2.9845450476940742,0.0,,1.1606960081883315,True,True,True,True,all4-early-fusion+ridge-only
2387,2365.0,0.9,2365.0,2365.0,matched,,2025-02-28T06:28:08.480813+00:00,2024-04-13T09:16:38.784901+00:00,2.9604709216807734,0.0,,1.2031451167923486,True,True,True,True,all4-early-fusion+ridge-only
2388,2366.0,0.9,2366.0,2366.0,matched,,2025-02-28T06:28:08.577671+00:00,2024-04-13T09:16:38.881120+00:00,2.9018364020167353,0.0,,1.244291338582677,True,True,True,True,all4-early-fusion+ridge-only
2389,2367.0,0.9,2367.0,2367.0,matched,,2025-02-28T06:28:08.675035+00:00,2024-04-13T09:16:38.978361+00:00,2.821777947397748,0.0,,1.282091421415153,True,True,True,True,all4-early-fusion+ridge-only
2390,2368.0,0.9,2368.0,2370.0,ambiguous_range,,2025-02-28T06:28:08.775244+00:00,2024-04-13T09:16:39.078743+00:00,2.7524063577412496,0.0,,1.377543691644721,True,True,True,True,all4-early-fusion+ridge-only
2391,2371.0,0.9,2371.0,2372.0,ambiguous_range,,2025-02-28T06:28:08.875189+00:00,2024-04-13T09:16:39.382046+00:00,2.69197768491015,-0.1700044753651797,,1.4481803797468353,True,True,True,True,all4-early-fusion+ridge-only
2392,2373.0,0.9,2373.0,2374.0,ambiguous_range,,2025-02-28T06:28:08.974432+00:00,2024-04-13T09:16:39.582152+00:00,2.6370733185175266,-0.26481538614631317,,1.513812949640288,True,True,True,True,all4-early-fusion+ridge-only
2393,2375.0,0.9,2375.0,2375.0,matched,,2025-02-28T06:28:09.074446+00:00,2024-04-13T09:16:39.781922+00:00,2.602184349743391,-0.6449797163044177,,1.5327337068711298,True,True,True,True,all4-early-fusion+ridge-only
2394,2376.0,0.9,2376.0,2376.0,matched,,2025-02-28T06:28:09.174239+00:00,2024-04-13T09:16:39.878987+00:00,2.574528001280019,-0.8806430008088624,,1.5295154185022026,True,True,True,True,all4-early-fusion+ridge-only
2395,2377.0,0.9,2377.0,2377.0,matched,,2025-02-28T06:28:09.279678+00:00,2024-04-13T09:16:39.978293+00:00,2.555914974606577,-0.7476195835808328,,1.5350695472033147,True,True,True,True,all4-early-fusion+ridge-only
2396,2378.0,0.9,2378.0,2378.0,matched,,2025-02-28T06:28:09.378727+00:00,2024-04-13T09:16:40.077633+00:00,2.5444179724108524,-0.3605045619969127,,1.5186577957766851,True,True,True,True,all4-early-fusion+ridge-only
2397,2380.0,0.9,2379.0,2380.0,ambiguous_range,,2025-02-28T06:28:09.478076+00:00,2024-04-13T09:16:40.286045+00:00,2.5125232669995223,-0.44937905602315276,,1.5046728971962617,True,True,True,True,all4-early-fusion+ridge-only
2398,2382.0,0.9,2381.0,2382.0,ambiguous_range,,2025-02-28T06:28:09.575492+00:00,2024-04-13T09:16:40.478519+00:00,2.4709156945468838,0.004505857438037442,,1.5425500149298301,True,True,True,True,all4-early-fusion+ridge-only
2399,2384.0,0.9,2383.0,2384.0,ambiguous_range,,2025-02-28T06:28:09.674669+00:00,2024-04-13T09:16:40.680872+00:00,2.453267997476205,0.061514956165936496,,1.6180441224892983,True,True,True,True,all4-early-fusion+ridge-only
2400,2385.0,0.9,2385.0,2385.0,matched,,2025-02-28T06:28:09.779554+00:00,2024-04-13T09:16:40.777515+00:00,2.4348670801351355,0.1358267654681251,,1.6644120707596255,True,True,True,True,all4-early-fusion+ridge-only
2401,2387.0,0.9,2386.0,2387.0,ambiguous_range,,2025-02-28T06:28:09.875674+00:00,2024-04-13T09:16:40.979922+00:00,2.401628250509272,-0.12646702415296485,,1.66887417218543,True,True,True,True,all4-early-fusion+ridge-only
2402,2388.0,0.9,2388.0,2389.0,ambiguous_range,,2025-02-28T06:28:09.975261+00:00,2024-04-13T09:16:41.083730+00:00,2.368349333962858,-0.5208462348898082,,1.6387487386478308,True,True,True,True,all4-early-fusion+ridge-only
2403,2390.0,0.9,2390.0,2391.0,ambiguous_range,,2025-02-28T06:28:10.076421+00:00,2024-04-13T09:16:41.278412+00:00,2.323809687198319,-0.7224986831253379,,1.6070390700678074,True,True,True,True,all4-early-fusion+ridge-only
2404,2392.0,0.9,2392.0,2393.0,ambiguous_range,,2025-02-28T06:28:10.175414+00:00,2024-04-13T09:16:41.480689+00:00,2.2617525400899448,-0.8391043840818839,,1.6304565144951684,True,True,True,True,all4-early-fusion+ridge-only
2405,2394.0,0.9,2394.0,2394.0,matched,,2025-02-28T06:28:10.278812+00:00,2024-04-13T09:16:41.679129+00:00,2.1768203551745904,-1.083053091560629,,1.6588541666666667,True,True,True,True,all4-early-fusion+ridge-only
2406,2395.0,0.9,2395.0,2395.0,matched,,2025-02-28T06:28:10.378084+00:00,2024-04-13T09:16:41.778271+00:00,2.082081290614196,-1.1287146121059735,,1.7234647460197114,True,True,True,True,all4-early-fusion+ridge-only
2407,2396.0,0.9,2396.0,2396.0,matched,,2025-02-28T06:28:10.475771+00:00,2024-04-13T09:16:41.879095+00:00,1.9727162768794786,-1.0307834831526503,,1.7847394540942931,True,True,True,True,all4-early-fusion+ridge-only
2408,2397.0,0.9,2397.0,2398.0,ambiguous_range,,2025-02-28T06:28:10.577127+00:00,2024-04-13T09:16:41.983548+00:00,1.9071704673353316,-1.0938841447287992,,1.867626886145405,True,True,True,True,all4-early-fusion+ridge-only
2409,2400.0,0.9,2399.0,2400.0,ambiguous_range,,2025-02-28T06:28:10.674462+00:00,2024-04-13T09:16:42.280989+00:00,1.8731258340570407,-0.9279346439618379,,1.8833643122676575,True,True,True,True,all4-early-fusion+ridge-only
2410,2401.0,0.9,2401.0,2406.0,ambiguous_range,,2025-02-28T06:28:10.774601+00:00,2024-04-13T09:16:42.378989+00:00,1.8491421137357449,-1.0850601553337986,,1.858828869723105,True,True,True,True,all4-early-fusion+ridge-only
2411,2407.0,0.9,2407.0,2407.0,matched,,2025-02-28T06:28:10.878670+00:00,2024-04-13T09:16:42.978025+00:00,1.8701155024998994,-1.1854183282478452,,1.8158236057068742,True,True,True,True,all4-early-fusion+ridge-only
2412,2408.0,0.9,2408.0,2408.0,matched,,2025-02-28T06:28:10.975462+00:00,2024-04-13T09:16:43.078071+00:00,1.8914363020445053,-1.0183564930019993,,1.7410185550730357,True,True,True,True,all4-early-fusion+ridge-only
2413,2409.0,0.9,2409.0,2409.0,matched,,2025-02-28T06:28:11.076068+00:00,2024-04-13T09:16:43.180620+00:00,1.8852394689434873,-1.0771420898837298,,1.6695038029699383,True,True,True,True,all4-early-fusion+ridge-only
2414,2411.0,0.9,2410.0,2411.0,ambiguous_range,,2025-02-28T06:28:11.175613+00:00,2024-04-13T09:16:43.379283+00:00,1.8861346045156382,-1.061854597402808,,1.5069868995633189,True,True,True,True,all4-early-fusion+ridge-only
2415,2412.0,0.9,2412.0,2412.0,matched,,2025-02-28T06:28:11.275547+00:00,2024-04-13T09:16:43.478244+00:00,1.8969537982212905,-0.5706975503976572,,1.4272633479494452,True,True,True,True,all4-early-fusion+ridge-only
2416,2414.0,0.9,2413.0,2414.0,ambiguous_range,,2025-02-28T06:28:11.376043+00:00,2024-04-13T09:16:43.680140+00:00,1.9212977734222088,-0.8226619733631519,,1.3024809160305342,True,True,True,True,all4-early-fusion+ridge-only
2417,2415.0,0.9,2415.0,2415.0,matched,,2025-02-28T06:28:11.479512+00:00,2024-04-13T09:16:43.779116+00:00,1.927045669435074,-0.8941858171153081,,1.257596685082873,True,True,True,True,all4-early-fusion+ridge-only
2418,2416.0,0.9,2416.0,2417.0,ambiguous_range,,2025-02-28T06:28:11.575525+00:00,2024-04-13T09:16:43.882007+00:00,1.948871392843872,-1.0989486472638532,,1.2061068702290076,True,True,True,True,all4-early-fusion+ridge-only
2419,2418.0,0.9,2418.0,2418.0,matched,,2025-02-28T06:28:11.680796+00:00,2024-04-13T09:16:44.078135+00:00,1.959584989628351,-1.0840376534351355,,1.182581322140609,True,True,True,True,all4-early-fusion+ridge-only
2420,2419.0,0.9,2419.0,2419.0,matched,,2025-02-28T06:28:11.774433+00:00,2024-04-13T09:16:44.182570+00:00,1.9528467094390516,-0.9473961439454301,,1.1743063932448734,True,True,True,True,all4-early-fusion+ridge-only
2421,2420.0,0.9,2420.0,2420.0,matched,,2025-02-28T06:28:11.875252+00:00,2024-04-13T09:16:44.284425+00:00,1.924206476176285,-0.761245620111874,,1.1757387247278381,True,True,True,True,all4-early-fusion+ridge-only
2422,2421.0,0.9,2421.0,2421.0,matched,,2025-02-28T06:28:11.974341+00:00,2024-04-13T09:16:44.380564+00:00,1.868718355583069,-1.120317983761321,,1.1700564006152794,True,True,True,True,all4-early-fusion+ridge-only
2423,2422.0,0.9,2422.0,2422.0,matched,,2025-02-28T06:28:12.077095+00:00,2024-04-13T09:16:44.483693+00:00,1.77038011575382,-1.0893992177380776,,1.1732851985559567,True,True,True,True,all4-early-fusion+ridge-only
2424,2423.0,0.9,2423.0,2423.0,matched,,2025-02-28T06:28:12.175501+00:00,2024-04-13T09:16:44.580675+00:00,1.7629989737754415,-0.918415588880114,,1.1700564006152794,True,True,True,True,all4-early-fusion+ridge-only
2425,2424.0,0.9,2424.0,2424.0,matched,,2025-02-28T06:28:12.278438+00:00,2024-04-13T09:16:44.687509+00:00,1.7539497303116998,-1.0571155063673716,,1.1605912985049558,True,True,True,True,all4-early-fusion+ridge-only
2426,2425.0,0.9,2425.0,2425.0,matched,,2025-02-28T06:28:12.376541+00:00,2024-04-13T09:16:44.786468+00:00,1.7255593950120713,-1.4179678735065726,,1.1623420387531593,True,True,True,True,all4-early-fusion+ridge-only
2427,2426.0,0.9,2426.0,2426.0,matched,,2025-02-28T06:28:12.477766+00:00,2024-04-13T09:16:44.879076+00:00,1.712444586388395,-1.4627151416803068,,1.1588511137162956,True,True,True,True,all4-early-fusion+ridge-only
2428,2427.0,0.9,2427.0,2427.0,matched,,2025-02-28T06:28:12.578010+00:00,2024-04-13T09:16:44.978607+00:00,1.7016138544412391,-1.9157474677210748,,1.1503052301600394,True,True,True,True,all4-early-fusion+ridge-only
2429,2430.0,0.9,2428.0,2430.0,ambiguous_range,,2025-02-28T06:28:12.675419+00:00,2024-04-13T09:16:45.287909+00:00,1.6699931957228673,-1.15175946187621,,1.155979347101932,True,True,True,True,all4-early-fusion+ridge-only
2430,2431.0,0.9,2431.0,2431.0,matched,,2025-02-28T06:28:12.774100+00:00,2024-04-13T09:16:45.378497+00:00,1.635861263522745,-1.183579331536295,,1.1503052301600394,True,True,True,True,all4-early-fusion+ridge-only
2431,2432.0,0.9,2432.0,2432.0,matched,,2025-02-28T06:28:12.874388+00:00,2024-04-13T09:16:45.477898+00:00,1.599821997119367,-1.2370747646765692,,1.1410818713450293,True,True,True,True,all4-early-fusion+ridge-only
2432,2433.0,0.9,2433.0,2433.0,matched,,2025-02-28T06:28:12.974384+00:00,2024-04-13T09:16:45.577655+00:00,1.6103336528666654,-1.053882025750475,,1.128637303227858,True,True,True,True,all4-early-fusion+ridge-only
2433,2434.0,0.9,2434.0,2434.0,matched,,2025-02-28T06:28:13.074306+00:00,2024-04-13T09:16:45.679409+00:00,1.6186485198322993,-1.3027841988494053,,1.113390092879257,True,True,True,True,all4-early-fusion+ridge-only
2434,2435.0,0.9,2435.0,2435.0,matched,,2025-02-28T06:28:13.174135+00:00,2024-04-13T09:16:45.778973+00:00,1.663951285132517,-1.4372264636401633,,1.0958164642375168,True,True,True,True,all4-early-fusion+ridge-only
2435,2436.0,0.9,2436.0,2436.0,matched,,2025-02-28T06:28:13.274308+00:00,2024-04-13T09:16:45.880469+00:00,1.6209979938539334,-1.4994518294475043,,1.076417004048583,True,True,True,True,all4-early-fusion+ridge-only
2436,2437.0,0.9,2437.0,2437.0,matched,,2025-02-28T06:28:13.374164+00:00,2024-04-13T09:16:45.982194+00:00,1.575117416538873,-1.306052561745312,,1.0700827861832714,True,True,True,True,all4-early-fusion+ridge-only
2437,2438.0,0.9,2438.0,2438.0,matched,,2025-02-28T06:28:13.475007+00:00,2024-04-13T09:16:46.078628+00:00,1.5586716640857758,-1.0633949485250456,,1.0602797202797205,True,True,True,True,all4-early-fusion+ridge-only
2438,2439.0,0.9,2439.0,2439.0,matched,,2025-02-28T06:28:13.574555+00:00,2024-04-13T09:16:46.177918+00:00,1.5420558069135246,-1.3712516050583365,,1.0474278715296679,True,True,True,True,all4-early-fusion+ridge-only
2439,2440.0,0.9,2440.0,2440.0,matched,,2025-02-28T06:28:13.675382+00:00,2024-04-13T09:16:46.284095+00:00,1.5279227833620632,-1.4775760369346516,,1.0436191762322755,True,True,True,True,all4-early-fusion+ridge-only
2440,2441.0,0.9,2441.0,2441.0,matched,,2025-02-28T06:28:13.775598+00:00,2024-04-13T09:16:46.380300+00:00,1.530643066885922,-1.6526274130904346,,1.0521619766643788,True,True,True,True,all4-early-fusion+ridge-only
2441,2442.0,0.9,2442.0,2442.0,matched,,2025-02-28T06:28:13.874205+00:00,2024-04-13T09:16:46.479382+00:00,1.5340186316400675,-1.6882656820019613,,1.0594989561586639,True,True,True,True,all4-early-fusion+ridge-only
2442,2443.0,0.9,2443.0,2443.0,matched,,2025-02-28T06:28:13.974416+00:00,2024-04-13T09:16:46.578298+00:00,1.5445621019759685,-1.4405931092254132,,1.0655172413793104,True,True,True,True,all4-early-fusion+ridge-only
2443,2444.0,0.9,2444.0,2444.0,matched,,2025-02-28T06:28:14.078285+00:00,2024-04-13T09:16:46.687421+00:00,1.5410799717594033,-1.2977274637110872,,1.070120652945351,True,True,True,True,all4-early-fusion+ridge-only
2444,2445.0,0.9,2445.0,2445.0,matched,,2025-02-28T06:28:14.175112+00:00,2024-04-13T09:16:46.780729+00:00,1.5832257032428523,-1.4131290833868542,,1.0732334047109207,True,True,True,True,all4-early-fusion+ridge-only
2445,2447.0,0.9,2446.0,2447.0,ambiguous_range,,2025-02-28T06:28:14.278388+00:00,2024-04-13T09:16:46.979105+00:00,1.6639178525518423,-1.2888850093538788,,1.0894039735099337,True,True,True,True,all4-early-fusion+ridge-only
2446,2448.0,0.9,2448.0,2448.0,matched,,2025-02-28T06:28:14.378491+00:00,2024-04-13T09:16:47.079122+00:00,1.7758756009363155,-1.462320617151909,,1.101685985247629,True,True,True,True,all4-early-fusion+ridge-only
2447,2449.0,0.9,2449.0,2449.0,matched,,2025-02-28T06:28:14.479318+00:00,2024-04-13T09:16:47.178596+00:00,1.8879121550636413,-1.424791407809511,,1.1112727829682951,True,True,True,True,all4-early-fusion+ridge-only
2448,2450.0,0.9,2450.0,2450.0,matched,,2025-02-28T06:28:14.580479+00:00,2024-04-13T09:16:47.280169+00:00,1.9602593384619036,-1.198167737734491,,1.1178521617852164,True,True,True,True,all4-early-fusion+ridge-only
2449,2451.0,0.9,2451.0,2451.0,matched,,2025-02-28T06:28:14.681861+00:00,2024-04-13T09:16:47.383907+00:00,2.0300613833770744,-0.797303516667542,,1.1212003117692908,True,True,True,True,all4-early-fusion+ridge-only
2450,2452.0,0.9,2452.0,2452.0,matched,,2025-02-28T06:28:14.776602+00:00,2024-04-13T09:16:47.483549+00:00,2.1214479362305507,-0.21818340913852197,,1.1212003117692908,True,True,True,True,all4-early-fusion+ridge-only
2451,2453.0,0.9,2453.0,2453.0,matched,,2025-02-28T06:28:14.876499+00:00,2024-04-13T09:16:47.580142+00:00,2.2424725359325826,-0.30003947735314895,,1.1178521617852164,True,True,True,True,all4-early-fusion+ridge-only
2452,2454.0,0.9,2454.0,2454.0,matched,,2025-02-28T06:28:14.974990+00:00,2024-04-13T09:16:47.679189+00:00,2.3754107738554833,-0.3245153430359742,,1.1112727829682951,True,True,True,True,all4-early-fusion+ridge-only
2453,2455.0,0.9,2455.0,2455.0,matched,,2025-02-28T06:28:15.079805+00:00,2024-04-13T09:16:47.778056+00:00,2.50737118185649,-0.2605964154902969,,1.101685985247629,True,True,True,True,all4-early-fusion+ridge-only
2454,2456.0,0.9,2456.0,2457.0,ambiguous_range,,2025-02-28T06:28:15.178468+00:00,2024-04-13T09:16:47.882220+00:00,2.629247826644536,-0.3719623940576682,,1.1030943396226416,True,True,True,True,all4-early-fusion+ridge-only
2455,2458.0,0.9,2458.0,2458.0,matched,,2025-02-28T06:28:15.275161+00:00,2024-04-13T09:16:48.080756+00:00,2.652464181215311,-0.4529953765272472,,1.1143715341959333,True,True,True,True,all4-early-fusion+ridge-only
2456,2459.0,0.9,2459.0,2459.0,matched,,2025-02-28T06:28:15.378139+00:00,2024-04-13T09:16:48.180432+00:00,2.6275396591184585,-0.07603274815536176,,1.1227137720806628,True,True,True,True,all4-early-fusion+ridge-only
2457,2460.0,0.9,2460.0,2460.0,matched,,2025-02-28T06:28:15.481536+00:00,2024-04-13T09:16:48.280785+00:00,2.647936563702283,0.0,,1.1278391167192428,True,True,True,True,all4-early-fusion+ridge-only
2458,2461.0,0.9,2461.0,2461.0,matched,,2025-02-28T06:28:15.578231+00:00,2024-04-13T09:16:48.379009+00:00,2.6893787079387717,0.12550001836718527,,1.1295681063122924,True,True,True,True,all4-early-fusion+ridge-only
2459,2462.0,0.9,2462.0,2462.0,matched,,2025-02-28T06:28:15.680611+00:00,2024-04-13T09:16:48.481905+00:00,2.7363830273875354,0.0,,1.1278391167192428,True,True,True,True,all4-early-fusion+ridge-only
2460,2463.0,0.9,2463.0,2463.0,matched,,2025-02-28T06:28:15.775869+00:00,2024-04-13T09:16:48.578764+00:00,2.7845562064460996,-0.6522686584618702,,1.1388799485033794,True,True,True,True,all4-early-fusion+ridge-only
2461,2464.0,0.9,2464.0,2464.0,matched,,2025-02-28T06:28:15.875191+00:00,2024-04-13T09:16:48.681226+00:00,2.825737604312213,-0.8641321376011377,,1.1453923803321393,True,True,True,True,all4-early-fusion+ridge-only
2462,2466.0,0.9,2465.0,2466.0,ambiguous_range,,2025-02-28T06:28:15.975414+00:00,2024-04-13T09:16:48.879238+00:00,2.8278597072403255,-0.19672623043915616,,1.14375,True,True,True,True,all4-early-fusion+ridge-only
2463,2467.0,0.9,2467.0,2467.0,matched,,2025-02-28T06:28:16.075955+00:00,2024-04-13T09:16:48.977946+00:00,2.8278597072403255,0.0,,1.1356799999999998,True,True,True,True,all4-early-fusion+ridge-only
2464,2468.0,0.9,2468.0,2468.0,matched,,2025-02-28T06:28:16.175616+00:00,2024-04-13T09:16:49.078142+00:00,2.827257057189117,-0.12772657790813025,,1.1410463426449216,True,True,True,True,all4-early-fusion+ridge-only
2465,2469.0,0.9,2469.0,2469.0,matched,,2025-02-28T06:28:16.274118+00:00,2024-04-13T09:16:49.177863+00:00,2.827257057189117,0.07621685936286049,,1.1428571428571428,True,True,True,True,all4-early-fusion+ridge-only
2466,2470.0,0.9,2470.0,2470.0,matched,,2025-02-28T06:28:16.375368+00:00,2024-04-13T09:16:49.279173+00:00,2.886554207958378,0.0,,1.1410463426449216,True,True,True,True,all4-early-fusion+ridge-only
2467,2471.0,0.9,2471.0,2471.0,matched,,2025-02-28T06:28:16.474347+00:00,2024-04-13T09:16:49.384606+00:00,2.9651116750130266,-0.015397924847401434,,1.1356799999999998,True,True,True,True,all4-early-fusion+ridge-only
2468,2472.0,0.9,2472.0,2473.0,ambiguous_range,,2025-02-28T06:28:16.574869+00:00,2024-04-13T09:16:49.478718+00:00,2.982995877780222,0.39861593588962796,,1.1151589996912628,True,True,True,True,all4-early-fusion+ridge-only
2469,2474.0,0.9,2474.0,2474.0,matched,,2025-02-28T06:28:16.677732+00:00,2024-04-13T09:16:49.678117+00:00,2.982995877780222,0.38528823197681117,,1.1006918333584,True,True,True,True,all4-early-fusion+ridge-only
2470,2475.0,0.9,2475.0,2475.0,matched,,2025-02-28T06:28:16.775968+00:00,2024-04-13T09:16:49.778121+00:00,2.99460738486278,0.27024228264610395,,1.0839895013123357,True,True,True,True,all4-early-fusion+ridge-only
2471,2476.0,0.9,2476.0,2476.0,matched,,2025-02-28T06:28:16.876641+00:00,2024-04-13T09:16:49.878232+00:00,2.99460738486278,0.41623884245894693,,1.0655172413793104,True,True,True,True,all4-early-fusion+ridge-only
2472,2477.0,0.9,2477.0,2477.0,matched,,2025-02-28T06:28:16.975196+00:00,2024-04-13T09:16:49.978769+00:00,2.9842042741668156,0.26508636586346057,,1.0738807037619795,True,True,True,True,all4-early-fusion+ridge-only
2473,2478.0,0.9,2478.0,2478.0,matched,,2025-02-28T06:28:17.078132+00:00,2024-04-13T09:16:50.081502+00:00,2.9769817082976355,0.29232516630304195,,1.079609544468547,True,True,True,True,all4-early-fusion+ridge-only
2474,2479.0,0.9,2479.0,2479.0,matched,,2025-02-28T06:28:17.177429+00:00,2024-04-13T09:16:50.181518+00:00,2.969447285452557,0.33739654553341714,,1.0825214483059475,True,True,True,True,all4-early-fusion+ridge-only
2475,2480.0,0.9,2480.0,2480.0,matched,,2025-02-28T06:28:17.279375+00:00,2024-04-13T09:16:50.279241+00:00,2.9620685337670363,0.2554268020819146,,1.0825214483059475,True,True,True,True,all4-early-fusion+ridge-only
2476,2481.0,0.9,2481.0,2481.0,matched,,2025-02-28T06:28:17.378795+00:00,2024-04-13T09:16:50.378920+00:00,2.9620685337670363,0.1992220030223879,,1.079609544468547,True,True,True,True,all4-early-fusion+ridge-only
2477,2482.0,0.9,2482.0,2482.0,matched,,2025-02-28T06:28:17.474693+00:00,2024-04-13T09:16:50.480194+00:00,2.9620685337670354,0.24228594095517852,,1.0738807037619795,True,True,True,True,all4-early-fusion+ridge-only
2478,2483.0,0.9,2483.0,2483.0,matched,,2025-02-28T06:28:17.576153+00:00,2024-04-13T09:16:50.583069+00:00,2.9620685337670363,0.08825440967837883,,1.0655172413793104,True,True,True,True,all4-early-fusion+ridge-only
2479,2484.0,0.9,2484.0,2484.0,matched,,2025-02-28T06:28:17.675165+00:00,2024-04-13T09:16:50.678953+00:00,2.9620685337670363,0.2791330942639356,,1.070120652945351,True,True,True,True,all4-early-fusion+ridge-only
2480,2485.0,0.9,2485.0,2485.0,matched,,2025-02-28T06:28:17.775159+00:00,2024-04-13T09:16:50.779018+00:00,2.9620685337670363,0.05762776868848629,,1.0732334047109207,True,True,True,True,all4-early-fusion+ridge-only
2481,2487.0,0.9,2486.0,2487.0,ambiguous_range,,2025-02-28T06:28:17.874443+00:00,2024-04-13T09:16:50.979721+00:00,2.9620685337670354,0.2515873436791072,,1.0894039735099337,True,True,True,True,all4-early-fusion+ridge-only
2482,2488.0,0.9,2488.0,2488.0,matched,,2025-02-28T06:28:17.974338+00:00,2024-04-13T09:16:51.082798+00:00,2.9620685337670363,0.0713150602003858,,1.101685985247629,True,True,True,True,all4-early-fusion+ridge-only
2483,2489.0,0.9,2489.0,2489.0,matched,,2025-02-28T06:28:18.079232+00:00,2024-04-13T09:16:51.179268+00:00,2.9724716444630004,0.10622663395783594,,1.1112727829682951,True,True,True,True,all4-early-fusion+ridge-only
2484,2490.0,0.9,2490.0,2490.0,matched,,2025-02-28T06:28:18.175876+00:00,2024-04-13T09:16:51.280817+00:00,2.9844841754181917,0.09385305206367889,,1.1178521617852164,True,True,True,True,all4-early-fusion+ridge-only
2485,2491.0,0.9,2491.0,2491.0,matched,,2025-02-28T06:28:18.278808+00:00,2024-04-13T09:16:51.378819+00:00,2.9920185982632703,0.32399831674206414,,1.1212003117692908,True,True,True,True,all4-early-fusion+ridge-only
2486,2492.0,0.9,2492.0,2492.0,matched,,2025-02-28T06:28:18.375540+00:00,2024-04-13T09:16:51.481280+00:00,3.0,0.07593970350827961,,1.1212003117692908,True,True,True,True,all4-early-fusion+ridge-only
2487,2493.0,0.9,2493.0,2493.0,matched,,2025-02-28T06:28:18.475204+00:00,2024-04-13T09:16:51.579513+00:00,3.0,0.0,,1.1178521617852164,True,True,True,True,all4-early-fusion+ridge-only
2488,2494.0,0.9,2494.0,2494.0,matched,,2025-02-28T06:28:18.575596+00:00,2024-04-13T09:16:51.679259+00:00,3.0,0.0,,1.1112727829682951,True,True,True,True,all4-early-fusion+ridge-only
2489,2495.0,0.9,2495.0,2495.0,matched,,2025-02-28T06:28:18.678246+00:00,2024-04-13T09:16:51.777704+00:00,3.0,0.15235409094742058,,1.101685985247629,True,True,True,True,all4-early-fusion+ridge-only
2490,2496.0,0.9,2496.0,2497.0,ambiguous_range,,2025-02-28T06:28:18.776751+00:00,2024-04-13T09:16:51.878055+00:00,3.0,0.0,,1.0748031496062993,True,True,True,True,all4-early-fusion+ridge-only
2491,2498.0,0.9,2498.0,2498.0,matched,,2025-02-28T06:28:18.874577+00:00,2024-04-13T09:16:52.078996+00:00,3.0,0.0,,1.0732334047109207,True,True,True,True,all4-early-fusion+ridge-only
2492,2499.0,0.9,2499.0,2499.0,matched,,2025-02-28T06:28:18.976083+00:00,2024-04-13T09:16:52.179780+00:00,3.0,0.0,,1.0701206529453513,True,True,True,True,all4-early-fusion+ridge-only
2493,2500.0,0.9,2500.0,2500.0,matched,,2025-02-28T06:28:19.076668+00:00,2024-04-13T09:16:52.280345+00:00,3.0,0.0,,1.0655172413793104,True,True,True,True,all4-early-fusion+ridge-only
2494,2501.0,0.9,2501.0,2501.0,matched,,2025-02-28T06:28:19.174837+00:00,2024-04-13T09:16:52.381686+00:00,3.0,0.0,,1.0594989561586639,True,True,True,True,all4-early-fusion+ridge-only
2495,2502.0,0.9,2502.0,2502.0,matched,,2025-02-28T06:28:19.278246+00:00,2024-04-13T09:16:52.483096+00:00,2.989930603513567,0.0,,1.0521619766643788,True,True,True,True,all4-early-fusion+ridge-only
2496,2503.0,0.9,2503.0,2503.0,matched,,2025-02-28T06:28:19.379055+00:00,2024-04-13T09:16:52.583387+00:00,2.9411910905368104,0.0,,1.0574282147315857,True,True,True,True,all4-early-fusion+ridge-only
2497,2504.0,0.9,2504.0,2504.0,matched,,2025-02-28T06:28:19.474571+00:00,2024-04-13T09:16:52.679776+00:00,2.882513521918221,0.0,,1.0601031934179335,True,True,True,True,all4-early-fusion+ridge-only
2498,2505.0,0.9,2505.0,2505.0,matched,,2025-02-28T06:28:19.575819+00:00,2024-04-13T09:16:52.779493+00:00,2.811269864435185,0.22882939422682824,,1.0601031934179335,True,True,True,True,all4-early-fusion+ridge-only
2499,2506.0,0.9,2506.0,2506.0,matched,,2025-02-28T06:28:19.674824+00:00,2024-04-13T09:16:52.881074+00:00,2.7426686650280074,0.037324064741949936,,1.0574282147315857,True,True,True,True,all4-early-fusion+ridge-only
2500,2507.0,0.9,2507.0,2507.0,matched,,2025-02-28T06:28:19.779086+00:00,2024-04-13T09:16:52.978530+00:00,2.709051488959547,-0.06415784585621154,,1.0521619766643788,True,True,True,True,all4-early-fusion+ridge-only
2501,2508.0,0.9,2508.0,2508.0,matched,,2025-02-28T06:28:19.874689+00:00,2024-04-13T09:16:53.078567+00:00,2.6619723086612015,-0.5361346427443197,,1.0594989561586639,True,True,True,True,all4-early-fusion+ridge-only
2502,2509.0,0.9,2509.0,2509.0,matched,,2025-02-28T06:28:19.976576+00:00,2024-04-13T09:16:53.185439+00:00,2.643878623266371,-0.6454532548044867,,1.0655172413793104,True,True,True,True,all4-early-fusion+ridge-only
2503,2510.0,0.9,2510.0,2510.0,matched,,2025-02-28T06:28:20.076617+00:00,2024-04-13T09:16:53.278709+00:00,2.603696525587536,-0.7836802323133956,,1.070120652945351,True,True,True,True,all4-early-fusion+ridge-only
2504,2511.0,0.9,2511.0,2511.0,matched,,2025-02-28T06:28:20.174698+00:00,2024-04-13T09:16:53.379046+00:00,2.5742799135524543,-0.7546131934789533,,1.0732334047109207,True,True,True,True,all4-early-fusion+ridge-only
2505,2513.0,0.9,2512.0,2513.0,ambiguous_range,,2025-02-28T06:28:20.278038+00:00,2024-04-13T09:16:53.577756+00:00,2.574279913552455,-0.3697889367530638,,1.0748031496062993,True,True,True,True,all4-early-fusion+ridge-only
2506,2514.0,0.9,2514.0,2514.0,matched,,2025-02-28T06:28:20.376234+00:00,2024-04-13T09:16:53.678960+00:00,2.5843493100388875,-0.5178709832817976,,1.0732334047109207,True,True,True,True,all4-early-fusion+ridge-only
2507,2515.0,0.9,2515.0,2515.0,matched,,2025-02-28T06:28:20.475065+00:00,2024-04-13T09:16:53.778518+00:00,2.6330888230156444,-0.1958595105387908,,1.0701206529453513,True,True,True,True,all4-early-fusion+ridge-only
2508,2516.0,0.9,2516.0,2516.0,matched,,2025-02-28T06:28:20.574750+00:00,2024-04-13T09:16:53.877825+00:00,2.691766391634234,-0.23317418704311388,,1.080078125,True,True,True,True,all4-early-fusion+ridge-only
2509,2517.0,0.9,2517.0,2517.0,matched,,2025-02-28T06:28:20.675051+00:00,2024-04-13T09:16:53.979788+00:00,2.7630100491172698,-0.30004553415826374,,1.087428487604518,True,True,True,True,all4-early-fusion+ridge-only
2510,2518.0,0.9,2518.0,2518.0,matched,,2025-02-28T06:28:20.775764+00:00,2024-04-13T09:16:54.079081+00:00,2.8316112485244473,0.0,,1.091937869822485,True,True,True,True,all4-early-fusion+ridge-only
2511,2519.0,0.9,2519.0,2519.0,matched,,2025-02-28T06:28:20.875026+00:00,2024-04-13T09:16:54.177984+00:00,2.8652284245929076,0.0,,1.1072843645230115,True,True,True,True,all4-early-fusion+ridge-only
2512,2520.0,0.9,2520.0,2520.0,matched,,2025-02-28T06:28:20.974524+00:00,2024-04-13T09:16:54.281451+00:00,2.9123076048912524,0.2579814329097547,,1.1190401994390775,True,True,True,True,all4-early-fusion+ridge-only
2513,2521.0,0.9,2521.0,2521.0,matched,,2025-02-28T06:28:21.078349+00:00,2024-04-13T09:16:54.379120+00:00,2.9304012902860834,0.0,,1.1266592920353984,True,True,True,True,all4-early-fusion+ridge-only
2514,2522.0,0.9,2522.0,2522.0,matched,,2025-02-28T06:28:21.174977+00:00,2024-04-13T09:16:54.479437+00:00,2.970583387964918,0.08029713923212789,,1.129767959313414,True,True,True,True,all4-early-fusion+ridge-only
2515,2523.0,0.9,2523.0,2523.0,matched,,2025-02-28T06:28:21.279721+00:00,2024-04-13T09:16:54.582004+00:00,3.0,0.0,,1.1282091917591126,True,True,True,True,all4-early-fusion+ridge-only
2516,2524.0,0.9,2524.0,2524.0,matched,,2025-02-28T06:28:21.375742+00:00,2024-04-13T09:16:54.677912+00:00,3.0,0.08306748353658078,,1.1406022340942203,True,True,True,True,all4-early-fusion+ridge-only
2517,2525.0,0.9,2525.0,2526.0,ambiguous_range,,2025-02-28T06:28:21.475724+00:00,2024-04-13T09:16:54.777997+00:00,3.0,0.0,,1.1554356846473028,True,True,True,True,all4-early-fusion+ridge-only
2518,2527.0,0.9,2527.0,2527.0,matched,,2025-02-28T06:28:21.579901+00:00,2024-04-13T09:16:54.977895+00:00,3.0,0.0,,1.1573426573426573,True,True,True,True,all4-early-fusion+ridge-only
2519,2528.0,0.9,2528.0,2529.0,ambiguous_range,,2025-02-28T06:28:21.674745+00:00,2024-04-13T09:16:55.078243+00:00,3.0,0.0,,1.1676555348364128,True,True,True,True,all4-early-fusion+ridge-only
2520,2530.0,0.9,2530.0,2530.0,matched,,2025-02-28T06:28:21.774149+00:00,2024-04-13T09:16:55.278592+00:00,3.0,0.0,,1.1907790143084258,True,True,True,True,all4-early-fusion+ridge-only
2521,2531.0,0.9,2531.0,2531.0,matched,,2025-02-28T06:28:21.874256+00:00,2024-04-13T09:16:55.377821+00:00,3.0,0.0,,1.2085230376980516,True,True,True,True,all4-early-fusion+ridge-only
2522,2532.0,0.9,2532.0,2532.0,matched,,2025-02-28T06:28:21.974073+00:00,2024-04-13T09:16:55.480471+00:00,3.0,0.0,,1.2197068101688624,True,True,True,True,all4-early-fusion+ridge-only
2523,2533.0,0.9,2533.0,2533.0,matched,,2025-02-28T06:28:22.076058+00:00,2024-04-13T09:16:55.579644+00:00,3.0,0.0,,1.2405233788724266,True,True,True,True,all4-early-fusion+ridge-only
2524,2534.0,0.9,2534.0,2534.0,matched,,2025-02-28T06:28:22.174222+00:00,2024-04-13T09:16:55.679431+00:00,3.0,0.06963193690025893,,1.2533923303834806,True,True,True,True,all4-early-fusion+ridge-only
2525,2535.0,0.9,2535.0,2535.0,matched,,2025-02-28T06:28:22.274485+00:00,2024-04-13T09:16:55.782465+00:00,3.0,0.0,,1.2571739560657036,True,True,True,True,all4-early-fusion+ridge-only
2526,2536.0,0.9,2536.0,2536.0,matched,,2025-02-28T06:28:22.374501+00:00,2024-04-13T09:16:55.878341+00:00,2.9958394658119905,0.006969207728585225,,1.2515193099392274,True,True,True,True,all4-early-fusion+ridge-only
2527,2537.0,0.9,2537.0,2537.0,matched,,2025-02-28T06:28:22.479022+00:00,2024-04-13T09:16:55.983924+00:00,2.973664176945934,0.0,,1.2579207920792081,True,True,True,True,all4-early-fusion+ridge-only
2528,2538.0,0.9,2538.0,2540.0,ambiguous_range,,2025-02-28T06:28:22.581192+00:00,2024-04-13T09:16:56.084937+00:00,2.973664176945934,0.1944879116561693,,1.2499022673964035,True,True,True,True,all4-early-fusion+ridge-only
2529,2541.0,0.9,2541.0,2541.0,matched,,2025-02-28T06:28:22.676318+00:00,2024-04-13T09:16:56.379798+00:00,2.973664176945934,0.04858389993382506,,1.2475652512660695,True,True,True,True,all4-early-fusion+ridge-only
2530,2542.0,0.9,2542.0,2543.0,ambiguous_range,,2025-02-28T06:28:22.778263+00:00,2024-04-13T09:16:56.477761+00:00,2.9736641769459338,0.12800172039990532,,1.222899474868717,True,True,True,True,all4-early-fusion+ridge-only
2531,2544.0,0.9,2544.0,2544.0,matched,,2025-02-28T06:28:22.875026+00:00,2024-04-13T09:16:56.680060+00:00,2.9736641769459338,-0.04576587606810012,,1.202013788098694,True,True,True,True,all4-early-fusion+ridge-only
2532,2545.0,0.9,2545.0,2545.0,matched,,2025-02-28T06:28:22.974575+00:00,2024-04-13T09:16:56.778802+00:00,2.9736641769459338,-0.24392817752662488,,1.1768186564566654,True,True,True,True,all4-early-fusion+ridge-only
2533,2546.0,0.9,2546.0,2546.0,matched,,2025-02-28T06:28:23.075800+00:00,2024-04-13T09:16:56.880889+00:00,2.973664176945934,0.1044366057612045,,1.148491879350348,True,True,True,True,all4-early-fusion+ridge-only
2534,2547.0,0.9,2547.0,2547.0,matched,,2025-02-28T06:28:23.176392+00:00,2024-04-13T09:16:56.978068+00:00,2.9736641769459338,0.2282060943791664,,1.1181775407779173,True,True,True,True,all4-early-fusion+ridge-only
2535,2548.0,0.9,2548.0,2548.0,matched,,2025-02-28T06:28:23.274716+00:00,2024-04-13T09:16:57.078993+00:00,2.9736641769459338,0.0,,1.086901949202599,True,True,True,True,all4-early-fusion+ridge-only
2536,2549.0,0.9,2549.0,2549.0,matched,,2025-02-28T06:28:23.374322+00:00,2024-04-13T09:16:57.178874+00:00,2.9736641769459338,0.0,,1.0555247853780116,True,True,True,True,all4-early-fusion+ridge-only
2537,2550.0,0.9,2550.0,2550.0,matched,,2025-02-28T06:28:23.474290+00:00,2024-04-13T09:16:57.277876+00:00,2.977824711133943,0.0,,1.033996023856859,True,True,True,True,all4-early-fusion+ridge-only
2538,2551.0,0.9,2551.0,2551.0,matched,,2025-02-28T06:28:23.575633+00:00,2024-04-13T09:16:57.379628+00:00,3.0,0.0,,1.0234263465282283,True,True,True,True,all4-early-fusion+ridge-only
2539,2552.0,0.9,2552.0,2552.0,matched,,2025-02-28T06:28:23.675269+00:00,2024-04-13T09:16:57.477631+00:00,3.0,0.0,,1.0120481927710845,True,True,True,True,all4-early-fusion+ridge-only
2540,2553.0,0.9,2553.0,2553.0,matched,,2025-02-28T06:28:23.775222+00:00,2024-04-13T09:16:57.579744+00:00,3.0,0.0,,1.0,True,True,True,True,all4-early-fusion+ridge-only
2541,2554.0,0.9,2554.0,2554.0,matched,,2025-02-28T06:28:23.875161+00:00,2024-04-13T09:16:57.681890+00:00,3.0,0.0,,1.0,True,True,True,True,all4-early-fusion+ridge-only
2542,2555.0,0.9,2555.0,2555.0,matched,,2025-02-28T06:28:23.975771+00:00,2024-04-13T09:16:57.778362+00:00,3.0,0.057472366484763615,,1.0,True,True,True,True,all4-early-fusion+ridge-only
2543,2556.0,0.9,2556.0,2556.0,matched,,2025-02-28T06:28:24.074758+00:00,2024-04-13T09:16:57.879531+00:00,3.0,0.20781984222193772,,1.0,True,True,True,True,all4-early-fusion+ridge-only
2544,2557.0,0.9,2557.0,2557.0,matched,,2025-02-28T06:28:24.176475+00:00,2024-04-13T09:16:57.978569+00:00,3.0,0.0,,1.0,True,True,True,True,all4-early-fusion+ridge-only
2545,2558.0,0.9,2558.0,2558.0,matched,,2025-02-28T06:28:24.274876+00:00,2024-04-13T09:16:58.081950+00:00,3.0,0.20884776980630493,,1.0120481927710845,True,True,True,True,all4-early-fusion+ridge-only
2546,2559.0,0.9,2559.0,2559.0,matched,,2025-02-28T06:28:24.378087+00:00,2024-04-13T09:16:58.180448+00:00,3.0,0.09614634309553116,,1.0234263465282283,True,True,True,True,all4-early-fusion+ridge-only
2547,2560.0,0.9,2560.0,2560.0,matched,,2025-02-28T06:28:24.476448+00:00,2024-04-13T09:16:58.278223+00:00,3.0,0.265163075678736,,1.033996023856859,True,True,True,True,all4-early-fusion+ridge-only
2548,2561.0,0.9,2561.0,2561.0,matched,,2025-02-28T06:28:24.575718+00:00,2024-04-13T09:16:58.378978+00:00,3.0,0.032817863511338086,,1.0436191762322755,True,True,True,True,all4-early-fusion+ridge-only
2549,2562.0,0.9,2562.0,2562.0,matched,,2025-02-28T06:28:24.675509+00:00,2024-04-13T09:16:58.479028+00:00,2.9764821520901705,0.0,,1.0521619766643788,True,True,True,True,all4-early-fusion+ridge-only
2550,2563.0,0.9,2563.0,2563.0,matched,,2025-02-28T06:28:24.779371+00:00,2024-04-13T09:16:58.578158+00:00,2.9477676440963463,0.0,,1.0594989561586639,True,True,True,True,all4-early-fusion+ridge-only
2551,2564.0,0.9,2564.0,2564.0,matched,,2025-02-28T06:28:24.877596+00:00,2024-04-13T09:16:58.680300+00:00,2.889281927249567,0.0,,1.0655172413793104,True,True,True,True,all4-early-fusion+ridge-only
2552,2565.0,0.9,2565.0,2565.0,matched,,2025-02-28T06:28:24.977915+00:00,2024-04-13T09:16:58.778262+00:00,2.8081968310613825,0.015508967611387536,,1.070120652945351,True,True,True,True,all4-early-fusion+ridge-only
2553,2566.0,0.9,2566.0,2566.0,matched,,2025-02-28T06:28:25.080011+00:00,2024-04-13T09:16:58.877899+00:00,2.716558224941846,0.11784707214571011,,1.0732334047109207,True,True,True,True,all4-early-fusion+ridge-only
2554,2567.0,0.9,2567.0,2568.0,ambiguous_range,,2025-02-28T06:28:25.175179+00:00,2024-04-13T09:16:58.981130+00:00,2.6242411667708363,0.06783076376968156,,1.0748031496062993,True,True,True,True,all4-early-fusion+ridge-only
2555,2569.0,0.9,2569.0,2569.0,matched,,2025-02-28T06:28:25.275040+00:00,2024-04-13T09:16:59.178730+00:00,2.5356430197233664,-0.3158595879320689,,1.0588865096359743,True,True,True,True,all4-early-fusion+ridge-only
2556,2570.0,0.9,2570.0,2570.0,matched,,2025-02-28T06:28:25.375549+00:00,2024-04-13T09:16:59.279457+00:00,2.432694756861951,-0.6433428853145751,,1.0286018452803407,True,True,True,True,all4-early-fusion+ridge-only
2557,2571.0,0.9,2571.0,2571.0,matched,,2025-02-28T06:28:25.481978+00:00,2024-04-13T09:16:59.380132+00:00,2.3252165258049806,-0.891936058070026,,0.985714285714286,True,True,True,True,all4-early-fusion+ridge-only
2558,2572.0,0.9,2572.0,2572.0,matched,,2025-02-28T06:28:25.576507+00:00,2024-04-13T09:16:59.477770+00:00,2.255742469755355,-0.8010313374640468,,0.9321503131524005,True,True,True,True,all4-early-fusion+ridge-only
2559,2573.0,0.9,2573.0,2573.0,matched,,2025-02-28T06:28:25.678525+00:00,2024-04-13T09:16:59.582555+00:00,2.1737497471971783,-1.0154876398811097,,0.8840082361015786,True,True,True,True,all4-early-fusion+ridge-only
2560,2574.0,0.9,2574.0,2574.0,matched,,2025-02-28T06:28:25.774606+00:00,2024-04-13T09:16:59.677681+00:00,2.1123362740375202,-0.9745796175221724,,0.8414584740040513,True,True,True,True,all4-early-fusion+ridge-only
2561,2575.0,0.9,2575.0,2575.0,matched,,2025-02-28T06:28:25.874325+00:00,2024-04-13T09:16:59.778296+00:00,2.032855885673666,-1.1324308914755676,,0.8045725646123262,True,True,True,True,all4-early-fusion+ridge-only
2562,2576.0,0.9,2576.0,2576.0,matched,,2025-02-28T06:28:25.974440+00:00,2024-04-13T09:16:59.881510+00:00,2.000818263587758,-1.1605724725821602,,0.7733290071382221,True,True,True,True,all4-early-fusion+ridge-only
2563,2577.0,0.9,2577.0,2577.0,matched,,2025-02-28T06:28:26.074965+00:00,2024-04-13T09:16:59.986019+00:00,2.0248928041947494,-0.6972121838755192,,0.7476220672162335,True,True,True,True,all4-early-fusion+ridge-only
2564,2578.0,0.9,2578.0,2578.0,matched,,2025-02-28T06:28:26.174250+00:00,2024-04-13T09:17:00.077954+00:00,2.0319214370071284,-0.9010573143307545,,0.7272727272727273,True,True,True,True,all4-early-fusion+ridge-only
2565,2578.0,0.9,2578.0,2578.0,matched,,2025-02-28T06:28:26.274222+00:00,2024-04-13T09:17:00.077954+00:00,2.0319376938002764,-0.7521968072789238,,0.7194805194805195,True,True,True,True,all4-early-fusion+ridge-only
2566,2578.0,0.9,2578.0,2578.0,matched,,2025-02-28T06:28:26.375690+00:00,2024-04-13T09:17:00.077954+00:00,2.060540001225995,-1.0563095488969299,,0.7038961038961039,True,True,True,True,all4-early-fusion+ridge-only
2567,2578.0,0.9,2578.0,2578.0,matched,,2025-02-28T06:28:26.475706+00:00,2024-04-13T09:17:00.077954+00:00,2.0443772644134595,-0.6649644746932175,,0.6818181818181818,True,True,True,True,all4-early-fusion+ridge-only
2568,2578.0,0.9,2578.0,2578.0,matched,,2025-02-28T06:28:26.574795+00:00,2024-04-13T09:17:00.077954+00:00,2.048482470489363,-0.2771972417556783,,0.6545454545454545,True,True,True,True,all4-early-fusion+ridge-only
2569,2579.0,0.9,2579.0,2579.0,matched,,2025-02-28T06:28:26.675411+00:00,2024-04-13T09:17:00.178024+00:00,2.031278698705737,-0.6176939486567283,,0.6233766233766234,True,True,True,True,all4-early-fusion+ridge-only
2570,2580.0,0.9,2580.0,2580.0,matched,,2025-02-28T06:28:26.776218+00:00,2024-04-13T09:17:00.278585+00:00,2.063174745987008,-1.0153088151564822,,0.5896103896103896,True,True,True,True,all4-early-fusion+ridge-only
2571,2581.0,0.9,2581.0,2581.0,matched,,2025-02-28T06:28:26.874378+00:00,2024-04-13T09:17:00.379181+00:00,2.0579874916694654,-0.4992159893220798,,0.5545454545454546,True,True,True,True,all4-early-fusion+ridge-only
2572,2582.0,0.9,2582.0,2582.0,matched,,2025-02-28T06:28:26.974575+00:00,2024-04-13T09:17:00.477812+00:00,2.033774667337964,-1.1439023808003423,,0.5194805194805194,True,True,True,True,all4-early-fusion+ridge-only
2573,2583.0,0.9,2583.0,2583.0,matched,,2025-02-28T06:28:27.074242+00:00,2024-04-13T09:17:00.578063+00:00,1.9459004852487902,-0.820251966983514,,0.4857142857142857,True,True,True,True,all4-early-fusion+ridge-only
2574,2584.0,0.9,2584.0,2584.0,matched,,2025-02-28T06:28:27.174202+00:00,2024-04-13T09:17:00.678556+00:00,1.8276683203229545,-0.5480194443445563,,0.45454545454545453,True,True,True,True,all4-early-fusion+ridge-only
2575,2585.0,0.9,2585.0,2585.0,matched,,2025-02-28T06:28:27.274361+00:00,2024-04-13T09:17:00.780406+00:00,1.708516701349251,-0.05742001576683542,,0.42727272727272725,True,True,True,True,all4-early-fusion+ridge-only
2576,2585.0,0.9,2585.0,2585.0,matched,,2025-02-28T06:28:27.374567+00:00,2024-04-13T09:17:00.780406+00:00,1.6033099107537852,-0.6508266652646362,,0.39090909090909093,True,True,True,True,all4-early-fusion+ridge-only
2577,2585.0,0.7,2585.0,2585.0,matched,,2025-02-28T06:28:27.474195+00:00,2024-04-13T09:17:00.780406+00:00,1.4685149306486707,-1.102575425832992,,0.34545454545454546,True,True,True,True,all4-early-fusion+ridge-only
2578,2585.0,0.7,2585.0,2585.0,matched,,2025-02-28T06:28:27.575463+00:00,2024-04-13T09:17:00.780406+00:00,1.4068348136598436,-1.9623727312404793,,0.2909090909090909,True,True,True,True,all4-early-fusion+ridge-only
2579,2585.0,0.7,2585.0,2585.0,matched,,2025-02-28T06:28:27.679564+00:00,2024-04-13T09:17:00.780406+00:00,1.311823556413806,-1.9276699255773164,,0.24025974025974026,True,True,True,True,all4-early-fusion+ridge-only
2580,2585.0,0.7,2585.0,2585.0,matched,,2025-02-28T06:28:27.774704+00:00,2024-04-13T09:17:00.780406+00:00,1.1809922808677271,-2.0397766216994997,,0.2064935064935065,True,True,True,True,all4-early-fusion+ridge-only
2581,2585.0,0.4,2585.0,2585.0,matched,,2025-02-28T06:28:27.877946+00:00,2024-04-13T09:17:00.780406+00:00,0.9923982326822499,-1.9864421382153568,,0.18961038961038962,True,True,True,True,all4-early-fusion+ridge-only
2582,2585.0,0.4,2585.0,2585.0,matched,,2025-02-28T06:28:27.976548+00:00,2024-04-13T09:17:00.780406+00:00,0.8330644326703983,-1.853806943344802,,0.18961038961038962,True,True,True,True,all4-early-fusion+ridge-only
2583,,,,,no_match,ridge_z below tau (0.75),2025-02-28T06:28:28.074454+00:00,,0.7095753925804549,-1.7260793933007152,,0.2064935064935065,True,True,True,True,all4-early-fusion+ridge-only
2584,,,,,no_match,ridge_z below tau (0.75),2025-02-28T06:28:28.174206+00:00,,0.6046831468088695,-1.8579829415813618,,0.24025974025974026,True,True,True,True,all4-early-fusion+ridge-only
2585,,,,,no_match,ridge_z below tau (0.75),2025-02-28T06:28:28.279145+00:00,,0.4993019076753377,-2.0087793841811896,,0.2909090909090909,True,True,True,True,all4-early-fusion+ridge-only
2586,,,,,no_match,ridge_z below tau (0.75),2025-02-28T06:28:28.375512+00:00,,0.4212094474399393,-2.5441036890319673,,0.35844155844155845,True,True,True,True,all4-early-fusion+ridge-only
2587,,,,,no_match,ridge_z below tau (0.75),2025-02-28T06:28:28.474673+00:00,,0.30317059906463534,-2.7439761293876894,,0.42857142857142855,True,True,True,True,all4-early-fusion+ridge-only
2588,,,,,no_match,ridge_z below tau (0.75),2025-02-28T06:28:28.574823+00:00,,0.16502481480873288,-2.8148643685703596,,0.5,True,True,True,True,all4-early-fusion+ridge-only
2589,,,,,no_match,ridge_z below tau (0.75),2025-02-28T06:28:28.676096+00:00,,0.039903964609145554,-3.1161874347279186,,0.5714285714285714,True,True,True,True,all4-early-fusion+ridge-only
2590,,,,,no_match,ridge_z below tau (0.75),2025-02-28T06:28:28.774712+00:00,,-0.0373564637424209,-3.0868635560461652,,0.6415584415584416,True,True,True,True,all4-early-fusion+ridge-only
2591,,,,,no_match,ridge_z below tau (0.75),2025-02-28T06:28:28.875600+00:00,,-0.1513486323656127,-3.100394577678845,,0.7090909090909091,True,True,True,True,all4-early-fusion+ridge-only
2592,,,,,no_match,ridge_z below tau (0.75),2025-02-28T06:28:28.975516+00:00,,-0.1969897886079461,-3.4710108438349447,,0.7727272727272727,True,True,True,True,all4-early-fusion+ridge-only
2593,,,,,no_match,ridge_z below tau (0.75),2025-02-28T06:28:29.075703+00:00,,-0.2134833580352766,-3.5194974474147687,,0.8311688311688312,True,True,True,True,all4-early-fusion+ridge-only
2594,,,,,no_match,ridge_z below tau (0.75),2025-02-28T06:28:29.178308+00:00,,-0.20048002077522772,-3.3650316354860164,,0.8701298701298701,True,True,True,True,all4-early-fusion+ridge-only
2595,,,,,no_match,ridge_z below tau (0.75),2025-02-28T06:28:29.274575+00:00,,-0.14677161898248095,-3.0320918163653827,,0.8896103896103896,True,True,True,True,all4-early-fusion+ridge-only
2596,,,,,no_match,ridge_z below tau (0.75),2025-02-28T06:28:29.379845+00:00,,-0.07356295077567629,-3.5325870982347007,,0.8896103896103896,True,True,True,True,all4-early-fusion+ridge-only
2597,,,,,no_match,ridge_z below tau (0.75),2025-02-28T06:28:29.479481+00:00,,0.0014302642859185658,-3.1107876975598105,,0.8701298701298701,True,True,True,True,all4-early-fusion+ridge-only
2598,,,,,no_match,ridge_z below tau (0.75),2025-02-28T06:28:29.574445+00:00,,0.12173452676057238,-2.9254053930883246,,0.8311688311688312,True,True,True,True,all4-early-fusion+ridge-only
2599,,,,,no_match,ridge_z below tau (0.75),2025-02-28T06:28:29.674353+00:00,,0.2724770194291575,-2.6718276587098218,,0.7727272727272727,True,True,True,True,all4-early-fusion+ridge-only
2600,,,,,no_match,ridge_z below tau (0.75),2025-02-28T06:28:29.774314+00:00,,0.39338231645002414,-2.5253950150077045,,0.7090909090909091,True,True,True,True,all4-early-fusion+ridge-only
2601,,,,,no_match,ridge_z below tau (0.75),2025-02-28T06:28:29.874406+00:00,,0.48547883111385226,-2.281568205771314,,0.6415584415584416,True,True,True,True,all4-early-fusion+ridge-only
2602,,,,,no_match,ridge_z below tau (0.75),2025-02-28T06:28:29.975216+00:00,,0.6257385640086558,-2.275469212001302,,0.5714285714285714,True,True,True,True,all4-early-fusion+ridge-only
2603,,,,,no_match,ridge_z below tau (0.75),2025-02-28T06:28:30.077289+00:00,,0.7283437255537504,-2.1476639566137528,,0.5,True,True,True,True,all4-early-fusion+ridge-only
2604,2600.0,0.4,2600.0,2600.0,matched,,2025-02-28T06:28:30.174323+00:00,2024-04-13T09:17:02.279461+00:00,0.8193195341075975,-2.0041352244560238,,0.42857142857142855,True,True,True,True,all4-early-fusion+ridge-only
2605,2600.0,0.4,2600.0,2600.0,matched,,2025-02-28T06:28:30.275282+00:00,2024-04-13T09:17:02.279461+00:00,0.8873547974081074,-2.035073368256483,,0.35844155844155845,True,True,True,True,all4-early-fusion+ridge-only
2606,2600.0,0.4,2600.0,2600.0,matched,,2025-02-28T06:28:30.376399+00:00,2024-04-13T09:17:02.279461+00:00,0.9395707161469544,-2.019030155063273,,0.2909090909090909,True,True,True,True,all4-early-fusion+ridge-only
2607,2600.0,0.4,2600.0,2600.0,matched,,2025-02-28T06:28:30.474030+00:00,2024-04-13T09:17:02.279461+00:00,0.9717618060261984,-2.103656930184899,,0.22727272727272727,True,True,True,True,all4-early-fusion+ridge-only
2608,2600.0,0.7,2600.0,2600.0,matched,,2025-02-28T06:28:30.574412+00:00,2024-04-13T09:17:02.279461+00:00,1.0018519929767906,-1.9989938997558467,,0.16883116883116883,True,True,True,True,all4-early-fusion+ridge-only
2609,2600.0,0.7,2600.0,2600.0,matched,,2025-02-28T06:28:30.674367+00:00,2024-04-13T09:17:02.279461+00:00,1.020552082236759,-1.9246714989960048,,0.11688311688311688,True,True,True,True,all4-early-fusion+ridge-only
2610,2600.0,0.7,2600.0,2600.0,matched,,2025-02-28T06:28:30.774696+00:00,2024-04-13T09:17:02.279461+00:00,1.0235729533100733,-1.9234397624042139,,0.07272727272727272,True,True,True,True,all4-early-fusion+ridge-only
2611,2600.0,0.7,2600.0,2600.0,matched,,2025-02-28T06:28:30.874619+00:00,2024-04-13T09:17:02.279461+00:00,1.0293259282206977,-1.9510199088803881,,0.03766233766233766,True,True,True,True,all4-early-fusion+ridge-only
2612,2600.0,0.7,2600.0,2600.0,matched,,2025-02-28T06:28:30.974247+00:00,2024-04-13T09:17:02.279461+00:00,1.0362889703525993,-1.9274662170996277,,0.012987012987012988,True,True,True,True,all4-early-fusion+ridge-only
2613,2600.0,0.7,2600.0,2600.0,matched,,2025-02-28T06:28:31.075139+00:00,2024-04-13T09:17:02.279461+00:00,1.0496312161552062,-1.9444771555447895,,0.0,True,True,True,True,all4-early-fusion+ridge-only
2614,2600.0,0.7,2600.0,2600.0,matched,,2025-02-28T06:28:31.176398+00:00,2024-04-13T09:17:02.279461+00:00,1.049262450836239,-1.941962974754098,,0.0,True,True,True,True,all4-early-fusion+ridge-only
2615,2600.0,0.7,2600.0,2600.0,matched,,2025-02-28T06:28:31.274662+00:00,2024-04-13T09:17:02.279461+00:00,1.0448065027812155,-1.9709056426495695,,0.0,True,True,True,True,all4-early-fusion+ridge-only
2616,2600.0,0.7,2600.0,2600.0,matched,,2025-02-28T06:28:31.374254+00:00,2024-04-13T09:17:02.279461+00:00,1.039863186249883,-1.9717906442396143,,0.0,True,True,True,True,all4-early-fusion+ridge-only
2617,2600.0,0.7,2600.0,2600.0,matched,,2025-02-28T06:28:31.478905+00:00,2024-04-13T09:17:02.279461+00:00,1.0405069827396685,-1.942436691612358,,0.0,True,True,True,True,all4-early-fusion+ridge-only
2618,2600.0,0.7,2600.0,2600.0,matched,,2025-02-28T06:28:31.583441+00:00,2024-04-13T09:17:02.279461+00:00,1.037546959541674,-1.9568922263562207,,0.0,True,True,True,True,all4-early-fusion+ridge-only
2619,2600.0,0.7,2600.0,2600.0,matched,,2025-02-28T06:28:31.678498+00:00,2024-04-13T09:17:02.279461+00:00,1.0360006564031983,-2.0030503182644877,,0.0,True,True,True,True,all4-early-fusion+ridge-only
2620,2600.0,0.7,2600.0,2600.0,matched,,2025-02-28T06:28:31.779159+00:00,2024-04-13T09:17:02.279461+00:00,1.0341451294617268,-1.9736869276012627,,0.0,True,True,True,True,all4-early-fusion+ridge-only
2621,2600.0,0.7,2600.0,2600.0,matched,,2025-02-28T06:28:31.882371+00:00,2024-04-13T09:17:02.279461+00:00,1.033392445587334,-1.9778162442488707,,0.0,True,True,True,True,all4-early-fusion+ridge-only
2622,2600.0,0.7,2600.0,2600.0,matched,,2025-02-28T06:28:31.981477+00:00,2024-04-13T09:17:02.279461+00:00,1.031947569723921,-1.9439381474927486,,0.0,True,True,True,True,all4-early-fusion+ridge-only
2623,2600.0,0.7,2600.0,2600.0,matched,,2025-02-28T06:28:32.074581+00:00,2024-04-13T09:17:02.279461+00:00,1.0291674481842017,-1.9600264722775658,,0.0,True,True,True,True,all4-early-fusion+ridge-only
2624,2600.0,0.7,2600.0,2600.0,matched,,2025-02-28T06:28:32.179340+00:00,2024-04-13T09:17:02.279461+00:00,1.0256261319295001,-1.9614864900680224,,0.0,True,True,True,True,all4-early-fusion+ridge-only
2625,2600.0,0.7,2600.0,2600.0,matched,,2025-02-28T06:28:32.279841+00:00,2024-04-13T09:17:02.279461+00:00,1.0257512018264363,-1.9623737711102838,,0.0,True,True,True,True,all4-early-fusion+ridge-only
2626,2600.0,0.7,2600.0,2600.0,matched,,2025-02-28T06:28:32.374991+00:00,2024-04-13T09:17:02.279461+00:00,1.024715190760526,-1.9791851652678898,,0.0,True,True,True,True,all4-early-fusion+ridge-only
2627,2600.0,0.7,2600.0,2600.0,matched,,2025-02-28T06:28:32.475298+00:00,2024-04-13T09:17:02.279461+00:00,1.0229272209839984,-1.9876842787371565,,0.0,True,True,True,True,all4-early-fusion+ridge-only
2628,2600.0,0.7,2600.0,2600.0,matched,,2025-02-28T06:28:32.576636+00:00,2024-04-13T09:17:02.279461+00:00,1.0167122561015167,-1.973018028549272,,0.0,True,True,True,True,all4-early-fusion+ridge-only
2629,2600.0,0.7,2600.0,2600.0,matched,,2025-02-28T06:28:32.675305+00:00,2024-04-13T09:17:02.279461+00:00,1.0116113469768866,-1.9958467051579394,,0.0,True,True,True,True,all4-early-fusion+ridge-only
2630,2600.0,0.7,2600.0,2600.0,matched,,2025-02-28T06:28:32.778983+00:00,2024-04-13T09:17:02.279461+00:00,1.0082529671003664,-2.0016745493981896,,0.0,True,True,True,True,all4-early-fusion+ridge-only
2631,2600.0,0.7,2600.0,2600.0,matched,,2025-02-28T06:28:32.874126+00:00,2024-04-13T09:17:02.279461+00:00,1.006791802204841,-1.9850830493262719,,0.0,True,True,True,True,all4-early-fusion+ridge-only
2632,2600.0,0.7,2600.0,2600.0,matched,,2025-02-28T06:28:32.974291+00:00,2024-04-13T09:17:02.279461+00:00,1.0069310137843377,-1.9974839117906782,,0.0,True,True,True,True,all4-early-fusion+ridge-only
2633,2600.0,0.7,2600.0,2600.0,matched,,2025-02-28T06:28:33.075563+00:00,2024-04-13T09:17:02.279461+00:00,1.0070573784092183,-2.012302761200049,,0.0,True,True,True,True,all4-early-fusion+ridge-only
2634,2600.0,0.7,2600.0,2600.0,matched,,2025-02-28T06:28:33.176088+00:00,2024-04-13T09:17:02.279461+00:00,1.007386907827746,-2.0161364726484963,,0.0,True,True,True,True,all4-early-fusion+ridge-only
2635,2600.0,0.7,2600.0,2600.0,matched,,2025-02-28T06:28:33.274371+00:00,2024-04-13T09:17:02.279461+00:00,1.0097655079163987,-1.9984286687097448,,0.0,True,True,True,True,all4-early-fusion+ridge-only
2636,2600.0,0.7,2600.0,2600.0,matched,,2025-02-28T06:28:33.379289+00:00,2024-04-13T09:17:02.279461+00:00,1.0146146730566392,-1.9784465849610624,,0.0,True,True,True,True,all4-early-fusion+ridge-only
2637,2600.0,0.7,2600.0,2600.0,matched,,2025-02-28T06:28:33.476190+00:00,2024-04-13T09:17:02.279461+00:00,1.0157367656166236,-1.9776538378934252,,0.0,True,True,True,True,all4-early-fusion+ridge-only
2638,2600.0,0.7,2600.0,2600.0,matched,,2025-02-28T06:28:33.576167+00:00,2024-04-13T09:17:02.279461+00:00,1.0194264255804864,-1.9862942678634683,,0.0,True,True,True,True,all4-early-fusion+ridge-only
2639,2600.0,0.7,2600.0,2600.0,matched,,2025-02-28T06:28:33.677328+00:00,2024-04-13T09:17:02.279461+00:00,1.0221381687088402,-1.969393204945468,,0.0,True,True,True,True,all4-early-fusion+ridge-only
2640,2600.0,0.7,2600.0,2600.0,matched,,2025-02-28T06:28:33.776645+00:00,2024-04-13T09:17:02.279461+00:00,1.0259628245226573,-1.9696821041827597,,0.0,True,True,True,True,all4-early-fusion+ridge-only
2641,2600.0,0.7,2600.0,2600.0,matched,,2025-02-28T06:28:33.875311+00:00,2024-04-13T09:17:02.279461+00:00,1.028814780457201,-1.9483337328555455,,0.0,True,True,True,True,all4-early-fusion+ridge-only
2642,2600.0,0.7,2600.0,2600.0,matched,,2025-02-28T06:28:33.978075+00:00,2024-04-13T09:17:02.279461+00:00,1.0272604923461477,-1.9727400311664445,,0.0,True,True,True,True,all4-early-fusion+ridge-only
2643,2600.0,0.7,2600.0,2600.0,matched,,2025-02-28T06:28:34.075445+00:00,2024-04-13T09:17:02.279461+00:00,1.0277284208943156,-1.9568976521881871,,0.0,True,True,True,True,all4-early-fusion+ridge-only
2644,2600.0,0.7,2600.0,2600.0,matched,,2025-02-28T06:28:34.175417+00:00,2024-04-13T09:17:02.279461+00:00,1.029421395059553,-1.9824735867881538,,0.0,True,True,True,True,all4-early-fusion+ridge-only
2645,2600.0,0.7,2600.0,2600.0,matched,,2025-02-28T06:28:34.274517+00:00,2024-04-13T09:17:02.279461+00:00,1.026365680732458,-1.97406525869651,,0.0,True,True,True,True,all4-early-fusion+ridge-only
2646,2600.0,0.7,2600.0,2600.0,matched,,2025-02-28T06:28:34.375079+00:00,2024-04-13T09:17:02.279461+00:00,1.0240205399358802,-1.9670571534297654,,0.0,True,True,True,True,all4-early-fusion+ridge-only
2647,2600.0,0.7,2600.0,2600.0,matched,,2025-02-28T06:28:34.474440+00:00,2024-04-13T09:17:02.279461+00:00,1.022584743500523,-1.995543754182651,,0.0,True,True,True,True,all4-early-fusion+ridge-only
2648,2600.0,0.7,2600.0,2600.0,matched,,2025-02-28T06:28:34.574880+00:00,2024-04-13T09:17:02.279461+00:00,1.0221622133942558,-1.9725066238635773,,0.0,True,True,True,True,all4-early-fusion+ridge-only
2649,2600.0,0.7,2600.0,2600.0,matched,,2025-02-28T06:28:34.675228+00:00,2024-04-13T09:17:02.279461+00:00,1.0212286314100538,-1.9676715520458556,,0.0,True,True,True,True,all4-early-fusion+ridge-only
2650,2600.0,0.7,2600.0,2600.0,matched,,2025-02-28T06:28:34.779392+00:00,2024-04-13T09:17:02.279461+00:00,1.0217226512925677,-2.0030060625435135,,0.012987012987012988,True,True,True,True,all4-early-fusion+ridge-only
2651,2600.0,0.7,2600.0,2600.0,matched,,2025-02-28T06:28:34.876762+00:00,2024-04-13T09:17:02.279461+00:00,1.021112959053308,-1.995478652945114,,0.03766233766233766,True,True,True,True,all4-early-fusion+ridge-only
2652,2600.0,0.7,2600.0,2600.0,matched,,2025-02-28T06:28:34.975119+00:00,2024-04-13T09:17:02.279461+00:00,1.0207881541543407,-1.9641274936444748,,0.07272727272727272,True,True,True,True,all4-early-fusion+ridge-only
2653,2600.0,0.7,2600.0,2600.0,matched,,2025-02-28T06:28:35.081930+00:00,2024-04-13T09:17:02.279461+00:00,1.0221756938635886,-1.9773878623353853,,0.11688311688311688,True,True,True,True,all4-early-fusion+ridge-only
2654,2600.0,0.7,2600.0,2600.0,matched,,2025-02-28T06:28:35.175175+00:00,2024-04-13T09:17:02.279461+00:00,1.023450819878933,-1.9671670540144064,,0.16883116883116883,True,True,True,True,all4-early-fusion+ridge-only
2655,2600.0,0.4,2600.0,2600.0,matched,,2025-02-28T06:28:35.276397+00:00,2024-04-13T09:17:02.279461+00:00,0.9868812194379518,-1.9770393680805032,,0.22727272727272727,True,True,True,True,all4-early-fusion+ridge-only
2656,2600.0,0.4,2600.0,2600.0,matched,,2025-02-28T06:28:35.380407+00:00,2024-04-13T09:17:02.279461+00:00,0.9659722914292691,-1.9807718733283664,,0.2909090909090909,True,True,True,True,all4-early-fusion+ridge-only
2657,2600.0,0.4,2600.0,2600.0,matched,,2025-02-28T06:28:35.478910+00:00,2024-04-13T09:17:02.279461+00:00,0.9341613757684524,-1.9706300073184075,,0.35844155844155845,True,True,True,True,all4-early-fusion+ridge-only
2658,2600.0,0.4,2600.0,2600.0,matched,,2025-02-28T06:28:35.576320+00:00,2024-04-13T09:17:02.279461+00:00,0.9093584202946424,-1.9802808173809208,,0.42857142857142855,True,True,True,True,all4-early-fusion+ridge-only
2659,2600.0,0.4,2600.0,2600.0,matched,,2025-02-28T06:28:35.676953+00:00,2024-04-13T09:17:02.279461+00:00,0.883100409259855,-1.9584802376947892,,0.5,True,True,True,True,all4-early-fusion+ridge-only
2660,2601.0,0.4,2601.0,2601.0,matched,,2025-02-28T06:28:35.783295+00:00,2024-04-13T09:17:02.383677+00:00,0.8643503222042613,-2.3699371568966487,,0.5714285714285714,True,True,True,True,all4-early-fusion+ridge-only
2661,2602.0,0.4,2602.0,2602.0,matched,,2025-02-28T06:28:35.875251+00:00,2024-04-13T09:17:02.479159+00:00,0.8351925356080215,-2.2330042706390225,,0.6415584415584416,True,True,True,True,all4-early-fusion+ridge-only
2662,2603.0,0.4,2603.0,2603.0,matched,,2025-02-28T06:28:35.975384+00:00,2024-04-13T09:17:02.578743+00:00,0.7910205349274576,-2.3453987252140975,,0.7090909090909091,True,True,True,True,all4-early-fusion+ridge-only
2663,,,,,no_match,ridge_z below tau (0.75),2025-02-28T06:28:36.075036+00:00,,0.7438416910101555,-2.2369600038563853,,0.7727272727272727,True,True,True,True,all4-early-fusion+ridge-only
2664,,,,,no_match,ridge_z below tau (0.75),2025-02-28T06:28:36.176105+00:00,,0.7115501872591964,-2.266225983718048,,0.8157894736842105,True,True,True,True,all4-early-fusion+ridge-only
2665,,,,,no_match,ridge_z below tau (0.75),2025-02-28T06:28:36.279740+00:00,,0.6746310334860673,-2.173418011625937,,0.8596491228070176,True,True,True,True,all4-early-fusion+ridge-only
2666,,,,,no_match,ridge_z below tau (0.75),2025-02-28T06:28:36.381581+00:00,,0.6788522756007173,-2.29777502063914,,0.9029927760577915,True,True,True,True,all4-early-fusion+ridge-only
2667,,,,,no_match,ridge_z below tau (0.75),2025-02-28T06:28:36.481452+00:00,,0.6371442377225011,-2.46666388081457,,0.9436274509803921,True,True,True,True,all4-early-fusion+ridge-only
2668,,,,,no_match,ridge_z below tau (0.75),2025-02-28T06:28:36.580280+00:00,,0.6462663131534434,-2.4895972904087302,,0.9779411764705882,True,True,True,True,all4-early-fusion+ridge-only
2669,,,,,no_match,ridge_z below tau (0.75),2025-02-28T06:28:36.678450+00:00,,0.6345889448544263,-2.3354873586414717,,1.0,True,True,True,True,all4-early-fusion+ridge-only
2670,,,,,no_match,ridge_z below tau (0.75),2025-02-28T06:28:36.775418+00:00,,0.6235683813624789,-2.3645909291992093,,1.0,True,True,True,True,all4-early-fusion+ridge-only
2671,,,,,no_match,ridge_z below tau (0.75),2025-02-28T06:28:36.878996+00:00,,0.5981916804860309,-2.323503493635499,,1.0,True,True,True,True,all4-early-fusion+ridge-only
2672,,,,,no_match,ridge_z below tau (0.75),2025-02-28T06:28:36.978862+00:00,,0.5833297806467697,-2.6917926872994,,1.0,True,True,True,True,all4-early-fusion+ridge-only
2673,,,,,no_match,ridge_z below tau (0.75),2025-02-28T06:28:37.080467+00:00,,0.591662057556993,-2.2450558954737323,,1.0,True,True,True,True,all4-early-fusion+ridge-only
2674,,,,,no_frame,no decoded frame for this row,2025-02-28T06:28:37.180401+00:00,,,,,,False,False,False,False,all4-early-fusion+ridge-only
2675,,,,,no_frame,no decoded frame for this row,2025-02-28T06:28:37.274451+00:00,,,,,,False,False,False,False,all4-early-fusion+ridge-only
2676,,,,,no_frame,no decoded frame for this row,2025-02-28T06:28:37.377840+00:00,,,,,,False,False,False,False,all4-early-fusion+ridge-only
2677,,,,,no_frame,no decoded frame for this row,2025-02-28T06:28:37.474599+00:00,,,,,,False,False,False,False,all4-early-fusion+ridge-only
2678,,,,,no_frame,no decoded frame for this row,2025-02-28T06:28:37.579350+00:00,,,,,,False,False,False,False,all4-early-fusion+ridge-only
2679,,,,,no_frame,no decoded frame for this row,2025-02-28T06:28:37.674637+00:00,,,,,,False,False,False,False,all4-early-fusion+ridge-only
2680,,,,,no_frame,no decoded frame for this row,2025-02-28T06:28:37.779389+00:00,,,,,,False,False,False,False,all4-early-fusion+ridge-only
2681,,,,,no_frame,no decoded frame for this row,2025-02-28T06:28:37.874424+00:00,,,,,,False,False,False,False,all4-early-fusion+ridge-only
2682,,,,,no_frame,no decoded frame for this row,2025-02-28T06:28:37.974320+00:00,,,,,,False,False,False,False,all4-early-fusion+ridge-only
2683,,,,,no_frame,no decoded frame for this row,2025-02-28T06:28:38.074182+00:00,,,,,,False,False,False,False,all4-early-fusion+ridge-only
2684,,,,,no_frame,no decoded frame for this row,2025-02-28T06:28:38.175245+00:00,,,,,,False,False,False,False,all4-early-fusion+ridge-only
2685,,,,,no_frame,no decoded frame for this row,2025-02-28T06:28:38.274999+00:00,,,,,,False,False,False,False,all4-early-fusion+ridge-only
2686,,,,,no_frame,no decoded frame for this row,2025-02-28T06:28:38.374723+00:00,,,,,,False,False,False,False,all4-early-fusion+ridge-only
2687,,,,,no_frame,no decoded frame for this row,2025-02-28T06:28:38.474424+00:00,,,,,,False,False,False,False,all4-early-fusion+ridge-only
2688,,,,,no_frame,no decoded frame for this row,2025-02-28T06:28:38.574581+00:00,,,,,,False,False,False,False,all4-early-fusion+ridge-only
2689,,,,,no_frame,no decoded frame for this row,2025-02-28T06:28:38.678056+00:00,,,,,,False,False,False,False,all4-early-fusion+ridge-only
2690,,,,,no_frame,no decoded frame for this row,2025-02-28T06:28:38.773946+00:00,,,,,,False,False,False,False,all4-early-fusion+ridge-only
2691,,,,,no_frame,no decoded frame for this row,2025-02-28T06:28:38.874032+00:00,,,,,,False,False,False,False,all4-early-fusion+ridge-only
2692,,,,,no_frame,no decoded frame for this row,2025-02-28T06:28:38.974643+00:00,,,,,,False,False,False,False,all4-early-fusion+ridge-only
2693,,,,,no_frame,no decoded frame for this row,2025-02-28T06:28:39.074551+00:00,,,,,,False,False,False,False,all4-early-fusion+ridge-only
2694,,,,,no_frame,no decoded frame for this row,2025-02-28T06:28:39.174062+00:00,,,,,,False,False,False,False,all4-early-fusion+ridge-only
