runA_frame,runB_frame,lo,hi,boundary_clamped,ridge_z,margin_z,cam_disagree,desc_disagree,slope,argmax_disagree,sift_inliers,ambiguity,ambiguous_range,no_frame,confidence,status,reason,runA_has_cam0,runA_has_cam5,runB_has_cam0,runB_has_cam5,method,runA_time_utc,runB_time_utc
0,70.0,70.0,70.0,False,0.710699990105645,-1.1499189657147275,12.0,123.0,1.0,585.0,,0.0,False,False,,no_match,ridge_z below tau (0.75),True,True,True,True,seqslam+dinov2,2025-02-28T06:24:09.579560+00:00,2024-04-13T09:12:49.284054+00:00
1,71.0,71.0,71.0,False,0.7041795463218199,-1.1456744761936233,12.0,123.0,1.0,584.0,,0.0,False,False,,no_match,ridge_z below tau (0.75),True,True,True,True,seqslam+dinov2,2025-02-28T06:24:09.679609+00:00,2024-04-13T09:12:49.380272+00:00
2,72.0,72.0,72.0,False,0.7360797084627655,-0.9946668837918782,12.0,123.0,0.967032967032967,583.0,,0.0,False,False,,no_match,ridge_z below tau (0.75),True,True,True,True,seqslam+dinov2,2025-02-28T06:24:09.779504+00:00,2024-04-13T09:12:49.483236+00:00
3,73.0,73.0,73.0,False,0.7624499166165869,-0.8305530213916299,11.0,122.0,0.9186813186813186,582.0,,0.0,False,False,0.4,matched,,True,True,True,True,seqslam+dinov2,2025-02-28T06:24:09.882029+00:00,2024-04-13T09:12:49.577913+00:00
4,74.0,74.0,74.0,False,0.7866572582731953,-0.9902889078092403,10.0,121.0,0.8642857142857143,581.0,,0.0,False,False,0.4,matched,,True,True,True,True,seqslam+dinov2,2025-02-28T06:24:09.984450+00:00,2024-04-13T09:12:49.681651+00:00
5,75.0,75.0,75.0,False,0.8108419070359041,-1.1970068231941802,9.0,120.0,0.8088235294117647,580.0,,0.0,False,False,0.4,matched,,True,True,True,True,seqslam+dinov2,2025-02-28T06:24:10.285273+00:00,2024-04-13T09:12:49.780219+00:00
6,76.0,76.0,76.0,False,0.8519103629503526,-1.1001959503263574,8.0,119.0,0.7549019607843137,579.0,,0.0,False,False,0.4,matched,,True,True,True,True,seqslam+dinov2,2025-02-28T06:24:10.382236+00:00,2024-04-13T09:12:49.881076+00:00
7,77.0,77.0,77.0,False,0.894449323233662,-0.8083593377833127,7.0,118.0,0.7038183694530443,578.0,,0.0,False,False,0.4,matched,,True,True,True,True,seqslam+dinov2,2025-02-28T06:24:10.476887+00:00,2024-04-13T09:12:49.980721+00:00
8,78.0,78.0,78.0,False,0.9229945454561288,-0.7752788504418053,6.0,117.0,0.656140350877193,577.0,,0.0,False,False,0.4,matched,,True,True,True,True,seqslam+dinov2,2025-02-28T06:24:10.576364+00:00,2024-04-13T09:12:50.078273+00:00
9,79.0,79.0,79.0,False,0.936594722329037,-0.7491293480350936,6.0,116.0,0.6120300751879699,576.0,,0.0,False,False,0.4,matched,,True,True,True,True,seqslam+dinov2,2025-02-28T06:24:10.675030+00:00,2024-04-13T09:12:50.178119+00:00
10,80.0,80.0,80.0,False,0.9644034893707072,-0.7010349074857161,6.0,115.0,0.5714285714285714,575.0,,0.0,False,False,0.4,matched,,True,True,True,True,seqslam+dinov2,2025-02-28T06:24:10.772827+00:00,2024-04-13T09:12:50.277563+00:00
11,81.0,81.0,81.0,False,1.0120593884858415,-0.6784640018830139,6.0,114.0,0.49999999999999994,574.0,,0.0,False,False,0.4,matched,,True,True,True,True,seqslam+dinov2,2025-02-28T06:24:10.873213+00:00,2024-04-13T09:12:50.380162+00:00
12,81.0,81.0,81.0,False,1.0506333753491406,-0.7014318208718762,6.0,113.0,0.4285714285714285,574.0,,0.0,False,False,0.4,matched,,True,True,True,True,seqslam+dinov2,2025-02-28T06:24:10.973905+00:00,2024-04-13T09:12:50.380162+00:00
13,81.0,81.0,81.0,False,1.059538428110515,-0.661409390494559,6.0,112.0,0.35844155844155845,574.0,,0.0,False,False,0.4,matched,,True,True,True,True,seqslam+dinov2,2025-02-28T06:24:11.073221+00:00,2024-04-13T09:12:50.380162+00:00
14,81.0,81.0,81.0,False,1.067709682118392,-0.6617147849213447,6.0,111.0,0.2909090909090909,574.0,,0.0,False,False,0.4,matched,,True,True,True,True,seqslam+dinov2,2025-02-28T06:24:11.176060+00:00,2024-04-13T09:12:50.380162+00:00
15,81.0,81.0,81.0,False,1.0741431062937787,-0.690588593796349,6.0,110.0,0.22727272727272727,574.0,,0.0,False,False,0.4,matched,,True,True,True,True,seqslam+dinov2,2025-02-28T06:24:11.276587+00:00,2024-04-13T09:12:50.380162+00:00
16,81.0,81.0,81.0,False,1.0746687573749638,-0.6843853169687537,6.0,110.0,0.16883116883116883,574.0,,0.0,False,False,0.4,matched,,True,True,True,True,seqslam+dinov2,2025-02-28T06:24:11.372494+00:00,2024-04-13T09:12:50.380162+00:00
17,81.0,81.0,81.0,False,1.0753662818623162,-0.6842632598508762,6.0,110.0,0.11688311688311688,574.0,,0.0,False,False,0.4,matched,,True,True,True,True,seqslam+dinov2,2025-02-28T06:24:11.473618+00:00,2024-04-13T09:12:50.380162+00:00
18,81.0,81.0,81.0,False,1.0733168409464084,-0.6841665774515222,6.0,110.0,0.07272727272727272,574.0,,0.0,False,False,0.4,matched,,True,True,True,True,seqslam+dinov2,2025-02-28T06:24:11.572660+00:00,2024-04-13T09:12:50.380162+00:00
19,81.0,81.0,81.0,False,1.068044845912163,-0.6617916046751962,6.0,110.0,0.03766233766233766,574.0,,0.0,False,False,0.4,matched,,True,True,True,True,seqslam+dinov2,2025-02-28T06:24:11.673916+00:00,2024-04-13T09:12:50.380162+00:00
20,81.0,81.0,81.0,False,1.0628273752090125,-0.6491867560338509,6.0,110.0,0.012987012987012988,574.0,,0.0,False,False,0.4,matched,,True,True,True,True,seqslam+dinov2,2025-02-28T06:24:11.776960+00:00,2024-04-13T09:12:50.380162+00:00
21,81.0,81.0,81.0,False,1.0598704617934624,-0.6772751907898695,6.0,110.0,0.0,574.0,,0.0,False,False,0.4,matched,,True,True,True,True,seqslam+dinov2,2025-02-28T06:24:11.873589+00:00,2024-04-13T09:12:50.380162+00:00
22,81.0,81.0,81.0,False,1.056572476204867,-0.6681369424399626,6.0,110.0,0.0,574.0,,0.0,False,False,0.4,matched,,True,True,True,True,seqslam+dinov2,2025-02-28T06:24:11.971840+00:00,2024-04-13T09:12:50.380162+00:00
23,81.0,81.0,81.0,False,1.0505276149793576,-0.7003544563852144,6.0,110.0,0.0,574.0,,0.0,False,False,0.4,matched,,True,True,True,True,seqslam+dinov2,2025-02-28T06:24:12.080695+00:00,2024-04-13T09:12:50.380162+00:00
24,81.0,81.0,81.0,False,1.0485348632087217,-0.7086610978685459,6.0,110.0,0.0,574.0,,0.0,False,False,0.4,matched,,True,True,True,True,seqslam+dinov2,2025-02-28T06:24:12.173134+00:00,2024-04-13T09:12:50.380162+00:00
25,81.0,81.0,81.0,False,1.046231197605811,-0.703409628388977,6.0,110.0,0.0,574.0,,0.0,False,False,0.4,matched,,True,True,True,True,seqslam+dinov2,2025-02-28T06:24:12.272324+00:00,2024-04-13T09:12:50.380162+00:00
26,81.0,81.0,81.0,False,1.042145880451639,-0.6943537602634207,6.0,110.0,0.0,574.0,,0.0,False,False,0.4,matched,,True,True,True,True,seqslam+dinov2,2025-02-28T06:24:12.379882+00:00,2024-04-13T09:12:50.380162+00:00
27,81.0,81.0,81.0,False,1.0406522162973788,-0.6994101709186369,6.0,110.0,0.0,574.0,,0.0,False,False,0.4,matched,,True,True,True,True,seqslam+dinov2,2025-02-28T06:24:12.475963+00:00,2024-04-13T09:12:50.380162+00:00
28,81.0,81.0,81.0,False,1.0394824873848698,-0.7347811830046647,6.0,110.0,0.0,574.0,,0.0,False,False,0.4,matched,,True,True,True,True,seqslam+dinov2,2025-02-28T06:24:12.572725+00:00,2024-04-13T09:12:50.380162+00:00
29,81.0,81.0,81.0,False,1.0420355750050185,-0.6975903921917477,6.0,110.0,0.0,574.0,,0.0,False,False,0.4,matched,,True,True,True,True,seqslam+dinov2,2025-02-28T06:24:12.675917+00:00,2024-04-13T09:12:50.380162+00:00
30,81.0,81.0,81.0,False,1.0455706391175332,-0.705017193251567,6.0,110.0,0.0,574.0,,0.0,False,False,0.4,matched,,True,True,True,True,seqslam+dinov2,2025-02-28T06:24:12.775671+00:00,2024-04-13T09:12:50.380162+00:00
31,81.0,81.0,81.0,False,1.0479997547132887,-0.6955335412862338,6.0,110.0,0.0,574.0,,0.0,False,False,0.4,matched,,True,True,True,True,seqslam+dinov2,2025-02-28T06:24:12.875898+00:00,2024-04-13T09:12:50.380162+00:00
32,81.0,81.0,81.0,False,1.0490262883146682,-0.6917820694041761,6.0,110.0,0.0,574.0,,0.0,False,False,0.4,matched,,True,True,True,True,seqslam+dinov2,2025-02-28T06:24:12.976863+00:00,2024-04-13T09:12:50.380162+00:00
33,81.0,81.0,81.0,False,1.0518131790829832,-0.6952547014915997,6.0,110.0,0.0,574.0,,0.0,False,False,0.4,matched,,True,True,True,True,seqslam+dinov2,2025-02-28T06:24:13.072771+00:00,2024-04-13T09:12:50.380162+00:00
34,81.0,81.0,81.0,False,1.054525208843637,-0.6774740675783175,6.0,110.0,0.0,574.0,,0.0,False,False,0.4,matched,,True,True,True,True,seqslam+dinov2,2025-02-28T06:24:13.172565+00:00,2024-04-13T09:12:50.380162+00:00
35,81.0,81.0,81.0,False,1.0561275288466951,-0.6849043612861028,6.0,110.0,0.0,574.0,,0.0,False,False,0.4,matched,,True,True,True,True,seqslam+dinov2,2025-02-28T06:24:13.272890+00:00,2024-04-13T09:12:50.380162+00:00
36,81.0,81.0,81.0,False,1.0579128360862482,-0.6772563706929613,6.0,110.0,0.0,574.0,,0.0,False,False,0.4,matched,,True,True,True,True,seqslam+dinov2,2025-02-28T06:24:13.372481+00:00,2024-04-13T09:12:50.380162+00:00
37,81.0,81.0,81.0,False,1.0590522707585022,-0.6910727578203548,6.0,110.0,0.0,574.0,,0.0,False,False,0.4,matched,,True,True,True,True,seqslam+dinov2,2025-02-28T06:24:13.477386+00:00,2024-04-13T09:12:50.380162+00:00
38,81.0,81.0,81.0,False,1.0601510848918694,-0.6768118377327985,6.0,110.0,0.0,574.0,,0.0,False,False,0.4,matched,,True,True,True,True,seqslam+dinov2,2025-02-28T06:24:13.572514+00:00,2024-04-13T09:12:50.380162+00:00
39,81.0,81.0,81.0,False,1.063556135951911,-0.6770925108848842,6.0,110.0,0.0,574.0,,0.0,False,False,0.4,matched,,True,True,True,True,seqslam+dinov2,2025-02-28T06:24:13.672647+00:00,2024-04-13T09:12:50.380162+00:00
40,81.0,81.0,81.0,False,1.0627319871440177,-0.6792365743094371,6.0,110.0,0.0,574.0,,0.0,False,False,0.4,matched,,True,True,True,True,seqslam+dinov2,2025-02-28T06:24:13.772535+00:00,2024-04-13T09:12:50.380162+00:00
41,81.0,81.0,81.0,False,1.063189460853267,-0.6822474931678444,6.0,110.0,0.0,574.0,,0.0,False,False,0.4,matched,,True,True,True,True,seqslam+dinov2,2025-02-28T06:24:13.872871+00:00,2024-04-13T09:12:50.380162+00:00
42,81.0,81.0,81.0,False,1.0636243353957753,-0.6945458136827087,6.0,110.0,0.0,574.0,,0.0,False,False,0.4,matched,,True,True,True,True,seqslam+dinov2,2025-02-28T06:24:13.972589+00:00,2024-04-13T09:12:50.380162+00:00
43,81.0,81.0,81.0,False,1.0649379378445896,-0.6961364194388666,6.0,110.0,0.0,574.0,,0.0,False,False,0.4,matched,,True,True,True,True,seqslam+dinov2,2025-02-28T06:24:14.078054+00:00,2024-04-13T09:12:50.380162+00:00
44,81.0,81.0,81.0,False,1.0642138296077528,-0.6547234072502004,6.0,110.0,0.0,574.0,,0.0,False,False,0.4,matched,,True,True,True,True,seqslam+dinov2,2025-02-28T06:24:14.172325+00:00,2024-04-13T09:12:50.380162+00:00
45,81.0,81.0,81.0,False,1.064934167440468,-0.6687653681138557,6.0,110.0,0.0,574.0,,0.0,False,False,0.4,matched,,True,True,True,True,seqslam+dinov2,2025-02-28T06:24:14.272593+00:00,2024-04-13T09:12:50.380162+00:00
46,81.0,81.0,81.0,False,1.0669603013611513,-0.6723452935136278,6.0,110.0,0.0,574.0,,0.0,False,False,0.4,matched,,True,True,True,True,seqslam+dinov2,2025-02-28T06:24:14.372645+00:00,2024-04-13T09:12:50.380162+00:00
47,81.0,81.0,81.0,False,1.069693002051132,-0.663982296734416,6.0,110.0,0.0,574.0,,0.0,False,False,0.4,matched,,True,True,True,True,seqslam+dinov2,2025-02-28T06:24:14.472765+00:00,2024-04-13T09:12:50.380162+00:00
48,81.0,81.0,81.0,False,1.0718699790563007,-0.6673010000614348,6.0,110.0,0.0,574.0,,0.0,False,False,0.4,matched,,True,True,True,True,seqslam+dinov2,2025-02-28T06:24:14.573363+00:00,2024-04-13T09:12:50.380162+00:00
49,81.0,81.0,81.0,False,1.0727530229808104,-0.6583853846291441,6.0,110.0,0.0,574.0,,0.0,False,False,0.4,matched,,True,True,True,True,seqslam+dinov2,2025-02-28T06:24:14.672781+00:00,2024-04-13T09:12:50.380162+00:00
50,81.0,81.0,81.0,False,1.0688048015240534,-0.6637845055278615,6.0,110.0,0.0,574.0,,0.0,False,False,0.4,matched,,True,True,True,True,seqslam+dinov2,2025-02-28T06:24:14.772523+00:00,2024-04-13T09:12:50.380162+00:00
51,81.0,81.0,81.0,False,1.0658799858490051,-0.6591201890858513,6.0,110.0,0.0,574.0,,0.0,False,False,0.4,matched,,True,True,True,True,seqslam+dinov2,2025-02-28T06:24:14.877814+00:00,2024-04-13T09:12:50.380162+00:00
52,81.0,81.0,81.0,False,1.0652993274915776,-0.6560176435050031,6.0,110.0,0.0,574.0,,0.0,False,False,0.4,matched,,True,True,True,True,seqslam+dinov2,2025-02-28T06:24:14.977192+00:00,2024-04-13T09:12:50.380162+00:00
53,81.0,81.0,81.0,False,1.0646914863903836,-0.6607123720446795,6.0,110.0,0.0,574.0,,0.0,False,False,0.4,matched,,True,True,True,True,seqslam+dinov2,2025-02-28T06:24:15.072723+00:00,2024-04-13T09:12:50.380162+00:00
54,81.0,81.0,81.0,False,1.06327929483302,-0.6707163695417715,6.0,110.0,0.0,574.0,,0.0,False,False,0.4,matched,,True,True,True,True,seqslam+dinov2,2025-02-28T06:24:15.172710+00:00,2024-04-13T09:12:50.380162+00:00
55,81.0,81.0,81.0,False,1.0631369054034814,-0.6745533464454609,6.0,110.0,0.0,574.0,,0.0,False,False,0.4,matched,,True,True,True,True,seqslam+dinov2,2025-02-28T06:24:15.277607+00:00,2024-04-13T09:12:50.380162+00:00
56,81.0,81.0,81.0,False,1.0634753332032607,-0.6930591574161928,6.0,110.0,0.0,574.0,,0.0,False,False,0.4,matched,,True,True,True,True,seqslam+dinov2,2025-02-28T06:24:15.377987+00:00,2024-04-13T09:12:50.380162+00:00
57,81.0,81.0,81.0,False,1.0634523691427773,-0.672667764126222,6.0,110.0,0.0,574.0,,0.0,False,False,0.4,matched,,True,True,True,True,seqslam+dinov2,2025-02-28T06:24:15.477627+00:00,2024-04-13T09:12:50.380162+00:00
58,81.0,81.0,81.0,False,1.0638710363526815,-0.6714024480518663,6.0,110.0,0.0,574.0,,0.0,False,False,0.4,matched,,True,True,True,True,seqslam+dinov2,2025-02-28T06:24:15.577778+00:00,2024-04-13T09:12:50.380162+00:00
59,81.0,81.0,81.0,False,1.0653584580376185,-0.6469006500151313,6.0,110.0,0.0,574.0,,0.0,False,False,0.4,matched,,True,True,True,True,seqslam+dinov2,2025-02-28T06:24:15.672507+00:00,2024-04-13T09:12:50.380162+00:00
60,81.0,81.0,81.0,False,1.0697504796350077,-0.6793762182900103,6.0,110.0,0.0,574.0,,0.0,False,False,0.4,matched,,True,True,True,True,seqslam+dinov2,2025-02-28T06:24:15.776014+00:00,2024-04-13T09:12:50.380162+00:00
61,81.0,81.0,81.0,False,1.069560756214965,-0.6652555406923433,6.0,110.0,0.0,574.0,,0.0,False,False,0.4,matched,,True,True,True,True,seqslam+dinov2,2025-02-28T06:24:15.876688+00:00,2024-04-13T09:12:50.380162+00:00
62,81.0,81.0,81.0,False,1.0720097590746536,-0.6537312432757809,6.0,110.0,0.0,574.0,,0.0,False,False,0.4,matched,,True,True,True,True,seqslam+dinov2,2025-02-28T06:24:15.972682+00:00,2024-04-13T09:12:50.380162+00:00
63,81.0,81.0,81.0,False,1.0735231139633998,-0.6479742151917056,6.0,110.0,0.0,574.0,,0.0,False,False,0.4,matched,,True,True,True,True,seqslam+dinov2,2025-02-28T06:24:16.072892+00:00,2024-04-13T09:12:50.380162+00:00
64,81.0,81.0,81.0,False,1.0763308613533857,-0.6574728631492346,6.0,110.0,0.0,574.0,,0.0,False,False,0.4,matched,,True,True,True,True,seqslam+dinov2,2025-02-28T06:24:16.173905+00:00,2024-04-13T09:12:50.380162+00:00
65,81.0,81.0,81.0,False,1.0752456095365224,-0.634414303710856,6.0,110.0,0.0,574.0,,0.0,False,False,0.4,matched,,True,True,True,True,seqslam+dinov2,2025-02-28T06:24:16.275432+00:00,2024-04-13T09:12:50.380162+00:00
66,81.0,81.0,81.0,False,1.0745727599980042,-0.6837595278881354,6.0,110.0,0.0,574.0,,0.0,False,False,0.4,matched,,True,True,True,True,seqslam+dinov2,2025-02-28T06:24:16.372733+00:00,2024-04-13T09:12:50.380162+00:00
67,81.0,81.0,81.0,False,1.0737895979454295,-0.6653582312670094,6.0,110.0,0.0,574.0,,0.0,False,False,0.4,matched,,True,True,True,True,seqslam+dinov2,2025-02-28T06:24:16.472629+00:00,2024-04-13T09:12:50.380162+00:00
68,81.0,81.0,81.0,False,1.0727247814546421,-0.6553231838777878,6.0,110.0,0.0,574.0,,0.0,False,False,0.4,matched,,True,True,True,True,seqslam+dinov2,2025-02-28T06:24:16.576677+00:00,2024-04-13T09:12:50.380162+00:00
69,81.0,81.0,81.0,False,1.0700884210313761,-0.6522618662180137,6.0,110.0,0.0,574.0,,0.0,False,False,0.4,matched,,True,True,True,True,seqslam+dinov2,2025-02-28T06:24:16.676620+00:00,2024-04-13T09:12:50.380162+00:00
70,81.0,81.0,81.0,False,1.0694128440275714,-0.6957723493774337,6.0,110.0,0.0,574.0,,0.0,False,False,0.4,matched,,True,True,True,True,seqslam+dinov2,2025-02-28T06:24:16.774986+00:00,2024-04-13T09:12:50.380162+00:00
71,81.0,81.0,81.0,False,1.068028848941636,-0.7038387438695417,6.0,110.0,0.0,574.0,,0.0,False,False,0.4,matched,,True,True,True,True,seqslam+dinov2,2025-02-28T06:24:16.875786+00:00,2024-04-13T09:12:50.380162+00:00
72,81.0,81.0,81.0,False,1.0707440300269868,-0.6974329185418551,6.0,110.0,0.0,574.0,,0.0,False,False,0.4,matched,,True,True,True,True,seqslam+dinov2,2025-02-28T06:24:16.976136+00:00,2024-04-13T09:12:50.380162+00:00
73,81.0,81.0,81.0,False,1.070434131034386,-0.6576676846454015,6.0,110.0,0.0,574.0,,0.0,False,False,0.4,matched,,True,True,True,True,seqslam+dinov2,2025-02-28T06:24:17.073753+00:00,2024-04-13T09:12:50.380162+00:00
74,81.0,81.0,81.0,False,1.067670376398087,-0.6680617190450042,6.0,110.0,0.0,574.0,,0.0,False,False,0.4,matched,,True,True,True,True,seqslam+dinov2,2025-02-28T06:24:17.177782+00:00,2024-04-13T09:12:50.380162+00:00
75,81.0,81.0,81.0,False,1.0663271479499001,-0.6464547963429512,6.0,110.0,0.0,574.0,,0.0,False,False,0.4,matched,,True,True,True,True,seqslam+dinov2,2025-02-28T06:24:17.283597+00:00,2024-04-13T09:12:50.380162+00:00
76,81.0,81.0,81.0,False,1.069151682708569,-0.6182406339313766,6.0,110.0,0.0,574.0,,0.0,False,False,0.4,matched,,True,True,True,True,seqslam+dinov2,2025-02-28T06:24:17.377339+00:00,2024-04-13T09:12:50.380162+00:00
77,81.0,81.0,81.0,False,1.0717652895962926,-0.6281461617422084,6.0,110.0,0.0,574.0,,0.0,False,False,0.4,matched,,True,True,True,True,seqslam+dinov2,2025-02-28T06:24:17.475187+00:00,2024-04-13T09:12:50.380162+00:00
78,81.0,81.0,81.0,False,1.0710216316276147,-0.6530406070336472,6.0,110.0,0.0,574.0,,0.0,False,False,0.4,matched,,True,True,True,True,seqslam+dinov2,2025-02-28T06:24:17.574285+00:00,2024-04-13T09:12:50.380162+00:00
79,81.0,81.0,81.0,False,1.0722434529114708,-0.6575300155192352,6.0,110.0,0.0,574.0,,0.0,False,False,0.4,matched,,True,True,True,True,seqslam+dinov2,2025-02-28T06:24:17.676220+00:00,2024-04-13T09:12:50.380162+00:00
80,81.0,81.0,81.0,False,1.073344305109927,-0.6491653930481247,6.0,110.0,0.0,574.0,,0.0,False,False,0.4,matched,,True,True,True,True,seqslam+dinov2,2025-02-28T06:24:17.774470+00:00,2024-04-13T09:12:50.380162+00:00
81,81.0,81.0,81.0,False,1.074945400882572,-0.6419589285689316,6.0,110.0,0.0,574.0,,0.0,False,False,0.4,matched,,True,True,True,True,seqslam+dinov2,2025-02-28T06:24:17.874768+00:00,2024-04-13T09:12:50.380162+00:00
82,81.0,81.0,81.0,False,1.0748708091441577,-0.6571804146423554,6.0,110.0,0.0,574.0,,0.0,False,False,0.4,matched,,True,True,True,True,seqslam+dinov2,2025-02-28T06:24:17.976120+00:00,2024-04-13T09:12:50.380162+00:00
83,81.0,81.0,81.0,False,1.0740070741487326,-0.6853743528769201,6.0,110.0,0.0,574.0,,0.0,False,False,0.4,matched,,True,True,True,True,seqslam+dinov2,2025-02-28T06:24:18.075002+00:00,2024-04-13T09:12:50.380162+00:00
84,81.0,81.0,81.0,False,1.0739758011292073,-0.6565181225215961,6.0,110.0,0.0,574.0,,0.0,False,False,0.4,matched,,True,True,True,True,seqslam+dinov2,2025-02-28T06:24:18.174509+00:00,2024-04-13T09:12:50.380162+00:00
85,81.0,81.0,81.0,False,1.074922152219736,-0.6564411375759089,6.0,110.0,0.0,574.0,,0.0,False,False,0.4,matched,,True,True,True,True,seqslam+dinov2,2025-02-28T06:24:18.280268+00:00,2024-04-13T09:12:50.380162+00:00
86,81.0,81.0,81.0,False,1.0741397563305954,-0.6403705292173483,6.0,110.0,0.0,574.0,,0.0,False,False,0.4,matched,,True,True,True,True,seqslam+dinov2,2025-02-28T06:24:18.375302+00:00,2024-04-13T09:12:50.380162+00:00
87,81.0,81.0,81.0,False,1.0700263225338136,-0.6253241019998212,6.0,110.0,0.0,574.0,,0.0,False,False,0.4,matched,,True,True,True,True,seqslam+dinov2,2025-02-28T06:24:18.475810+00:00,2024-04-13T09:12:50.380162+00:00
88,81.0,81.0,81.0,False,1.0698111374760415,-0.6632316729672842,6.0,110.0,0.0,574.0,,0.0,False,False,0.4,matched,,True,True,True,True,seqslam+dinov2,2025-02-28T06:24:18.578780+00:00,2024-04-13T09:12:50.380162+00:00
89,81.0,81.0,81.0,False,1.074130528648658,-0.6677052791200773,6.0,110.0,0.0,574.0,,0.0,False,False,0.4,matched,,True,True,True,True,seqslam+dinov2,2025-02-28T06:24:18.681265+00:00,2024-04-13T09:12:50.380162+00:00
90,81.0,81.0,81.0,False,1.0765501536106723,-0.6693588845383212,6.0,110.0,0.0,574.0,,0.0,False,False,0.4,matched,,True,True,True,True,seqslam+dinov2,2025-02-28T06:24:18.775327+00:00,2024-04-13T09:12:50.380162+00:00
91,81.0,81.0,81.0,False,1.0768867358397978,-0.6603682990045194,6.0,110.0,0.0,574.0,,0.0,False,False,0.4,matched,,True,True,True,True,seqslam+dinov2,2025-02-28T06:24:18.875850+00:00,2024-04-13T09:12:50.380162+00:00
92,81.0,81.0,81.0,False,1.0767711987529618,-0.6847338237988496,6.0,110.0,0.0,574.0,,0.0,False,False,0.4,matched,,True,True,True,True,seqslam+dinov2,2025-02-28T06:24:18.975107+00:00,2024-04-13T09:12:50.380162+00:00
93,81.0,81.0,81.0,False,1.0772858079897962,-0.6634077285144466,6.0,110.0,0.0,574.0,,0.0,False,False,0.4,matched,,True,True,True,True,seqslam+dinov2,2025-02-28T06:24:19.075160+00:00,2024-04-13T09:12:50.380162+00:00
94,81.0,81.0,81.0,False,1.0788834063086543,-0.6183586899948916,6.0,110.0,0.0,574.0,,0.0,False,False,0.4,matched,,True,True,True,True,seqslam+dinov2,2025-02-28T06:24:19.179426+00:00,2024-04-13T09:12:50.380162+00:00
95,81.0,81.0,81.0,False,1.0836101208606446,-0.614885745828802,6.0,110.0,0.0,574.0,,0.0,False,False,0.4,matched,,True,True,True,True,seqslam+dinov2,2025-02-28T06:24:19.277296+00:00,2024-04-13T09:12:50.380162+00:00
96,81.0,81.0,81.0,False,1.0862319958288025,-0.648231775661968,6.0,110.0,0.0,574.0,,0.0,False,False,0.4,matched,,True,True,True,True,seqslam+dinov2,2025-02-28T06:24:19.374804+00:00,2024-04-13T09:12:50.380162+00:00
97,81.0,81.0,81.0,False,1.0874212032630748,-0.6324706529685329,6.0,110.0,0.0,574.0,,0.0,False,False,0.4,matched,,True,True,True,True,seqslam+dinov2,2025-02-28T06:24:19.474900+00:00,2024-04-13T09:12:50.380162+00:00
98,81.0,81.0,81.0,False,1.0913419677578242,-0.6234975899473567,6.0,110.0,0.0,574.0,,0.0,False,False,0.4,matched,,True,True,True,True,seqslam+dinov2,2025-02-28T06:24:19.575650+00:00,2024-04-13T09:12:50.380162+00:00
99,81.0,81.0,81.0,False,1.0926638024470294,-0.6324770229907462,6.0,110.0,0.0,574.0,,0.0,False,False,0.4,matched,,True,True,True,True,seqslam+dinov2,2025-02-28T06:24:19.676307+00:00,2024-04-13T09:12:50.380162+00:00
100,81.0,81.0,81.0,False,1.092653258000487,-0.6178372877896785,6.0,110.0,0.0,574.0,,0.0,False,False,0.4,matched,,True,True,True,True,seqslam+dinov2,2025-02-28T06:24:19.775030+00:00,2024-04-13T09:12:50.380162+00:00
101,81.0,81.0,81.0,False,1.0909855560166077,-0.6512141538080594,6.0,110.0,0.0,574.0,,0.0,False,False,0.4,matched,,True,True,True,True,seqslam+dinov2,2025-02-28T06:24:19.876384+00:00,2024-04-13T09:12:50.380162+00:00
102,81.0,81.0,81.0,False,1.0876164144020526,-0.6488413574826657,6.0,110.0,0.0,574.0,,0.0,False,False,0.4,matched,,True,True,True,True,seqslam+dinov2,2025-02-28T06:24:19.976626+00:00,2024-04-13T09:12:50.380162+00:00
103,81.0,81.0,81.0,False,1.0839698494666723,-0.6474647163420861,6.0,110.0,0.0,574.0,,0.0,False,False,0.4,matched,,True,True,True,True,seqslam+dinov2,2025-02-28T06:24:20.078163+00:00,2024-04-13T09:12:50.380162+00:00
104,81.0,81.0,81.0,False,1.08425002895304,-0.6338662344248083,6.0,110.0,0.0,574.0,,0.0,False,False,0.4,matched,,True,True,True,True,seqslam+dinov2,2025-02-28T06:24:20.176619+00:00,2024-04-13T09:12:50.380162+00:00
105,81.0,81.0,81.0,False,1.0842382117681169,-0.645625310598982,6.0,110.0,0.0,574.0,,0.0,False,False,0.4,matched,,True,True,True,True,seqslam+dinov2,2025-02-28T06:24:20.278317+00:00,2024-04-13T09:12:50.380162+00:00
106,81.0,81.0,81.0,False,1.0829494716510528,-0.6426281535927696,6.0,110.0,0.0,574.0,,0.0,False,False,0.4,matched,,True,True,True,True,seqslam+dinov2,2025-02-28T06:24:20.379209+00:00,2024-04-13T09:12:50.380162+00:00
107,81.0,81.0,81.0,False,1.0835538360978292,-0.6701204775836338,6.0,110.0,0.0,574.0,,0.0,False,False,0.4,matched,,True,True,True,True,seqslam+dinov2,2025-02-28T06:24:20.482977+00:00,2024-04-13T09:12:50.380162+00:00
108,81.0,81.0,81.0,False,1.083035481913909,-0.6585239008879498,6.0,110.0,0.0,574.0,,0.0,False,False,0.4,matched,,True,True,True,True,seqslam+dinov2,2025-02-28T06:24:20.581053+00:00,2024-04-13T09:12:50.380162+00:00
109,81.0,81.0,81.0,False,1.0815843101748497,-0.625023384875472,6.0,110.0,0.0,574.0,,0.0,False,False,0.4,matched,,True,True,True,True,seqslam+dinov2,2025-02-28T06:24:20.679390+00:00,2024-04-13T09:12:50.380162+00:00
110,81.0,81.0,81.0,False,1.0828839432849657,-0.6411450094667732,6.0,110.0,0.0,574.0,,0.0,False,False,0.4,matched,,True,True,True,True,seqslam+dinov2,2025-02-28T06:24:20.774514+00:00,2024-04-13T09:12:50.380162+00:00
111,81.0,81.0,81.0,False,1.0806276326162905,-0.6451332176425195,6.0,110.0,0.0,574.0,,0.0,False,False,0.4,matched,,True,True,True,True,seqslam+dinov2,2025-02-28T06:24:20.875145+00:00,2024-04-13T09:12:50.380162+00:00
112,81.0,81.0,81.0,False,1.0808028698180465,-0.6559500342896243,6.0,110.0,0.0,574.0,,0.0,False,False,0.4,matched,,True,True,True,True,seqslam+dinov2,2025-02-28T06:24:20.978119+00:00,2024-04-13T09:12:50.380162+00:00
113,81.0,81.0,81.0,False,1.087169604059104,-0.6511922232095984,6.0,110.0,0.0,574.0,,0.0,False,False,0.4,matched,,True,True,True,True,seqslam+dinov2,2025-02-28T06:24:21.075663+00:00,2024-04-13T09:12:50.380162+00:00
114,81.0,81.0,81.0,False,1.0895850852021485,-0.6671802713408306,6.0,110.0,0.0,574.0,,0.0,False,False,0.4,matched,,True,True,True,True,seqslam+dinov2,2025-02-28T06:24:21.179177+00:00,2024-04-13T09:12:50.380162+00:00
115,81.0,81.0,81.0,False,1.087402764174805,-0.6338623062655624,6.0,110.0,0.0,574.0,,0.0,False,False,0.4,matched,,True,True,True,True,seqslam+dinov2,2025-02-28T06:24:21.279125+00:00,2024-04-13T09:12:50.380162+00:00
116,81.0,81.0,81.0,False,1.0873210533443498,-0.6285785160555433,6.0,110.0,0.0,574.0,,0.0,False,False,0.4,matched,,True,True,True,True,seqslam+dinov2,2025-02-28T06:24:21.376954+00:00,2024-04-13T09:12:50.380162+00:00
117,81.0,81.0,81.0,False,1.0875091126516216,-0.659717881921662,6.0,110.0,0.0,574.0,,0.0,False,False,0.4,matched,,True,True,True,True,seqslam+dinov2,2025-02-28T06:24:21.476477+00:00,2024-04-13T09:12:50.380162+00:00
118,81.0,81.0,81.0,False,1.0849275917300245,-0.6162210558674976,6.0,110.0,0.0,574.0,,0.0,False,False,0.4,matched,,True,True,True,True,seqslam+dinov2,2025-02-28T06:24:21.575257+00:00,2024-04-13T09:12:50.380162+00:00
119,81.0,81.0,81.0,False,1.0848193878316548,-0.6392380991947184,6.0,110.0,0.0,574.0,,0.0,False,False,0.4,matched,,True,True,True,True,seqslam+dinov2,2025-02-28T06:24:21.681010+00:00,2024-04-13T09:12:50.380162+00:00
120,81.0,81.0,81.0,False,1.0883859127559086,-0.6450345623576152,6.0,110.0,0.0,574.0,,0.0,False,False,0.4,matched,,True,True,True,True,seqslam+dinov2,2025-02-28T06:24:21.774333+00:00,2024-04-13T09:12:50.380162+00:00
121,81.0,81.0,81.0,False,1.087123375147591,-0.6325429572961505,6.0,110.0,0.0,574.0,,0.0,False,False,0.4,matched,,True,True,True,True,seqslam+dinov2,2025-02-28T06:24:21.878002+00:00,2024-04-13T09:12:50.380162+00:00
122,81.0,81.0,81.0,False,1.0877255406136406,-0.610930095857313,6.0,110.0,0.0,574.0,,0.0,False,False,0.4,matched,,True,True,True,True,seqslam+dinov2,2025-02-28T06:24:21.976211+00:00,2024-04-13T09:12:50.380162+00:00
123,81.0,81.0,81.0,False,1.0914562238230203,-0.6290801048212273,6.0,110.0,0.0,574.0,,0.0,False,False,0.4,matched,,True,True,True,True,seqslam+dinov2,2025-02-28T06:24:22.075825+00:00,2024-04-13T09:12:50.380162+00:00
124,81.0,81.0,81.0,False,1.09120758168825,-0.6127680209671635,6.0,110.0,0.0,574.0,,0.0,False,False,0.4,matched,,True,True,True,True,seqslam+dinov2,2025-02-28T06:24:22.174818+00:00,2024-04-13T09:12:50.380162+00:00
125,81.0,81.0,81.0,False,1.0937594246562354,-0.6242018631756434,6.0,110.0,0.0,574.0,,0.0,False,False,0.4,matched,,True,True,True,True,seqslam+dinov2,2025-02-28T06:24:22.275359+00:00,2024-04-13T09:12:50.380162+00:00
126,81.0,81.0,81.0,False,1.09409483766639,-0.6172209430048721,6.0,110.0,0.0,574.0,,0.0,False,False,0.4,matched,,True,True,True,True,seqslam+dinov2,2025-02-28T06:24:22.377720+00:00,2024-04-13T09:12:50.380162+00:00
127,81.0,81.0,81.0,False,1.0931315483097874,-0.6331764183901325,6.0,110.0,0.0,574.0,,0.0,False,False,0.4,matched,,True,True,True,True,seqslam+dinov2,2025-02-28T06:24:22.475151+00:00,2024-04-13T09:12:50.380162+00:00
128,81.0,81.0,81.0,False,1.0907926123004195,-0.59068176814006,6.0,110.0,0.0,574.0,,0.0,False,False,0.4,matched,,True,True,True,True,seqslam+dinov2,2025-02-28T06:24:22.575994+00:00,2024-04-13T09:12:50.380162+00:00
129,81.0,81.0,81.0,False,1.0930765716887396,-0.6073877517828001,6.0,110.0,0.0,574.0,,0.0,False,False,0.4,matched,,True,True,True,True,seqslam+dinov2,2025-02-28T06:24:22.676921+00:00,2024-04-13T09:12:50.380162+00:00
130,81.0,81.0,81.0,False,1.0940506842827913,-0.6159474994975196,6.0,110.0,0.0,574.0,,0.0,False,False,0.4,matched,,True,True,True,True,seqslam+dinov2,2025-02-28T06:24:22.777180+00:00,2024-04-13T09:12:50.380162+00:00
131,81.0,81.0,81.0,False,1.094257279150317,-0.6254548912954767,6.0,110.0,0.0,574.0,,0.0,False,False,0.4,matched,,True,True,True,True,seqslam+dinov2,2025-02-28T06:24:22.877932+00:00,2024-04-13T09:12:50.380162+00:00
132,81.0,81.0,81.0,False,1.0947941798927652,-0.635157875226392,6.0,110.0,0.0,574.0,,0.0,False,False,0.4,matched,,True,True,True,True,seqslam+dinov2,2025-02-28T06:24:22.976171+00:00,2024-04-13T09:12:50.380162+00:00
133,81.0,81.0,81.0,False,1.0980212178468047,-0.6323878873838766,6.0,110.0,0.0,574.0,,0.0,False,False,0.4,matched,,True,True,True,True,seqslam+dinov2,2025-02-28T06:24:23.074512+00:00,2024-04-13T09:12:50.380162+00:00
134,81.0,81.0,81.0,False,1.0934091739404648,-0.6400528218293136,6.0,110.0,0.0,574.0,,0.0,False,False,0.4,matched,,True,True,True,True,seqslam+dinov2,2025-02-28T06:24:23.175816+00:00,2024-04-13T09:12:50.380162+00:00
135,81.0,81.0,81.0,False,1.0941422842232607,-0.6312111818919437,6.0,110.0,0.0,574.0,,0.0,False,False,0.4,matched,,True,True,True,True,seqslam+dinov2,2025-02-28T06:24:23.275071+00:00,2024-04-13T09:12:50.380162+00:00
136,81.0,81.0,81.0,False,1.0947145613707063,-0.6178931273559827,6.0,110.0,0.0,574.0,,0.0,False,False,0.4,matched,,True,True,True,True,seqslam+dinov2,2025-02-28T06:24:23.374315+00:00,2024-04-13T09:12:50.380162+00:00
137,81.0,81.0,81.0,False,1.0937274952211298,-0.6198487631920788,6.0,110.0,0.0,574.0,,0.0,False,False,0.4,matched,,True,True,True,True,seqslam+dinov2,2025-02-28T06:24:23.474238+00:00,2024-04-13T09:12:50.380162+00:00
138,81.0,81.0,81.0,False,1.0949226212999776,-0.6239166086839252,6.0,110.0,0.0,574.0,,0.0,False,False,0.4,matched,,True,True,True,True,seqslam+dinov2,2025-02-28T06:24:23.574374+00:00,2024-04-13T09:12:50.380162+00:00
139,81.0,81.0,81.0,False,1.0976864990082447,-0.6557097738379554,6.0,110.0,0.0,574.0,,0.0,False,False,0.4,matched,,True,True,True,True,seqslam+dinov2,2025-02-28T06:24:23.674638+00:00,2024-04-13T09:12:50.380162+00:00
140,81.0,81.0,81.0,False,1.0997695172010569,-0.5986315928723214,6.0,110.0,0.0,574.0,,0.0,False,False,0.4,matched,,True,True,True,True,seqslam+dinov2,2025-02-28T06:24:23.774157+00:00,2024-04-13T09:12:50.380162+00:00
141,81.0,81.0,81.0,False,1.1021559147942515,-0.6102141398679364,6.0,110.0,0.0,574.0,,0.0,False,False,0.4,matched,,True,True,True,True,seqslam+dinov2,2025-02-28T06:24:23.874690+00:00,2024-04-13T09:12:50.380162+00:00
142,81.0,81.0,81.0,False,1.101969062611471,-0.6498713454788798,6.0,110.0,0.0,574.0,,0.0,False,False,0.4,matched,,True,True,True,True,seqslam+dinov2,2025-02-28T06:24:23.975915+00:00,2024-04-13T09:12:50.380162+00:00
143,81.0,81.0,81.0,False,1.1020516985132787,-0.6288352737690714,6.0,110.0,0.0,574.0,,0.0,False,False,0.4,matched,,True,True,True,True,seqslam+dinov2,2025-02-28T06:24:24.076614+00:00,2024-04-13T09:12:50.380162+00:00
144,81.0,81.0,81.0,False,1.1001783540124919,-0.6068615685681655,6.0,110.0,0.0,574.0,,0.0,False,False,0.4,matched,,True,True,True,True,seqslam+dinov2,2025-02-28T06:24:24.174544+00:00,2024-04-13T09:12:50.380162+00:00
145,81.0,81.0,81.0,False,1.0982822395634078,-0.6036244147647991,6.0,110.0,0.0,574.0,,0.0,False,False,0.4,matched,,True,True,True,True,seqslam+dinov2,2025-02-28T06:24:24.277882+00:00,2024-04-13T09:12:50.380162+00:00
146,81.0,81.0,81.0,False,1.0933512887415322,-0.6249920481744053,6.0,110.0,0.0,574.0,,0.0,False,False,0.4,matched,,True,True,True,True,seqslam+dinov2,2025-02-28T06:24:24.374493+00:00,2024-04-13T09:12:50.380162+00:00
147,81.0,81.0,81.0,False,1.0895527516764163,-0.6302194196078563,6.0,110.0,0.0,574.0,,0.0,False,False,0.4,matched,,True,True,True,True,seqslam+dinov2,2025-02-28T06:24:24.474416+00:00,2024-04-13T09:12:50.380162+00:00
148,81.0,81.0,81.0,False,1.087777994615592,-0.6268940436656507,6.0,110.0,0.0,574.0,,0.0,False,False,0.4,matched,,True,True,True,True,seqslam+dinov2,2025-02-28T06:24:24.582468+00:00,2024-04-13T09:12:50.380162+00:00
149,81.0,81.0,81.0,False,1.084259978111306,-0.6225874398991851,6.0,110.0,0.0,574.0,,0.0,False,False,0.4,matched,,True,True,True,True,seqslam+dinov2,2025-02-28T06:24:24.678927+00:00,2024-04-13T09:12:50.380162+00:00
150,81.0,81.0,81.0,False,1.0787182042753272,-0.6394434701901872,6.0,110.0,0.0,574.0,,0.0,False,False,0.4,matched,,True,True,True,True,seqslam+dinov2,2025-02-28T06:24:24.778996+00:00,2024-04-13T09:12:50.380162+00:00
151,81.0,81.0,81.0,False,1.073061802949584,-0.6409681113185628,6.0,110.0,0.0,574.0,,0.0,False,False,0.4,matched,,True,True,True,True,seqslam+dinov2,2025-02-28T06:24:24.875246+00:00,2024-04-13T09:12:50.380162+00:00
152,81.0,81.0,81.0,False,1.0688401756874455,-0.6538007580728236,6.0,110.0,0.0,574.0,,0.0,False,False,0.4,matched,,True,True,True,True,seqslam+dinov2,2025-02-28T06:24:24.976883+00:00,2024-04-13T09:12:50.380162+00:00
153,81.0,81.0,81.0,False,1.0653257459864893,-0.638439072724843,6.0,110.0,0.0,574.0,,0.0,False,False,0.4,matched,,True,True,True,True,seqslam+dinov2,2025-02-28T06:24:25.074510+00:00,2024-04-13T09:12:50.380162+00:00
154,81.0,81.0,81.0,False,1.0650883117776795,-0.6556305552979336,6.0,110.0,0.0,574.0,,0.0,False,False,0.4,matched,,True,True,True,True,seqslam+dinov2,2025-02-28T06:24:25.174864+00:00,2024-04-13T09:12:50.380162+00:00
155,81.0,81.0,81.0,False,1.065146492015453,-0.669780110216482,6.0,110.0,0.012987012987012988,574.0,,0.0,False,False,0.4,matched,,True,True,True,True,seqslam+dinov2,2025-02-28T06:24:25.280318+00:00,2024-04-13T09:12:50.380162+00:00
156,81.0,81.0,81.0,False,1.0687201051837343,-0.6636551534292423,5.0,110.0,0.03766233766233766,574.0,,0.0,False,False,0.4,matched,,True,True,True,True,seqslam+dinov2,2025-02-28T06:24:25.376984+00:00,2024-04-13T09:12:50.380162+00:00
157,81.0,81.0,81.0,False,1.0713720015486874,-0.6644437466496957,4.0,109.0,0.07272727272727272,574.0,,0.0,False,False,0.4,matched,,True,True,True,True,seqslam+dinov2,2025-02-28T06:24:25.474377+00:00,2024-04-13T09:12:50.380162+00:00
158,81.0,81.0,81.0,False,1.0743093689713086,-0.6662201583705742,3.0,108.0,0.11688311688311688,574.0,,0.0,False,False,0.4,matched,,True,True,True,True,seqslam+dinov2,2025-02-28T06:24:25.574586+00:00,2024-04-13T09:12:50.380162+00:00
159,81.0,81.0,81.0,False,1.0814060239449017,-0.6451396490524126,2.0,107.0,0.16883116883116883,574.0,,0.0,False,False,0.4,matched,,True,True,True,True,seqslam+dinov2,2025-02-28T06:24:25.674308+00:00,2024-04-13T09:12:50.380162+00:00
160,81.0,81.0,81.0,False,1.0819962818162727,-0.6464412994784663,1.0,106.0,0.22727272727272727,574.0,,0.0,False,False,0.4,matched,,True,True,True,True,seqslam+dinov2,2025-02-28T06:24:25.774131+00:00,2024-04-13T09:12:50.380162+00:00
161,81.0,81.0,81.0,False,1.0753470721312761,-0.6541873584809563,0.0,105.0,0.2909090909090909,574.0,,0.0,False,False,0.4,matched,,True,True,True,True,seqslam+dinov2,2025-02-28T06:24:25.875212+00:00,2024-04-13T09:12:50.380162+00:00
162,81.0,81.0,81.0,False,1.0622944901240021,-0.6440667364750352,1.0,104.0,0.35844155844155845,574.0,,0.0,False,False,0.4,matched,,True,True,True,True,seqslam+dinov2,2025-02-28T06:24:25.974365+00:00,2024-04-13T09:12:50.380162+00:00
163,81.0,81.0,81.0,False,1.028749646869833,-0.6296815128723652,1.0,103.0,0.42857142857142855,574.0,,0.0,False,False,0.4,matched,,True,True,True,True,seqslam+dinov2,2025-02-28T06:24:26.078252+00:00,2024-04-13T09:12:50.380162+00:00
164,81.0,81.0,81.0,False,0.9798039088098331,-0.6021499519481011,1.0,102.0,0.5,574.0,,0.0,False,False,0.4,matched,,True,True,True,True,seqslam+dinov2,2025-02-28T06:24:26.177245+00:00,2024-04-13T09:12:50.380162+00:00
165,82.0,82.0,82.0,False,0.8853115223145797,-0.6941171645576671,1.0,101.0,0.5714285714285715,573.0,,0.0,False,False,0.4,matched,,True,True,True,True,seqslam+dinov2,2025-02-28T06:24:26.274952+00:00,2024-04-13T09:12:50.477514+00:00
166,83.0,83.0,83.0,False,0.8021678855902042,-0.7968323190324611,1.0,100.0,0.6415584415584416,572.0,,0.0,False,False,0.4,matched,,True,True,True,True,seqslam+dinov2,2025-02-28T06:24:26.376243+00:00,2024-04-13T09:12:50.578543+00:00
167,84.0,84.0,84.0,False,0.7101710250907145,-0.8347887730020522,1.0,99.0,0.7090909090909091,571.0,,0.0,False,False,,no_match,ridge_z below tau (0.75),True,True,True,True,seqslam+dinov2,2025-02-28T06:24:26.478948+00:00,2024-04-13T09:12:50.678426+00:00
168,85.0,85.0,85.0,False,0.6251705869828256,-1.0374817591115293,1.0,98.0,0.7727272727272727,570.0,,0.0,False,False,,no_match,ridge_z below tau (0.75),True,True,True,True,seqslam+dinov2,2025-02-28T06:24:26.575169+00:00,2024-04-13T09:12:50.781268+00:00
169,86.0,86.0,86.0,False,0.5218400135921669,-1.208951341701031,1.0,97.0,0.8311688311688312,569.0,,0.0,False,False,,no_match,ridge_z below tau (0.75),True,True,True,True,seqslam+dinov2,2025-02-28T06:24:26.674340+00:00,2024-04-13T09:12:50.877758+00:00
170,87.0,87.0,87.0,False,0.40169452546810847,-1.6869716152115781,1.0,96.0,0.8831168831168831,568.0,,0.0,False,False,,no_match,ridge_z below tau (0.75),True,True,True,True,seqslam+dinov2,2025-02-28T06:24:26.775858+00:00,2024-04-13T09:12:50.977681+00:00
171,88.0,88.0,88.0,False,0.2758858177289125,-1.5608513849527665,1.0,95.0,0.9272727272727272,567.0,,0.0,False,False,,no_match,ridge_z below tau (0.75),True,True,True,True,seqslam+dinov2,2025-02-28T06:24:26.874697+00:00,2024-04-13T09:12:51.078900+00:00
172,89.0,89.0,89.0,False,0.14871636914953584,-1.6655417660350285,1.0,94.0,0.9623376623376624,566.0,,0.0,False,False,,no_match,ridge_z below tau (0.75),True,True,True,True,seqslam+dinov2,2025-02-28T06:24:26.975229+00:00,2024-04-13T09:12:51.179813+00:00
173,90.0,90.0,90.0,False,0.03649274557826733,-1.565251911318648,1.0,93.0,0.987012987012987,565.0,,0.0,False,False,,no_match,ridge_z below tau (0.75),True,True,True,True,seqslam+dinov2,2025-02-28T06:24:27.074268+00:00,2024-04-13T09:12:51.277332+00:00
174,91.0,91.0,91.0,False,-0.04365495953203427,-1.764798540041455,1.0,92.0,1.0,564.0,,0.0,False,False,,no_match,ridge_z below tau (0.75),True,True,True,True,seqslam+dinov2,2025-02-28T06:24:27.176625+00:00,2024-04-13T09:12:51.377879+00:00
175,92.0,92.0,92.0,False,-0.07660844149133851,-1.8215810350179213,1.0,91.0,1.0,563.0,,0.0,False,False,,no_match,ridge_z below tau (0.75),True,True,True,True,seqslam+dinov2,2025-02-28T06:24:27.275103+00:00,2024-04-13T09:12:51.481392+00:00
176,93.0,93.0,93.0,False,-0.031533041956733315,-2.029986685304631,1.0,90.0,1.0,562.0,,0.0,False,False,,no_match,ridge_z below tau (0.75),True,True,True,True,seqslam+dinov2,2025-02-28T06:24:27.374568+00:00,2024-04-13T09:12:51.578258+00:00
177,94.0,94.0,94.0,False,0.03845904933779499,-2.118925060861263,1.0,89.0,1.0,561.0,,0.0,False,False,,no_match,ridge_z below tau (0.75),True,True,True,True,seqslam+dinov2,2025-02-28T06:24:27.474436+00:00,2024-04-13T09:12:51.682882+00:00
178,95.0,95.0,95.0,False,0.11019944098898282,-2.060047044586268,1.0,88.0,1.0,560.0,,0.0,False,False,,no_match,ridge_z below tau (0.75),True,True,True,True,seqslam+dinov2,2025-02-28T06:24:27.579496+00:00,2024-04-13T09:12:51.778228+00:00
179,96.0,96.0,96.0,False,0.18704771324304978,-1.8571712793039588,1.0,87.0,1.0,559.0,,0.0,False,False,,no_match,ridge_z below tau (0.75),True,True,True,True,seqslam+dinov2,2025-02-28T06:24:27.680083+00:00,2024-04-13T09:12:51.880024+00:00
180,97.0,97.0,97.0,False,0.2898002439837333,-1.5043978149049262,1.0,86.0,1.0,558.0,,0.0,False,False,,no_match,ridge_z below tau (0.75),True,True,True,True,seqslam+dinov2,2025-02-28T06:24:27.780694+00:00,2024-04-13T09:12:51.979625+00:00
181,98.0,98.0,98.0,False,0.40871796152947176,-1.2654319560202858,1.0,85.0,1.0,557.0,,0.0,False,False,,no_match,ridge_z below tau (0.75),True,True,True,True,seqslam+dinov2,2025-02-28T06:24:27.875446+00:00,2024-04-13T09:12:52.082683+00:00
182,99.0,99.0,99.0,False,0.5428378984221364,-0.9174745992900905,1.0,84.0,1.0,556.0,,0.0,False,False,,no_match,ridge_z below tau (0.75),True,True,True,True,seqslam+dinov2,2025-02-28T06:24:27.974321+00:00,2024-04-13T09:12:52.181367+00:00
183,100.0,100.0,100.0,False,0.6898747257695206,-0.9095993848080726,1.0,83.0,1.0,555.0,,0.0,False,False,,no_match,ridge_z below tau (0.75),True,True,True,True,seqslam+dinov2,2025-02-28T06:24:28.075179+00:00,2024-04-13T09:12:52.279540+00:00
184,101.0,101.0,101.0,False,0.852571077965255,-0.7073928991251532,1.0,82.0,1.0,554.0,,0.0,False,False,0.4,matched,,True,True,True,True,seqslam+dinov2,2025-02-28T06:24:28.174304+00:00,2024-04-13T09:12:52.378302+00:00
185,102.0,102.0,102.0,False,0.9961975489436046,-0.5774721965136826,1.0,81.0,1.0,553.0,,0.0,False,False,0.4,matched,,True,True,True,True,seqslam+dinov2,2025-02-28T06:24:28.275277+00:00,2024-04-13T09:12:52.479576+00:00
186,103.0,103.0,103.0,False,1.1081150034951592,-0.5107604067614697,1.0,80.0,1.0,552.0,,0.0,False,False,0.4,matched,,True,True,True,True,seqslam+dinov2,2025-02-28T06:24:28.374682+00:00,2024-04-13T09:12:52.579916+00:00
187,104.0,104.0,104.0,False,1.1752876396993217,-0.32154533414742725,1.0,79.0,1.0,551.0,,0.0,False,False,0.4,matched,,True,True,True,True,seqslam+dinov2,2025-02-28T06:24:28.474518+00:00,2024-04-13T09:12:52.680948+00:00
188,105.0,105.0,105.0,False,1.2076690896245512,-0.21747862473625745,1.0,78.0,1.0,429.0,,0.0,False,False,0.4,matched,,True,True,True,True,seqslam+dinov2,2025-02-28T06:24:28.574104+00:00,2024-04-13T09:12:52.783805+00:00
189,106.0,106.0,106.0,False,1.2622715289647706,-0.07633680164387924,1.0,77.0,1.0,1260.0,,0.0,False,False,0.4,matched,,True,True,True,True,seqslam+dinov2,2025-02-28T06:24:28.674720+00:00,2024-04-13T09:12:52.883709+00:00
190,107.0,107.0,107.0,False,1.2892723368463805,-0.12071816816088776,1.0,76.0,1.0,1256.0,,0.0,False,False,0.4,matched,,True,True,True,True,seqslam+dinov2,2025-02-28T06:24:28.774568+00:00,2024-04-13T09:12:52.980129+00:00
191,108.0,108.0,108.0,False,1.325004246225077,-0.21189664609941006,1.0,75.0,1.0,1255.0,,0.0,False,False,0.4,matched,,True,True,True,True,seqslam+dinov2,2025-02-28T06:24:28.874422+00:00,2024-04-13T09:12:53.087502+00:00
192,109.0,109.0,109.0,False,1.3612513622140696,-0.2364299018254501,1.0,74.0,1.0,580.0,,0.0,False,False,0.4,matched,,True,True,True,True,seqslam+dinov2,2025-02-28T06:24:28.975579+00:00,2024-04-13T09:12:53.178364+00:00
193,110.0,110.0,110.0,False,1.4147127543841742,-0.3353437715426846,1.0,73.0,1.0,579.0,,0.0,False,False,0.4,matched,,True,True,True,True,seqslam+dinov2,2025-02-28T06:24:29.074269+00:00,2024-04-13T09:12:53.278654+00:00
194,111.0,111.0,111.0,False,1.4710446449913384,-0.11824686222495395,1.0,72.0,1.0,578.0,,0.0,False,False,0.4,matched,,True,True,True,True,seqslam+dinov2,2025-02-28T06:24:29.174393+00:00,2024-04-13T09:12:53.377361+00:00
195,112.0,112.0,112.0,False,1.4807112790534775,-0.24874670324927917,1.0,71.0,1.0,1.0,,0.0,False,False,0.4,matched,,True,True,True,True,seqslam+dinov2,2025-02-28T06:24:29.274996+00:00,2024-04-13T09:12:53.477864+00:00
196,113.0,113.0,113.0,False,1.5347702341142182,-0.10878700904374772,1.0,70.0,1.0,2.0,,0.0,False,False,0.4,matched,,True,True,True,True,seqslam+dinov2,2025-02-28T06:24:29.379262+00:00,2024-04-13T09:12:53.578450+00:00
197,114.0,114.0,114.0,False,1.5676823986079376,-0.011622075404067678,1.0,69.0,1.0,1.0,,0.0,False,False,0.4,matched,,True,True,True,True,seqslam+dinov2,2025-02-28T06:24:29.478118+00:00,2024-04-13T09:12:53.679085+00:00
198,115.0,115.0,115.0,False,1.641945062923118,0.11394100127225926,1.0,68.0,1.0,1.0,,0.0,False,False,0.4,matched,,True,True,True,True,seqslam+dinov2,2025-02-28T06:24:29.578049+00:00,2024-04-13T09:12:53.778046+00:00
199,116.0,116.0,116.0,False,1.7003055301182213,0.20045794874309752,1.0,67.0,1.0,0.0,,0.0,False,False,0.4,matched,,True,True,True,True,seqslam+dinov2,2025-02-28T06:24:29.677702+00:00,2024-04-13T09:12:53.878088+00:00
200,117.0,117.0,117.0,False,1.739139969092487,-0.13255625388310155,1.0,66.0,1.0,1.0,,0.0,False,False,0.4,matched,,True,True,True,True,seqslam+dinov2,2025-02-28T06:24:29.782478+00:00,2024-04-13T09:12:53.979710+00:00
201,118.0,118.0,118.0,False,1.7283360154730003,0.311962547268114,1.0,65.0,1.0,2.0,,0.0,False,False,0.4,matched,,True,True,True,True,seqslam+dinov2,2025-02-28T06:24:29.874707+00:00,2024-04-13T09:12:54.077704+00:00
202,119.0,119.0,119.0,False,1.705039469575902,0.1923677979774019,1.0,65.0,1.0,3.0,,0.0,False,False,0.4,matched,,True,True,True,True,seqslam+dinov2,2025-02-28T06:24:29.974880+00:00,2024-04-13T09:12:54.178140+00:00
203,120.0,120.0,120.0,False,1.6777805562731034,0.7262945266571244,1.0,64.0,1.0,0.0,,0.0,False,False,0.4,matched,,True,True,True,True,seqslam+dinov2,2025-02-28T06:24:30.075639+00:00,2024-04-13T09:12:54.280523+00:00
204,121.0,121.0,121.0,False,1.6778414818082934,0.3827805260663535,1.0,63.0,0.987012987012987,1.0,,0.0,False,False,0.4,matched,,True,True,True,True,seqslam+dinov2,2025-02-28T06:24:30.174444+00:00,2024-04-13T09:12:54.380384+00:00
205,122.0,122.0,122.0,False,1.6848017631314443,0.2634295392086763,1.0,62.0,0.9753246753246754,0.0,,0.0,False,False,0.4,matched,,True,True,True,True,seqslam+dinov2,2025-02-28T06:24:30.274339+00:00,2024-04-13T09:12:54.485025+00:00
206,123.0,123.0,123.0,False,1.7079148225193905,-0.5540459234517361,1.0,61.0,0.964935064935065,737.0,,0.0,False,False,0.4,matched,,True,True,True,True,seqslam+dinov2,2025-02-28T06:24:30.378355+00:00,2024-04-13T09:12:54.580084+00:00
207,124.0,124.0,124.0,False,1.7068609632010685,-0.7025371401960281,1.0,61.0,0.9558441558441558,736.0,,0.0,False,False,0.4,matched,,True,True,True,True,seqslam+dinov2,2025-02-28T06:24:30.474337+00:00,2024-04-13T09:12:54.677345+00:00
208,125.0,125.0,125.0,False,1.7283368394870693,-0.742359879526908,1.0,61.0,0.935064935064935,735.0,,0.0,False,False,0.4,matched,,True,True,True,True,seqslam+dinov2,2025-02-28T06:24:30.578063+00:00,2024-04-13T09:12:54.777705+00:00
209,126.0,126.0,126.0,False,1.7230837800346372,-0.21113525420814439,1.0,61.0,0.9168831168831169,734.0,,0.0,False,False,0.4,matched,,True,True,True,True,seqslam+dinov2,2025-02-28T06:24:30.674422+00:00,2024-04-13T09:12:54.879461+00:00
210,127.0,127.0,127.0,False,1.7186368031049744,0.281791669077351,0.0,61.0,0.9012987012987013,0.0,,0.0,False,False,0.4,matched,,True,True,True,True,seqslam+dinov2,2025-02-28T06:24:30.774639+00:00,2024-04-13T09:12:54.977501+00:00
211,128.0,128.0,128.0,False,1.7217256611403362,0.4007879906332914,0.0,60.0,0.8883116883116883,2.0,,0.0,False,False,0.4,matched,,True,True,True,True,seqslam+dinov2,2025-02-28T06:24:30.874677+00:00,2024-04-13T09:12:55.077388+00:00
212,129.0,129.0,129.0,False,1.7867636070798631,0.3912930730513251,0.0,59.0,0.8779220779220779,0.0,,0.0,False,False,0.4,matched,,True,True,True,True,seqslam+dinov2,2025-02-28T06:24:30.979359+00:00,2024-04-13T09:12:55.178730+00:00
213,130.0,130.0,130.0,False,1.827286771850389,0.22353887346152734,1.0,58.0,0.8701298701298703,0.0,,0.0,False,False,0.4,matched,,True,True,True,True,seqslam+dinov2,2025-02-28T06:24:31.076978+00:00,2024-04-13T09:12:55.277632+00:00
214,130.0,130.0,130.0,False,1.868962349991831,0.32853297262522085,1.0,57.0,0.8649350649350649,0.0,,0.0,False,False,0.4,matched,,True,True,True,True,seqslam+dinov2,2025-02-28T06:24:31.176760+00:00,2024-04-13T09:12:55.277632+00:00
215,131.0,131.0,131.0,False,1.8693271291909073,0.12507800139881953,1.0,56.0,0.8623376623376623,1.0,,0.0,False,False,0.4,matched,,True,True,True,True,seqslam+dinov2,2025-02-28T06:24:31.275484+00:00,2024-04-13T09:12:55.377224+00:00
216,132.0,132.0,132.0,False,1.856974223344057,0.34575353518587937,0.0,55.0,0.8623376623376623,0.0,,0.0,False,False,0.4,matched,,True,True,True,True,seqslam+dinov2,2025-02-28T06:24:31.375515+00:00,2024-04-13T09:12:55.477850+00:00
217,133.0,133.0,133.0,False,1.8501572172633571,0.22293509755606933,1.0,54.0,0.8649350649350649,0.0,,0.0,False,False,0.4,matched,,True,True,True,True,seqslam+dinov2,2025-02-28T06:24:31.474614+00:00,2024-04-13T09:12:55.577503+00:00
218,133.0,133.0,133.0,False,1.7988085013794788,-0.0768566299873561,2.0,53.0,0.8571428571428571,1.0,,0.0,False,False,0.4,matched,,True,True,True,True,seqslam+dinov2,2025-02-28T06:24:31.580638+00:00,2024-04-13T09:12:55.577503+00:00
219,134.0,134.0,134.0,False,1.7498706611195423,-0.09147546661326733,3.0,53.0,0.8532467532467533,2.0,,0.0,False,False,0.4,matched,,True,True,True,True,seqslam+dinov2,2025-02-28T06:24:31.674464+00:00,2024-04-13T09:12:55.678580+00:00
220,135.0,135.0,135.0,False,1.7150009242105526,0.10155596286982949,4.0,53.0,0.8402597402597403,2.0,,0.0,False,False,0.4,matched,,True,True,True,True,seqslam+dinov2,2025-02-28T06:24:31.777920+00:00,2024-04-13T09:12:55.782177+00:00
221,136.0,136.0,136.0,False,1.6953447554716101,0.28009806457727926,4.0,52.0,0.8324675324675325,1.0,,0.0,False,False,0.4,matched,,True,True,True,True,seqslam+dinov2,2025-02-28T06:24:31.876237+00:00,2024-04-13T09:12:55.884900+00:00
222,137.0,137.0,137.0,False,1.671949792235967,0.07508167376958741,5.0,51.0,0.8298701298701299,0.0,,0.0,False,False,0.4,matched,,True,True,True,True,seqslam+dinov2,2025-02-28T06:24:31.977617+00:00,2024-04-13T09:12:55.986306+00:00
223,138.0,138.0,138.0,False,1.640194565992811,-0.24864985323209443,5.0,50.0,0.8324675324675325,1843.0,,0.0,False,False,0.4,matched,,True,True,True,True,seqslam+dinov2,2025-02-28T06:24:32.077005+00:00,2024-04-13T09:12:56.081047+00:00
224,139.0,139.0,139.0,False,1.6104292992131113,-0.16706162988230955,5.0,49.0,0.8402597402597403,4.0,,0.0,False,False,0.4,matched,,True,True,True,True,seqslam+dinov2,2025-02-28T06:24:32.177982+00:00,2024-04-13T09:12:56.177763+00:00
225,140.0,140.0,140.0,False,1.5615064844392927,-0.014285815441688499,6.0,48.0,0.8389610389610389,1843.0,,0.0,False,False,0.4,matched,,True,True,True,True,seqslam+dinov2,2025-02-28T06:24:32.274102+00:00,2024-04-13T09:12:56.280348+00:00
226,141.0,141.0,141.0,False,1.4450806131285445,0.15247576897383786,5.0,47.0,0.8415584415584415,5.0,,0.0,False,False,0.4,matched,,True,True,True,True,seqslam+dinov2,2025-02-28T06:24:32.377489+00:00,2024-04-13T09:12:56.378730+00:00
227,142.0,142.0,142.0,False,1.3096032556714967,0.1445867347812626,5.0,46.0,0.8480519480519481,0.0,,0.0,False,False,0.4,matched,,True,True,True,True,seqslam+dinov2,2025-02-28T06:24:32.473954+00:00,2024-04-13T09:12:56.482524+00:00
228,142.0,142.0,142.0,False,1.167621974096123,-0.06928496128708983,5.0,45.0,0.8584415584415584,1841.0,,0.0,False,False,0.4,matched,,True,True,True,True,seqslam+dinov2,2025-02-28T06:24:32.575593+00:00,2024-04-13T09:12:56.482524+00:00
229,143.0,143.0,143.0,False,1.0881986612732801,-0.4197916453956594,4.0,44.0,0.8584415584415584,1840.0,,0.0,False,False,0.4,matched,,True,True,True,True,seqslam+dinov2,2025-02-28T06:24:32.675436+00:00,2024-04-13T09:12:56.584282+00:00
230,143.0,143.0,143.0,False,1.0135649581056096,-0.5440409948391567,4.0,43.0,0.861038961038961,1840.0,,0.0,False,False,0.4,matched,,True,True,True,True,seqslam+dinov2,2025-02-28T06:24:32.778730+00:00,2024-04-13T09:12:56.584282+00:00
231,144.0,144.0,144.0,False,0.9497475943298017,-1.104999299807385,4.0,42.0,0.8662337662337662,702.0,,0.0,False,False,0.4,matched,,True,True,True,True,seqslam+dinov2,2025-02-28T06:24:32.878350+00:00,2024-04-13T09:12:56.679779+00:00
232,145.0,145.0,145.0,False,0.9002076349340151,-1.384969794002188,3.0,41.0,0.861038961038961,2390.0,,0.0,False,False,0.4,matched,,True,True,True,True,seqslam+dinov2,2025-02-28T06:24:32.974211+00:00,2024-04-13T09:12:56.784535+00:00
233,146.0,146.0,146.0,False,0.8487709427068725,-1.4152672069629455,3.0,40.0,0.8467532467532467,701.0,,0.0,False,False,0.4,matched,,True,True,True,True,seqslam+dinov2,2025-02-28T06:24:33.074286+00:00,2024-04-13T09:12:56.882266+00:00
234,147.0,147.0,147.0,False,0.8071779158105706,-1.1109366079232195,3.0,39.0,0.8376623376623377,701.0,,0.0,False,False,0.4,matched,,True,True,True,True,seqslam+dinov2,2025-02-28T06:24:33.174808+00:00,2024-04-13T09:12:56.984520+00:00
235,148.0,148.0,148.0,False,0.7911617056237685,-0.9106520731247041,3.0,38.0,0.8337662337662337,1227.0,,0.0,False,False,0.4,matched,,True,True,True,True,seqslam+dinov2,2025-02-28T06:24:33.274531+00:00,2024-04-13T09:12:57.080475+00:00
236,149.0,149.0,149.0,False,0.8116782713146324,-0.6633447609741228,3.0,37.0,0.8350649350649351,697.0,,0.0,False,False,0.4,matched,,True,True,True,True,seqslam+dinov2,2025-02-28T06:24:33.374823+00:00,2024-04-13T09:12:57.179240+00:00
237,150.0,150.0,150.0,False,0.8859814201500309,-0.6697393748626017,3.0,36.0,0.8415584415584415,696.0,,0.0,False,False,0.4,matched,,True,True,True,True,seqslam+dinov2,2025-02-28T06:24:33.478565+00:00,2024-04-13T09:12:57.284697+00:00
238,151.0,151.0,151.0,False,0.9926158349674821,-0.7102781038010391,3.0,35.0,0.8532467532467533,695.0,,0.0,False,False,0.4,matched,,True,True,True,True,seqslam+dinov2,2025-02-28T06:24:33.578516+00:00,2024-04-13T09:12:57.378590+00:00
239,152.0,152.0,152.0,False,1.0969197478580888,-0.5800592311543753,3.0,34.0,0.8558441558441559,696.0,,0.0,False,False,0.4,matched,,True,True,True,True,seqslam+dinov2,2025-02-28T06:24:33.676403+00:00,2024-04-13T09:12:57.479449+00:00
240,153.0,153.0,153.0,False,1.165520346845304,-0.2566234089073096,3.0,34.0,0.8623376623376623,932.0,,0.0,False,False,0.4,matched,,True,True,True,True,seqslam+dinov2,2025-02-28T06:24:33.780603+00:00,2024-04-13T09:12:57.581443+00:00
241,154.0,154.0,154.0,False,1.2422587973645673,-0.2051921747964296,3.0,33.0,0.8584415584415584,931.0,,0.0,False,False,0.4,matched,,True,True,True,True,seqslam+dinov2,2025-02-28T06:24:33.878868+00:00,2024-04-13T09:12:57.681654+00:00
242,154.0,154.0,154.0,False,1.2969268739682636,-0.2200722182338255,3.0,32.0,0.8571428571428571,2.0,,0.0,False,False,0.4,matched,,True,True,True,True,seqslam+dinov2,2025-02-28T06:24:33.975641+00:00,2024-04-13T09:12:57.681654+00:00
243,154.0,154.0,154.0,False,1.3493328988020006,-0.23727795116145267,3.0,31.0,0.8584415584415584,1567.0,,0.0,False,False,0.4,matched,,True,True,True,True,seqslam+dinov2,2025-02-28T06:24:34.075522+00:00,2024-04-13T09:12:57.681654+00:00
244,155.0,155.0,155.0,False,1.390503257325715,-0.4859417391393488,3.0,30.0,0.8623376623376623,691.0,,0.0,False,False,0.4,matched,,True,True,True,True,seqslam+dinov2,2025-02-28T06:24:34.174791+00:00,2024-04-13T09:12:57.782117+00:00
245,156.0,156.0,156.0,False,1.450338611933869,-0.5243614132081666,3.0,29.0,0.8688311688311688,690.0,,0.0,False,False,0.4,matched,,True,True,True,True,seqslam+dinov2,2025-02-28T06:24:34.276900+00:00,2024-04-13T09:12:57.877963+00:00
246,157.0,157.0,157.0,False,1.495831612791497,0.02693916729506407,3.0,28.0,0.8779220779220779,1.0,,0.0,False,False,0.4,matched,,True,True,True,True,seqslam+dinov2,2025-02-28T06:24:34.378464+00:00,2024-04-13T09:12:57.981836+00:00
247,158.0,158.0,158.0,False,1.5332729714995337,0.08535900771017735,3.0,27.0,0.8896103896103896,1.0,,0.0,False,False,0.4,matched,,True,True,True,True,seqslam+dinov2,2025-02-28T06:24:34.475437+00:00,2024-04-13T09:12:58.078853+00:00
248,159.0,159.0,159.0,False,1.565204436493002,0.12796793095635595,3.0,26.0,0.9038961038961039,1.0,,0.0,False,False,0.4,matched,,True,True,True,True,seqslam+dinov2,2025-02-28T06:24:34.576422+00:00,2024-04-13T09:12:58.179841+00:00
249,160.0,160.0,160.0,False,1.5755765865938136,-0.10322405877470486,3.0,25.0,0.9207792207792208,1.0,,0.0,False,False,0.4,matched,,True,True,True,True,seqslam+dinov2,2025-02-28T06:24:34.675257+00:00,2024-04-13T09:12:58.280553+00:00
250,161.0,161.0,161.0,False,1.5937878366088263,-0.18752301514943714,3.0,24.0,0.9402597402597405,1914.0,,0.0,False,False,0.4,matched,,True,True,True,True,seqslam+dinov2,2025-02-28T06:24:34.775226+00:00,2024-04-13T09:12:58.382466+00:00
251,162.0,162.0,162.0,False,1.6138647771318697,0.1111260129183611,2.0,23.0,0.9623376623376624,1.0,,0.0,False,False,0.4,matched,,True,True,True,True,seqslam+dinov2,2025-02-28T06:24:34.878340+00:00,2024-04-13T09:12:58.479062+00:00
252,163.0,163.0,163.0,False,1.616908725454577,0.29256504987223586,2.0,22.0,0.987012987012987,0.0,,0.0,False,False,0.4,matched,,True,True,True,True,seqslam+dinov2,2025-02-28T06:24:34.974242+00:00,2024-04-13T09:12:58.580534+00:00
253,164.0,164.0,164.0,False,1.6400801634431672,-0.003458932354263311,2.0,21.0,1.0,1.0,,0.0,False,False,0.4,matched,,True,True,True,True,seqslam+dinov2,2025-02-28T06:24:35.078668+00:00,2024-04-13T09:12:58.679132+00:00
254,165.0,165.0,165.0,False,1.665746372272602,-0.16070392587669668,2.0,20.0,1.0,2022.0,,0.0,False,False,0.4,matched,,True,True,True,True,seqslam+dinov2,2025-02-28T06:24:35.182284+00:00,2024-04-13T09:12:58.778707+00:00
255,166.0,166.0,166.0,False,1.7044746654909866,-0.053031605928310244,2.0,19.0,1.0,680.0,,0.0,False,False,0.4,matched,,True,True,True,True,seqslam+dinov2,2025-02-28T06:24:35.274466+00:00,2024-04-13T09:12:58.878160+00:00
256,167.0,167.0,167.0,False,1.7207348668638354,-0.10035358419955531,2.0,18.0,1.0,679.0,,0.0,False,False,0.4,matched,,True,True,True,True,seqslam+dinov2,2025-02-28T06:24:35.374799+00:00,2024-04-13T09:12:58.981416+00:00
257,168.0,168.0,168.0,False,1.7395863875286657,-0.059323728308597,2.0,17.0,1.0,2.0,,0.0,False,False,0.4,matched,,True,True,True,True,seqslam+dinov2,2025-02-28T06:24:35.480819+00:00,2024-04-13T09:12:59.077760+00:00
258,169.0,169.0,169.0,False,1.7309911094222976,0.45276797064625063,2.0,16.0,1.0,2.0,,0.0,False,False,0.4,matched,,True,True,True,True,seqslam+dinov2,2025-02-28T06:24:35.579538+00:00,2024-04-13T09:12:59.183708+00:00
259,170.0,170.0,170.0,False,1.7568559461496933,0.45309035877648407,1.0,15.0,1.0,1.0,,0.0,False,False,0.4,matched,,True,True,True,True,seqslam+dinov2,2025-02-28T06:24:35.680559+00:00,2024-04-13T09:12:59.280684+00:00
260,171.0,171.0,171.0,False,1.7815353039665238,0.21815978492726984,1.0,14.0,1.0120481927710843,0.0,,0.0,False,False,0.4,matched,,True,True,True,True,seqslam+dinov2,2025-02-28T06:24:35.778081+00:00,2024-04-13T09:12:59.379429+00:00
261,172.0,172.0,172.0,False,1.8296280203723299,0.3351571708446677,1.0,13.0,1.0234263465282283,0.0,,0.0,False,False,0.4,matched,,True,True,True,True,seqslam+dinov2,2025-02-28T06:24:35.875070+00:00,2024-04-13T09:12:59.482923+00:00
262,173.0,173.0,173.0,False,1.8838637684982655,0.16324143496342236,1.0,12.0,1.0339960238568586,0.0,,0.0,False,False,0.4,matched,,True,True,True,True,seqslam+dinov2,2025-02-28T06:24:35.977134+00:00,2024-04-13T09:12:59.578106+00:00
263,174.0,174.0,174.0,False,1.9156745641974071,0.12247879713271215,1.0,11.0,1.0436191762322755,1.0,,0.0,False,False,0.4,matched,,True,True,True,True,seqslam+dinov2,2025-02-28T06:24:36.076088+00:00,2024-04-13T09:12:59.677903+00:00
264,175.0,175.0,175.0,False,1.9421619081120554,0.3014903822536996,1.0,10.0,1.0521619766643788,0.0,,0.0,False,False,0.4,matched,,True,True,True,True,seqslam+dinov2,2025-02-28T06:24:36.174809+00:00,2024-04-13T09:12:59.781550+00:00
265,176.0,176.0,176.0,False,1.969190235975172,0.005617261073725954,1.0,9.0,1.0594989561586639,0.0,,0.0,False,False,0.4,matched,,True,True,True,True,seqslam+dinov2,2025-02-28T06:24:36.279176+00:00,2024-04-13T09:12:59.881379+00:00
266,177.0,177.0,177.0,False,2.002203020646171,0.48540564182015755,1.0,8.0,1.0655172413793101,0.0,,0.0,False,False,0.4,matched,,True,True,True,True,seqslam+dinov2,2025-02-28T06:24:36.374187+00:00,2024-04-13T09:12:59.980673+00:00
267,178.0,178.0,178.0,False,2.042370376901678,0.5791041622555024,1.0,7.0,1.0701206529453513,0.0,,0.0,False,False,0.4,matched,,True,True,True,True,seqslam+dinov2,2025-02-28T06:24:36.475615+00:00,2024-04-13T09:13:00.078895+00:00
268,179.0,179.0,179.0,False,2.083098086866273,0.2956862544828971,1.0,6.0,1.0732334047109209,1.0,,0.0,False,False,0.4,matched,,True,True,True,True,seqslam+dinov2,2025-02-28T06:24:36.574398+00:00,2024-04-13T09:13:00.179816+00:00
269,181.0,180.0,181.0,False,2.153065878286032,0.5751400979022958,1.0,5.0,1.0748031496062993,0.0,,1.0,True,False,0.7,ambiguous_range,,True,True,True,True,seqslam+dinov2,2025-02-28T06:24:36.674325+00:00,2024-04-13T09:13:00.385719+00:00
270,182.0,182.0,182.0,False,2.193022834055218,0.7660968367204344,1.0,4.0,1.0732334047109209,0.0,,0.0,False,False,0.7,matched,,True,True,True,True,seqslam+dinov2,2025-02-28T06:24:36.776189+00:00,2024-04-13T09:13:00.478017+00:00
271,183.0,183.0,183.0,False,2.2371199196795866,0.6238837803221466,1.0,3.0,1.0701206529453513,0.0,,0.0,False,False,0.9,matched,,True,True,True,True,seqslam+dinov2,2025-02-28T06:24:36.874572+00:00,2024-04-13T09:13:00.577548+00:00
272,184.0,184.0,184.0,False,2.2709356650373778,0.8238886325675012,1.0,2.0,1.0655172413793106,0.0,,0.0,False,False,0.9,matched,,True,True,True,True,seqslam+dinov2,2025-02-28T06:24:36.974487+00:00,2024-04-13T09:13:00.677888+00:00
273,185.0,185.0,185.0,False,2.2899429109117833,0.8324423604159332,1.0,2.0,1.059498956158664,0.0,,0.0,False,False,0.9,matched,,True,True,True,True,seqslam+dinov2,2025-02-28T06:24:37.075062+00:00,2024-04-13T09:13:00.780435+00:00
274,186.0,186.0,186.0,False,2.3181950460999485,1.0609352241753702,1.0,2.0,1.052161976664379,0.0,,0.0,False,False,0.9,matched,,True,True,True,True,seqslam+dinov2,2025-02-28T06:24:37.178841+00:00,2024-04-13T09:13:00.877793+00:00
275,187.0,187.0,187.0,False,2.3197182565230707,0.8036620235027174,1.0,2.0,1.0436191762322757,0.0,,0.0,False,False,0.9,matched,,True,True,True,True,seqslam+dinov2,2025-02-28T06:24:37.274802+00:00,2024-04-13T09:13:00.977936+00:00
276,188.0,188.0,188.0,False,2.286658816334712,0.959245889249063,1.0,2.0,1.020278330019881,1.0,,0.0,False,False,0.9,matched,,True,True,True,True,seqslam+dinov2,2025-02-28T06:24:37.375423+00:00,2024-04-13T09:13:01.078956+00:00
277,189.0,189.0,189.0,False,2.268113387308454,0.8225161001766965,1.0,2.0,0.9977936404931861,0.0,,0.0,False,False,0.9,matched,,True,True,True,True,seqslam+dinov2,2025-02-28T06:24:37.475307+00:00,2024-04-13T09:13:01.177797+00:00
278,190.0,190.0,190.0,False,2.239949606166708,0.5567282218443181,2.0,2.0,0.9762840837032339,0.0,,0.0,False,False,0.9,matched,,True,True,True,True,seqslam+dinov2,2025-02-28T06:24:37.574598+00:00,2024-04-13T09:13:01.279810+00:00
279,191.0,191.0,191.0,False,2.219852264671485,0.1970918335125269,2.0,2.0,0.9558441558441557,0.0,,0.0,False,False,0.9,matched,,True,True,True,True,seqslam+dinov2,2025-02-28T06:24:37.676031+00:00,2024-04-13T09:13:01.377980+00:00
280,192.0,192.0,192.0,False,2.194592455125496,0.1944908854736136,2.0,2.0,0.9480519480519479,0.0,,0.0,False,False,0.9,matched,,True,True,True,True,seqslam+dinov2,2025-02-28T06:24:37.775643+00:00,2024-04-13T09:13:01.483337+00:00
281,193.0,193.0,193.0,False,2.1910708208677576,0.20234693285170646,2.0,2.0,0.9415584415584414,1.0,,0.0,False,False,0.9,matched,,True,True,True,True,seqslam+dinov2,2025-02-28T06:24:37.875196+00:00,2024-04-13T09:13:01.577331+00:00
282,194.0,194.0,194.0,False,2.137192303263108,0.6421481456292966,2.0,2.0,0.9363636363636364,2.0,,0.0,False,False,0.9,matched,,True,True,True,True,seqslam+dinov2,2025-02-28T06:24:37.978464+00:00,2024-04-13T09:13:01.678065+00:00
283,195.0,195.0,195.0,False,2.0908071973601996,0.37887680038492255,2.0,2.0,0.9324675324675324,0.0,,0.0,False,False,0.9,matched,,True,True,True,True,seqslam+dinov2,2025-02-28T06:24:38.074425+00:00,2024-04-13T09:13:01.778809+00:00
284,196.0,196.0,196.0,False,2.0317146177891945,0.4173071283185463,2.0,2.0,0.9298701298701298,0.0,,0.0,False,False,0.9,matched,,True,True,True,True,seqslam+dinov2,2025-02-28T06:24:38.174183+00:00,2024-04-13T09:13:01.879361+00:00
285,197.0,197.0,197.0,False,2.002479963851739,0.8384098262107555,2.0,2.0,0.9285714285714286,0.0,,0.0,False,False,0.9,matched,,True,True,True,True,seqslam+dinov2,2025-02-28T06:24:38.274599+00:00,2024-04-13T09:13:01.978643+00:00
286,197.0,197.0,197.0,False,1.9918821575269583,1.0018601594098648,2.0,2.0,0.9285714285714286,0.0,,0.0,False,False,0.9,matched,,True,True,True,True,seqslam+dinov2,2025-02-28T06:24:38.382269+00:00,2024-04-13T09:13:01.978643+00:00
287,198.0,198.0,198.0,False,2.007920134322587,0.27587359557307045,2.0,2.0,0.9298701298701298,1.0,,0.0,False,False,0.9,matched,,True,True,True,True,seqslam+dinov2,2025-02-28T06:24:38.477764+00:00,2024-04-13T09:13:02.080835+00:00
288,199.0,199.0,199.0,False,2.002303588693799,0.3913320424176272,2.0,2.0,0.9324675324675324,2.0,,0.0,False,False,0.9,matched,,True,True,True,True,seqslam+dinov2,2025-02-28T06:24:38.576184+00:00,2024-04-13T09:13:02.177415+00:00
289,200.0,200.0,200.0,False,2.0080378703403348,0.12838443201373684,2.0,2.0,0.9363636363636364,2.0,,0.0,False,False,0.9,matched,,True,True,True,True,seqslam+dinov2,2025-02-28T06:24:38.676589+00:00,2024-04-13T09:13:02.280193+00:00
290,201.0,201.0,201.0,False,1.9811858302407976,0.31970927463957177,2.0,2.0,0.9415584415584417,0.0,,0.0,False,False,0.9,matched,,True,True,True,True,seqslam+dinov2,2025-02-28T06:24:38.775038+00:00,2024-04-13T09:13:02.381325+00:00
291,202.0,202.0,202.0,False,1.9615069316146354,0.45708751289176885,3.0,2.0,0.9480519480519481,0.0,,0.0,False,False,0.9,matched,,True,True,True,True,seqslam+dinov2,2025-02-28T06:24:38.876150+00:00,2024-04-13T09:13:02.481874+00:00
292,203.0,203.0,203.0,False,1.9350009259960297,0.6141144089460329,3.0,1.0,0.9558441558441559,0.0,,0.0,False,False,0.9,matched,,True,True,True,True,seqslam+dinov2,2025-02-28T06:24:38.974653+00:00,2024-04-13T09:13:02.577523+00:00
293,204.0,204.0,204.0,False,1.9834601201987994,0.5411681429644943,3.0,1.0,0.964935064935065,0.0,,0.0,False,False,0.9,matched,,True,True,True,True,seqslam+dinov2,2025-02-28T06:24:39.074642+00:00,2024-04-13T09:13:02.679200+00:00
294,205.0,205.0,205.0,False,1.9905071710854947,0.6696752538761033,3.0,1.0,0.9753246753246754,0.0,,0.0,False,False,0.9,matched,,True,True,True,True,seqslam+dinov2,2025-02-28T06:24:39.174532+00:00,2024-04-13T09:13:02.777619+00:00
295,206.0,206.0,206.0,False,2.0158550907048007,0.32985203310357236,3.0,1.0,0.987012987012987,1.0,,0.0,False,False,0.9,matched,,True,True,True,True,seqslam+dinov2,2025-02-28T06:24:39.275630+00:00,2024-04-13T09:13:02.877786+00:00
296,207.0,207.0,207.0,False,1.989304603985724,0.44533472038680055,3.0,1.0,1.0,1.0,,0.0,False,False,0.9,matched,,True,True,True,True,seqslam+dinov2,2025-02-28T06:24:39.374781+00:00,2024-04-13T09:13:02.977973+00:00
297,208.0,208.0,208.0,False,1.9686836885949968,0.243930183623565,3.0,1.0,1.0,0.0,,0.0,False,False,0.9,matched,,True,True,True,True,seqslam+dinov2,2025-02-28T06:24:39.478354+00:00,2024-04-13T09:13:03.080997+00:00
298,209.0,209.0,209.0,False,1.9483996153440424,0.819260001296346,3.0,1.0,1.0,0.0,,0.0,False,False,0.9,matched,,True,True,True,True,seqslam+dinov2,2025-02-28T06:24:39.575963+00:00,2024-04-13T09:13:03.179327+00:00
299,210.0,210.0,210.0,False,1.9351837496864794,0.3927446681734994,3.0,1.0,1.0,1.0,,0.0,False,False,0.9,matched,,True,True,True,True,seqslam+dinov2,2025-02-28T06:24:39.674999+00:00,2024-04-13T09:13:03.281322+00:00
300,211.0,211.0,211.0,False,1.9144689447218768,0.5801750795406619,4.0,1.0,1.0,1.0,,0.0,False,False,0.7,matched,,True,True,True,True,seqslam+dinov2,2025-02-28T06:24:39.776892+00:00,2024-04-13T09:13:03.377500+00:00
301,212.0,212.0,212.0,False,1.9406034242878873,0.09172742368809095,4.0,1.0,1.0120481927710843,1.0,,0.0,False,False,0.7,matched,,True,True,True,True,seqslam+dinov2,2025-02-28T06:24:39.875723+00:00,2024-04-13T09:13:03.481925+00:00
302,213.0,213.0,213.0,False,1.9460667180672246,0.04421599246416208,4.0,1.0,1.0234263465282283,1.0,,0.0,False,False,0.7,matched,,True,True,True,True,seqslam+dinov2,2025-02-28T06:24:39.974269+00:00,2024-04-13T09:13:03.581402+00:00
303,214.0,214.0,214.0,False,1.9428586687941019,0.25673937021018167,4.0,1.0,1.0339960238568586,1.0,,0.0,False,False,0.7,matched,,True,True,True,True,seqslam+dinov2,2025-02-28T06:24:40.079582+00:00,2024-04-13T09:13:03.683845+00:00
304,215.0,215.0,215.0,False,1.912976918414121,0.378023712395702,4.0,1.0,1.0436191762322755,1.0,,0.0,False,False,0.7,matched,,True,True,True,True,seqslam+dinov2,2025-02-28T06:24:40.183693+00:00,2024-04-13T09:13:03.777817+00:00
305,216.0,216.0,216.0,False,1.8949263169484263,0.3766525844072386,4.0,1.0,1.0521619766643788,2.0,,0.0,False,False,0.7,matched,,True,True,True,True,seqslam+dinov2,2025-02-28T06:24:40.279576+00:00,2024-04-13T09:13:03.883742+00:00
306,217.0,217.0,217.0,False,1.8756370338567714,0.5932966543887295,3.0,1.0,1.0594989561586639,1.0,,0.0,False,False,0.9,matched,,True,True,True,True,seqslam+dinov2,2025-02-28T06:24:40.378763+00:00,2024-04-13T09:13:03.986732+00:00
307,218.0,218.0,218.0,False,1.899061686841967,0.5997662525902308,3.0,1.0,1.0655172413793101,0.0,,0.0,False,False,0.9,matched,,True,True,True,True,seqslam+dinov2,2025-02-28T06:24:40.478155+00:00,2024-04-13T09:13:04.081045+00:00
308,219.0,219.0,219.0,False,1.9061352502814055,0.5302886095563313,3.0,1.0,1.0701206529453513,0.0,,0.0,False,False,0.9,matched,,True,True,True,True,seqslam+dinov2,2025-02-28T06:24:40.577797+00:00,2024-04-13T09:13:04.185027+00:00
309,220.0,220.0,220.0,False,1.9000340812542482,0.37099462922930715,3.0,2.0,1.0732334047109209,1.0,,0.0,False,False,0.9,matched,,True,True,True,True,seqslam+dinov2,2025-02-28T06:24:40.677755+00:00,2024-04-13T09:13:04.277802+00:00
310,221.0,221.0,222.0,False,1.8718477036468633,0.35297058595365693,4.0,0.0,1.0748031496062993,1.0,,1.0,True,False,0.7,ambiguous_range,,True,True,True,True,seqslam+dinov2,2025-02-28T06:24:40.775487+00:00,2024-04-13T09:13:04.378697+00:00
311,223.0,223.0,223.0,False,1.853156459465535,0.16494705974792345,4.0,0.0,1.0732334047109209,0.0,,0.0,False,False,0.7,matched,,True,True,True,True,seqslam+dinov2,2025-02-28T06:24:40.875110+00:00,2024-04-13T09:13:04.577665+00:00
312,224.0,224.0,224.0,False,1.8432912066347598,0.15643222249280853,3.0,0.0,1.0701206529453513,0.0,,0.0,False,False,0.9,matched,,True,True,True,True,seqslam+dinov2,2025-02-28T06:24:40.975698+00:00,2024-04-13T09:13:04.677674+00:00
313,225.0,225.0,225.0,False,1.8342802933650177,0.09679365302675924,3.0,0.0,1.0800781250000002,0.0,,0.0,False,False,0.9,matched,,True,True,True,True,seqslam+dinov2,2025-02-28T06:24:41.075919+00:00,2024-04-13T09:13:04.778405+00:00
314,226.0,226.0,226.0,False,1.7685666317377993,0.34223396090729463,3.0,0.0,1.0874284876045184,0.0,,0.0,False,False,0.9,matched,,True,True,True,True,seqslam+dinov2,2025-02-28T06:24:41.175339+00:00,2024-04-13T09:13:04.883090+00:00
315,227.0,227.0,227.0,False,1.7315776978219397,0.2616590004988839,3.0,0.0,1.091937869822485,0.0,,0.0,False,False,0.9,matched,,True,True,True,True,seqslam+dinov2,2025-02-28T06:24:41.274691+00:00,2024-04-13T09:13:04.978115+00:00
316,228.0,228.0,228.0,False,1.7150163119627393,0.307358985704429,3.0,0.0,1.0934579439252337,1.0,,0.0,False,False,0.9,matched,,True,True,True,True,seqslam+dinov2,2025-02-28T06:24:41.375690+00:00,2024-04-13T09:13:05.079990+00:00
317,229.0,229.0,229.0,False,1.7498354024259568,0.40785369363450696,3.0,0.0,1.091937869822485,0.0,,0.0,False,False,0.9,matched,,True,True,True,True,seqslam+dinov2,2025-02-28T06:24:41.474401+00:00,2024-04-13T09:13:05.179119+00:00
318,230.0,230.0,230.0,False,1.7538097935018577,0.3760583612412747,3.0,0.0,1.087428487604518,0.0,,0.0,False,False,0.9,matched,,True,True,True,True,seqslam+dinov2,2025-02-28T06:24:41.574335+00:00,2024-04-13T09:13:05.278727+00:00
319,231.0,231.0,231.0,False,1.7914070415439212,-0.3389871906991213,4.0,0.0,1.080078125,315.0,,0.0,False,False,0.7,matched,,True,True,True,True,seqslam+dinov2,2025-02-28T06:24:41.679401+00:00,2024-04-13T09:13:05.378635+00:00
320,232.0,232.0,232.0,False,1.8476158561812048,0.10880340780702302,4.0,1.0,1.0701206529453513,3.0,,0.0,False,False,0.7,matched,,True,True,True,True,seqslam+dinov2,2025-02-28T06:24:41.777682+00:00,2024-04-13T09:13:05.481392+00:00
321,233.0,233.0,233.0,False,1.917647593157625,0.18795735950112613,4.0,1.0,1.0732334047109209,5.0,,0.0,False,False,0.7,matched,,True,True,True,True,seqslam+dinov2,2025-02-28T06:24:41.877162+00:00,2024-04-13T09:13:05.577588+00:00
322,235.0,234.0,235.0,False,1.9628110502979217,0.6678518561681379,3.0,1.0,1.0748031496062993,0.0,,1.0,True,False,0.9,ambiguous_range,,True,True,True,True,seqslam+dinov2,2025-02-28T06:24:41.974232+00:00,2024-04-13T09:13:05.777635+00:00
323,236.0,236.0,236.0,False,1.8917607974476551,0.025411488564715645,3.0,1.0,1.0732334047109209,2.0,,0.0,False,False,0.9,matched,,True,True,True,True,seqslam+dinov2,2025-02-28T06:24:42.074696+00:00,2024-04-13T09:13:05.877871+00:00
324,237.0,237.0,237.0,False,1.8389507064854484,0.4744518617171023,3.0,1.0,1.0847803881511748,0.0,,0.0,False,False,0.9,matched,,True,True,True,True,seqslam+dinov2,2025-02-28T06:24:42.177850+00:00,2024-04-13T09:13:05.981595+00:00
325,238.0,238.0,238.0,False,1.8441726816415551,0.7152145767554692,3.0,1.0,1.0937824603056836,0.0,,0.0,False,False,0.9,matched,,True,True,True,True,seqslam+dinov2,2025-02-28T06:24:42.275498+00:00,2024-04-13T09:13:06.081867+00:00
326,239.0,239.0,239.0,False,1.8255716296859446,0.8670779505672126,4.0,1.0,1.0999549752363802,0.0,,0.0,False,False,0.7,matched,,True,True,True,True,seqslam+dinov2,2025-02-28T06:24:42.375066+00:00,2024-04-13T09:13:06.181511+00:00
327,240.0,240.0,240.0,False,1.839080516528165,0.6661270302268485,4.0,1.0,1.1030943396226416,0.0,,0.0,False,False,0.7,matched,,True,True,True,True,seqslam+dinov2,2025-02-28T06:24:42.474567+00:00,2024-04-13T09:13:06.281896+00:00
328,241.0,241.0,241.0,False,1.8085023822998416,-0.31626931325755225,4.0,1.0,1.1030943396226416,3.0,,0.0,False,False,0.7,matched,,True,True,True,True,seqslam+dinov2,2025-02-28T06:24:42.575361+00:00,2024-04-13T09:13:06.381290+00:00
329,242.0,242.0,242.0,False,1.744440343508836,-0.05821074480235966,4.0,1.0,1.0999549752363798,3.0,,0.0,False,False,0.7,matched,,True,True,True,True,seqslam+dinov2,2025-02-28T06:24:42.674513+00:00,2024-04-13T09:13:06.485316+00:00
330,243.0,243.0,243.0,False,1.646292982347854,-0.08527648312378333,4.0,1.0,1.0937824603056834,5.0,,0.0,False,False,0.7,matched,,True,True,True,True,seqslam+dinov2,2025-02-28T06:24:42.777692+00:00,2024-04-13T09:13:06.583638+00:00
331,244.0,244.0,244.0,False,1.5507627859644708,-0.3187343358367867,4.0,1.0,1.0847803881511746,5.0,,0.0,False,False,0.7,matched,,True,True,True,True,seqslam+dinov2,2025-02-28T06:24:42.878226+00:00,2024-04-13T09:13:06.678707+00:00
332,245.0,245.0,245.0,False,1.4495082648094733,0.1655519534223815,4.0,1.0,1.0732334047109209,6.0,,0.0,False,False,0.7,matched,,True,True,True,True,seqslam+dinov2,2025-02-28T06:24:42.976005+00:00,2024-04-13T09:13:06.778930+00:00
333,247.0,246.0,247.0,False,1.3825343190348003,0.340202663837331,3.0,0.0,1.0748031496062993,0.0,,1.0,True,False,0.7,ambiguous_range,,True,True,True,True,seqslam+dinov2,2025-02-28T06:24:43.075495+00:00,2024-04-13T09:13:06.982189+00:00
334,248.0,248.0,248.0,False,1.4437693296336518,-0.46849013739291867,3.0,1.0,1.0732334047109209,834.0,,0.0,False,False,0.7,matched,,True,True,True,True,seqslam+dinov2,2025-02-28T06:24:43.174369+00:00,2024-04-13T09:13:07.078085+00:00
335,249.0,249.0,249.0,False,1.4695109766027288,-0.4023539821920137,3.0,1.0,1.0701206529453513,340.0,,0.0,False,False,0.7,matched,,True,True,True,True,seqslam+dinov2,2025-02-28T06:24:43.279550+00:00,2024-04-13T09:13:07.177742+00:00
336,250.0,250.0,250.0,False,1.5058997564275935,0.018542898219321202,3.0,0.0,1.0655172413793106,3.0,,0.0,False,False,0.9,matched,,True,True,True,True,seqslam+dinov2,2025-02-28T06:24:43.378155+00:00,2024-04-13T09:13:07.280228+00:00
337,251.0,251.0,251.0,False,1.520448154075242,-0.4696177026384838,3.0,0.0,1.059498956158664,3.0,,0.0,False,False,0.9,matched,,True,True,True,True,seqslam+dinov2,2025-02-28T06:24:43.475235+00:00,2024-04-13T09:13:07.378041+00:00
338,252.0,252.0,252.0,False,1.5077684793679018,-0.028353219117207784,3.0,0.0,1.052161976664379,3.0,,0.0,False,False,0.9,matched,,True,True,True,True,seqslam+dinov2,2025-02-28T06:24:43.580057+00:00,2024-04-13T09:13:07.477854+00:00
339,253.0,253.0,253.0,False,1.4810380958732567,0.10420275748673768,3.0,0.0,1.0436191762322757,0.0,,0.0,False,False,0.7,matched,,True,True,True,True,seqslam+dinov2,2025-02-28T06:24:43.675184+00:00,2024-04-13T09:13:07.583433+00:00
340,254.0,254.0,254.0,False,1.5168053479701378,-0.19051729938456075,3.0,0.0,1.033996023856859,292.0,,0.0,False,False,0.9,matched,,True,True,True,True,seqslam+dinov2,2025-02-28T06:24:43.774421+00:00,2024-04-13T09:13:07.677397+00:00
341,255.0,255.0,255.0,False,1.5225410668940507,0.23218537882613433,3.0,0.0,1.0234263465282283,2.0,,0.0,False,False,0.9,matched,,True,True,True,True,seqslam+dinov2,2025-02-28T06:24:43.874390+00:00,2024-04-13T09:13:07.778477+00:00
342,256.0,256.0,256.0,False,1.5159702020892696,5.29113995364483e-05,3.0,0.0,1.0120481927710843,2.0,,0.0,False,False,0.9,matched,,True,True,True,True,seqslam+dinov2,2025-02-28T06:24:43.979887+00:00,2024-04-13T09:13:07.879340+00:00
343,257.0,257.0,257.0,False,1.5398356523790298,0.18357351370774855,3.0,0.0,1.0,0.0,,0.0,False,False,0.9,matched,,True,True,True,True,seqslam+dinov2,2025-02-28T06:24:44.075845+00:00,2024-04-13T09:13:07.977956+00:00
344,258.0,258.0,258.0,False,1.5393130116862972,-0.031284941032386326,3.0,0.0,1.0,588.0,,0.0,False,False,0.9,matched,,True,True,True,True,seqslam+dinov2,2025-02-28T06:24:44.177800+00:00,2024-04-13T09:13:08.082838+00:00
345,259.0,259.0,259.0,False,1.5235089067265024,-0.06700898890413831,3.0,0.0,1.0,587.0,,0.0,False,False,0.9,matched,,True,True,True,True,seqslam+dinov2,2025-02-28T06:24:44.275760+00:00,2024-04-13T09:13:08.178263+00:00
346,260.0,260.0,260.0,False,1.5236194745991904,-0.42842949469324787,3.0,0.0,1.0,587.0,,0.0,False,False,0.9,matched,,True,True,True,True,seqslam+dinov2,2025-02-28T06:24:44.375555+00:00,2024-04-13T09:13:08.282617+00:00
347,261.0,261.0,261.0,False,1.5257635321114884,-0.5745908226468495,3.0,0.0,1.0,586.0,,0.0,False,False,0.9,matched,,True,True,True,True,seqslam+dinov2,2025-02-28T06:24:44.480000+00:00,2024-04-13T09:13:08.390002+00:00
348,262.0,262.0,262.0,False,1.5445108871549365,0.055664668316659505,3.0,0.0,1.0,2.0,,0.0,False,False,0.9,matched,,True,True,True,True,seqslam+dinov2,2025-02-28T06:24:44.578652+00:00,2024-04-13T09:13:08.485335+00:00
349,263.0,263.0,263.0,False,1.5619102216174383,-0.03883578727551518,2.0,0.0,1.0,1.0,,0.0,False,False,0.9,matched,,True,True,True,True,seqslam+dinov2,2025-02-28T06:24:44.674999+00:00,2024-04-13T09:13:08.582019+00:00
350,264.0,264.0,264.0,False,1.6121832229627748,0.022253197935496294,2.0,0.0,1.0,0.0,,0.0,False,False,0.9,matched,,True,True,True,True,seqslam+dinov2,2025-02-28T06:24:44.774765+00:00,2024-04-13T09:13:08.678812+00:00
351,265.0,265.0,265.0,False,1.658554386453637,0.021353399560640085,2.0,0.0,1.0,2.0,,0.0,False,False,0.9,matched,,True,True,True,True,seqslam+dinov2,2025-02-28T06:24:44.874622+00:00,2024-04-13T09:13:08.782878+00:00
352,266.0,266.0,266.0,False,1.7093153026507435,0.28796048908959904,2.0,0.0,1.0,0.0,,0.0,False,False,0.9,matched,,True,True,True,True,seqslam+dinov2,2025-02-28T06:24:44.974751+00:00,2024-04-13T09:13:08.878082+00:00
353,267.0,267.0,267.0,False,1.7808724038513488,0.02676858867605514,2.0,0.0,1.0,2.0,,0.0,False,False,0.9,matched,,True,True,True,True,seqslam+dinov2,2025-02-28T06:24:45.075342+00:00,2024-04-13T09:13:08.983179+00:00
354,268.0,268.0,268.0,False,1.821483358996967,0.23703054856161754,2.0,0.0,1.0,1.0,,0.0,False,False,0.9,matched,,True,True,True,True,seqslam+dinov2,2025-02-28T06:24:45.174463+00:00,2024-04-13T09:13:09.079040+00:00
355,269.0,269.0,269.0,False,1.8492001083890721,0.42428420979831816,2.0,0.0,1.0,0.0,,0.0,False,False,0.9,matched,,True,True,True,True,seqslam+dinov2,2025-02-28T06:24:45.282345+00:00,2024-04-13T09:13:09.178866+00:00
356,270.0,270.0,270.0,False,1.8800608003722379,0.36515981517279705,2.0,0.0,1.0,0.0,,0.0,False,False,0.9,matched,,True,True,True,True,seqslam+dinov2,2025-02-28T06:24:45.379168+00:00,2024-04-13T09:13:09.287253+00:00
357,271.0,271.0,271.0,False,1.9021625508831403,0.1018341768992832,2.0,0.0,1.0,0.0,,0.0,False,False,0.9,matched,,True,True,True,True,seqslam+dinov2,2025-02-28T06:24:45.479678+00:00,2024-04-13T09:13:09.379141+00:00
358,272.0,272.0,272.0,False,1.9124798176010325,0.6452802716518025,2.0,0.0,1.0,0.0,,0.0,False,False,0.9,matched,,True,True,True,True,seqslam+dinov2,2025-02-28T06:24:45.576551+00:00,2024-04-13T09:13:09.481716+00:00
359,273.0,273.0,273.0,False,1.952706911096294,0.4302896044553479,2.0,0.0,1.0,0.0,,0.0,False,False,0.9,matched,,True,True,True,True,seqslam+dinov2,2025-02-28T06:24:45.679692+00:00,2024-04-13T09:13:09.582468+00:00
360,274.0,274.0,274.0,False,1.9532074719837795,0.21562815802291135,2.0,0.0,1.0,1.0,,0.0,False,False,0.9,matched,,True,True,True,True,seqslam+dinov2,2025-02-28T06:24:45.781364+00:00,2024-04-13T09:13:09.678312+00:00
361,275.0,275.0,275.0,False,1.9695958957455382,0.40317160873456537,2.0,0.0,1.0,0.0,,0.0,False,False,0.9,matched,,True,True,True,True,seqslam+dinov2,2025-02-28T06:24:45.879594+00:00,2024-04-13T09:13:09.780497+00:00
362,276.0,276.0,276.0,False,1.9790787283997593,0.32711621689000636,2.0,0.0,1.0,4.0,,0.0,False,False,0.9,matched,,True,True,True,True,seqslam+dinov2,2025-02-28T06:24:45.975335+00:00,2024-04-13T09:13:09.885003+00:00
363,277.0,277.0,277.0,False,1.9966294075828173,0.33627955317190095,2.0,0.0,1.0,3.0,,0.0,False,False,0.9,matched,,True,True,True,True,seqslam+dinov2,2025-02-28T06:24:46.075955+00:00,2024-04-13T09:13:09.978078+00:00
364,278.0,278.0,278.0,False,1.98367594721753,0.43717947718700456,2.0,0.0,1.0,0.0,,0.0,False,False,0.9,matched,,True,True,True,True,seqslam+dinov2,2025-02-28T06:24:46.177469+00:00,2024-04-13T09:13:10.078053+00:00
365,279.0,279.0,279.0,False,1.9617636555743787,-0.03303052090876468,2.0,0.0,1.0,2.0,,0.0,False,False,0.9,matched,,True,True,True,True,seqslam+dinov2,2025-02-28T06:24:46.279858+00:00,2024-04-13T09:13:10.177781+00:00
366,280.0,280.0,280.0,False,1.9630894922614814,0.6426559421752587,2.0,0.0,1.0,0.0,,0.0,False,False,0.9,matched,,True,True,True,True,seqslam+dinov2,2025-02-28T06:24:46.374466+00:00,2024-04-13T09:13:10.280341+00:00
367,281.0,281.0,281.0,False,1.9461740201653706,0.46185096035619333,2.0,0.0,1.0,0.0,,0.0,False,False,0.9,matched,,True,True,True,True,seqslam+dinov2,2025-02-28T06:24:46.476863+00:00,2024-04-13T09:13:10.379698+00:00
368,282.0,282.0,282.0,False,1.9218377220047302,0.2791932432381965,2.0,0.0,1.0,0.0,,0.0,False,False,0.9,matched,,True,True,True,True,seqslam+dinov2,2025-02-28T06:24:46.579315+00:00,2024-04-13T09:13:10.478238+00:00
369,283.0,283.0,283.0,False,1.9082329780401905,0.01986013298257916,2.0,0.0,1.0,0.0,,0.0,False,False,0.9,matched,,True,True,True,True,seqslam+dinov2,2025-02-28T06:24:46.677217+00:00,2024-04-13T09:13:10.577768+00:00
370,284.0,284.0,284.0,False,1.8885125502384283,-0.11569251305164263,2.0,0.0,1.0,258.0,,0.0,False,False,0.9,matched,,True,True,True,True,seqslam+dinov2,2025-02-28T06:24:46.774749+00:00,2024-04-13T09:13:10.679085+00:00
371,285.0,285.0,285.0,False,1.9005412769087682,-0.1134548350042841,2.0,0.0,1.0,2.0,,0.0,False,False,0.9,matched,,True,True,True,True,seqslam+dinov2,2025-02-28T06:24:46.874717+00:00,2024-04-13T09:13:10.781142+00:00
372,286.0,286.0,286.0,False,1.8657380776503807,0.07632243974280684,2.0,0.0,1.0,0.0,,0.0,False,False,0.9,matched,,True,True,True,True,seqslam+dinov2,2025-02-28T06:24:46.974977+00:00,2024-04-13T09:13:10.881791+00:00
373,287.0,287.0,287.0,False,1.8483742630633495,-0.12954814565889894,2.0,0.0,1.0,34.0,,0.0,False,False,0.9,matched,,True,True,True,True,seqslam+dinov2,2025-02-28T06:24:47.080081+00:00,2024-04-13T09:13:10.980576+00:00
374,288.0,288.0,288.0,False,1.8330388241976117,0.07177470977909906,2.0,0.0,1.0,1.0,,0.0,False,False,0.9,matched,,True,True,True,True,seqslam+dinov2,2025-02-28T06:24:47.174108+00:00,2024-04-13T09:13:11.081792+00:00
375,289.0,289.0,289.0,False,1.8440391195870418,0.3005979485241328,2.0,0.0,1.0,0.0,,0.0,False,False,0.9,matched,,True,True,True,True,seqslam+dinov2,2025-02-28T06:24:47.278019+00:00,2024-04-13T09:13:11.178633+00:00
376,290.0,290.0,290.0,False,1.8708710642799977,0.7231814870150808,2.0,0.0,1.0,1.0,,0.0,False,False,0.9,matched,,True,True,True,True,seqslam+dinov2,2025-02-28T06:24:47.375242+00:00,2024-04-13T09:13:11.278900+00:00
377,291.0,291.0,291.0,False,1.8940760922567108,0.23556283242803588,2.0,0.0,1.0,1.0,,0.0,False,False,0.9,matched,,True,True,True,True,seqslam+dinov2,2025-02-28T06:24:47.474950+00:00,2024-04-13T09:13:11.377733+00:00
378,292.0,292.0,292.0,False,1.901657136512489,0.16990627852359497,2.0,0.0,1.0,0.0,,0.0,False,False,0.9,matched,,True,True,True,True,seqslam+dinov2,2025-02-28T06:24:47.574715+00:00,2024-04-13T09:13:11.478966+00:00
379,293.0,293.0,293.0,False,1.9183754969627709,0.24580808240830643,2.0,0.0,1.0,1.0,,0.0,False,False,0.9,matched,,True,True,True,True,seqslam+dinov2,2025-02-28T06:24:47.675370+00:00,2024-04-13T09:13:11.581974+00:00
380,294.0,294.0,294.0,False,1.946160703315342,0.353004012620175,2.0,0.0,1.0,0.0,,0.0,False,False,0.9,matched,,True,True,True,True,seqslam+dinov2,2025-02-28T06:24:47.776684+00:00,2024-04-13T09:13:11.678252+00:00
381,295.0,295.0,295.0,False,1.9631766504808952,0.526931222709583,3.0,0.0,1.0,1.0,,0.0,False,False,0.9,matched,,True,True,True,True,seqslam+dinov2,2025-02-28T06:24:47.881518+00:00,2024-04-13T09:13:11.777750+00:00
382,296.0,296.0,296.0,False,1.9687226845629568,0.635495477950734,3.0,0.0,1.0,1.0,,0.0,False,False,0.9,matched,,True,True,True,True,seqslam+dinov2,2025-02-28T06:24:47.978432+00:00,2024-04-13T09:13:11.885051+00:00
383,297.0,297.0,297.0,False,1.9906364074423657,0.5822919277296794,3.0,0.0,1.0,0.0,,0.0,False,False,0.9,matched,,True,True,True,True,seqslam+dinov2,2025-02-28T06:24:48.077250+00:00,2024-04-13T09:13:11.981788+00:00
384,298.0,298.0,298.0,False,2.0186659302561725,0.3180394249068679,3.0,0.0,1.0,1.0,,0.0,False,False,0.9,matched,,True,True,True,True,seqslam+dinov2,2025-02-28T06:24:48.175049+00:00,2024-04-13T09:13:12.078403+00:00
385,299.0,299.0,299.0,False,2.0359069071732994,0.5460952506578294,3.0,0.0,1.0,1.0,,0.0,False,False,0.9,matched,,True,True,True,True,seqslam+dinov2,2025-02-28T06:24:48.278320+00:00,2024-04-13T09:13:12.180817+00:00
386,300.0,300.0,300.0,False,2.043786652485244,0.6061474502446056,3.0,0.0,1.0,1.0,,0.0,False,False,0.9,matched,,True,True,True,True,seqslam+dinov2,2025-02-28T06:24:48.374948+00:00,2024-04-13T09:13:12.278320+00:00
387,301.0,301.0,301.0,False,2.0391226942521237,0.5468322844301388,3.0,0.0,1.0,1.0,,0.0,False,False,0.9,matched,,True,True,True,True,seqslam+dinov2,2025-02-28T06:24:48.474956+00:00,2024-04-13T09:13:12.379681+00:00
388,302.0,302.0,302.0,False,2.044939950974197,0.5457129413761987,3.0,0.0,1.0,1.0,,0.0,False,False,0.9,matched,,True,True,True,True,seqslam+dinov2,2025-02-28T06:24:48.578114+00:00,2024-04-13T09:13:12.479886+00:00
389,303.0,303.0,303.0,False,2.0582144364599544,0.7514252346729173,3.0,0.0,1.0,0.0,,0.0,False,False,0.9,matched,,True,True,True,True,seqslam+dinov2,2025-02-28T06:24:48.675574+00:00,2024-04-13T09:13:12.580064+00:00
390,304.0,304.0,304.0,False,2.0997192016139614,0.37613735347828015,3.0,0.0,1.0,1.0,,0.0,False,False,0.9,matched,,True,True,True,True,seqslam+dinov2,2025-02-28T06:24:48.778348+00:00,2024-04-13T09:13:12.678053+00:00
391,305.0,305.0,305.0,False,2.102170454593707,0.6941524226567428,3.0,0.0,1.0,0.0,,0.0,False,False,0.9,matched,,True,True,True,True,seqslam+dinov2,2025-02-28T06:24:48.879149+00:00,2024-04-13T09:13:12.781994+00:00
392,306.0,306.0,306.0,False,2.112817968532202,0.4212482055483653,3.0,0.0,1.0,1.0,,0.0,False,False,0.9,matched,,True,True,True,True,seqslam+dinov2,2025-02-28T06:24:48.978466+00:00,2024-04-13T09:13:12.878988+00:00
393,307.0,307.0,307.0,False,2.128144886443455,0.40691991624131685,4.0,0.0,1.0,0.0,,0.0,False,False,0.7,matched,,True,True,True,True,seqslam+dinov2,2025-02-28T06:24:49.081979+00:00,2024-04-13T09:13:12.980236+00:00
394,308.0,308.0,308.0,False,2.1327711733484453,0.7161297787052268,4.0,0.0,1.0,1.0,,0.0,False,False,0.7,matched,,True,True,True,True,seqslam+dinov2,2025-02-28T06:24:49.174704+00:00,2024-04-13T09:13:13.082891+00:00
395,309.0,309.0,309.0,False,2.1184300360767114,0.624184536779191,4.0,0.0,1.0,0.0,,0.0,False,False,0.7,matched,,True,True,True,True,seqslam+dinov2,2025-02-28T06:24:49.275130+00:00,2024-04-13T09:13:13.180600+00:00
396,310.0,310.0,310.0,False,2.115949819103364,0.3364994644246073,4.0,0.0,1.0,0.0,,0.0,False,False,0.7,matched,,True,True,True,True,seqslam+dinov2,2025-02-28T06:24:49.377584+00:00,2024-04-13T09:13:13.280056+00:00
397,311.0,311.0,311.0,False,2.112516372235949,0.548743820270075,4.0,0.0,1.0,0.0,,0.0,False,False,0.7,matched,,True,True,True,True,seqslam+dinov2,2025-02-28T06:24:49.478883+00:00,2024-04-13T09:13:13.377831+00:00
398,312.0,312.0,312.0,False,2.133630466512293,0.7286123622149168,4.0,0.0,1.0,0.0,,0.0,False,False,0.7,matched,,True,True,True,True,seqslam+dinov2,2025-02-28T06:24:49.582699+00:00,2024-04-13T09:13:13.483001+00:00
399,313.0,313.0,313.0,False,2.1586771936732663,0.48813936675463254,4.0,0.0,1.0,0.0,,0.0,False,False,0.7,matched,,True,True,True,True,seqslam+dinov2,2025-02-28T06:24:49.679683+00:00,2024-04-13T09:13:13.578409+00:00
400,314.0,314.0,314.0,False,2.1916073687746853,0.46255228840977747,4.0,0.0,1.0,0.0,,0.0,False,False,0.7,matched,,True,True,True,True,seqslam+dinov2,2025-02-28T06:24:49.778460+00:00,2024-04-13T09:13:13.678296+00:00
401,315.0,315.0,315.0,False,2.1994471506708715,0.3728504853922985,3.0,0.0,1.0,1.0,,0.0,False,False,0.9,matched,,True,True,True,True,seqslam+dinov2,2025-02-28T06:24:49.875189+00:00,2024-04-13T09:13:13.778185+00:00
402,316.0,316.0,316.0,False,2.2407182927672187,0.5933215624784278,2.0,0.0,1.0,0.0,,0.0,False,False,0.9,matched,,True,True,True,True,seqslam+dinov2,2025-02-28T06:24:49.977603+00:00,2024-04-13T09:13:13.878189+00:00
403,317.0,317.0,317.0,False,2.253156488215419,0.5432714244629462,1.0,0.0,1.0,0.0,,0.0,False,False,0.9,matched,,True,True,True,True,seqslam+dinov2,2025-02-28T06:24:50.075557+00:00,2024-04-13T09:13:13.977814+00:00
404,318.0,318.0,318.0,False,2.2461949945116335,0.370657896205556,1.0,0.0,1.0,0.0,,0.0,False,False,0.9,matched,,True,True,True,True,seqslam+dinov2,2025-02-28T06:24:50.175153+00:00,2024-04-13T09:13:14.077711+00:00
405,319.0,319.0,319.0,False,2.265078476220282,1.0175262599885557,1.0,0.0,1.0,0.0,,0.0,False,False,0.9,matched,,True,True,True,True,seqslam+dinov2,2025-02-28T06:24:50.274555+00:00,2024-04-13T09:13:14.178566+00:00
406,320.0,320.0,320.0,False,2.286810511931699,0.8026399399265154,1.0,0.0,1.0,0.0,,0.0,False,False,0.9,matched,,True,True,True,True,seqslam+dinov2,2025-02-28T06:24:50.374427+00:00,2024-04-13T09:13:14.278401+00:00
407,321.0,321.0,321.0,False,2.2996508753467038,0.9588225416034226,1.0,0.0,1.0,0.0,,0.0,False,False,0.9,matched,,True,True,True,True,seqslam+dinov2,2025-02-28T06:24:50.474413+00:00,2024-04-13T09:13:14.379248+00:00
408,322.0,322.0,322.0,False,2.330490257812699,0.8201174505492612,1.0,0.0,1.0,0.0,,0.0,False,False,0.9,matched,,True,True,True,True,seqslam+dinov2,2025-02-28T06:24:50.574692+00:00,2024-04-13T09:13:14.481648+00:00
409,323.0,323.0,323.0,False,2.344529549557036,0.05430282355746696,1.0,0.0,1.0,0.0,,0.0,False,False,0.9,matched,,True,True,True,True,seqslam+dinov2,2025-02-28T06:24:50.679841+00:00,2024-04-13T09:13:14.581968+00:00
410,324.0,324.0,324.0,False,2.3299248197798677,0.6142227160299027,1.0,0.0,1.0,0.0,,0.0,False,False,0.9,matched,,True,True,True,True,seqslam+dinov2,2025-02-28T06:24:50.778708+00:00,2024-04-13T09:13:14.682062+00:00
411,325.0,325.0,325.0,False,2.3143550788374276,0.8440588509160372,1.0,0.0,1.0,0.0,,0.0,False,False,0.9,matched,,True,True,True,True,seqslam+dinov2,2025-02-28T06:24:50.878091+00:00,2024-04-13T09:13:14.778172+00:00
412,326.0,326.0,326.0,False,2.3100959115938196,0.5475180623506408,1.0,0.0,1.0,0.0,,0.0,False,False,0.9,matched,,True,True,True,True,seqslam+dinov2,2025-02-28T06:24:50.974908+00:00,2024-04-13T09:13:14.879647+00:00
413,327.0,327.0,327.0,False,2.287553311173991,0.761746172441661,1.0,0.0,1.0,0.0,,0.0,False,False,0.9,matched,,True,True,True,True,seqslam+dinov2,2025-02-28T06:24:51.075456+00:00,2024-04-13T09:13:14.980828+00:00
414,328.0,328.0,328.0,False,2.28580154063745,0.5666790821095229,1.0,0.0,1.0,0.0,,0.0,False,False,0.9,matched,,True,True,True,True,seqslam+dinov2,2025-02-28T06:24:51.174807+00:00,2024-04-13T09:13:15.078013+00:00
415,329.0,329.0,329.0,False,2.2831305591552327,0.718365048919279,1.0,0.0,1.0,0.0,,0.0,False,False,0.9,matched,,True,True,True,True,seqslam+dinov2,2025-02-28T06:24:51.274986+00:00,2024-04-13T09:13:15.178929+00:00
416,330.0,330.0,330.0,False,2.299141627759225,0.9005708891137818,1.0,0.0,1.0,0.0,,0.0,False,False,0.9,matched,,True,True,True,True,seqslam+dinov2,2025-02-28T06:24:51.375050+00:00,2024-04-13T09:13:15.278280+00:00
417,331.0,331.0,331.0,False,2.3239656686211307,0.8304010294902173,1.0,0.0,1.0,0.0,,0.0,False,False,0.9,matched,,True,True,True,True,seqslam+dinov2,2025-02-28T06:24:51.475240+00:00,2024-04-13T09:13:15.377962+00:00
418,332.0,332.0,332.0,False,2.382266205674082,0.46747400169473763,1.0,0.0,1.0,0.0,,0.0,False,False,0.9,matched,,True,True,True,True,seqslam+dinov2,2025-02-28T06:24:51.574760+00:00,2024-04-13T09:13:15.481498+00:00
419,333.0,333.0,333.0,False,2.415883206531583,0.38704963322593366,1.0,0.0,1.0,0.0,,0.0,False,False,0.9,matched,,True,True,True,True,seqslam+dinov2,2025-02-28T06:24:51.675216+00:00,2024-04-13T09:13:15.581699+00:00
420,334.0,334.0,334.0,False,2.451412161387314,0.4989579543836311,1.0,0.0,1.0,1.0,,0.0,False,False,0.9,matched,,True,True,True,True,seqslam+dinov2,2025-02-28T06:24:51.775680+00:00,2024-04-13T09:13:15.678473+00:00
421,335.0,335.0,335.0,False,2.4954295319090023,0.6960060351141675,1.0,0.0,1.0,0.0,,0.0,False,False,0.9,matched,,True,True,True,True,seqslam+dinov2,2025-02-28T06:24:51.874757+00:00,2024-04-13T09:13:15.779386+00:00
422,336.0,336.0,336.0,False,2.5309388888232336,0.986753698112877,1.0,0.0,0.987012987012987,0.0,,0.0,False,False,0.9,matched,,True,True,True,True,seqslam+dinov2,2025-02-28T06:24:51.974159+00:00,2024-04-13T09:13:15.877764+00:00
423,337.0,337.0,337.0,False,2.5544077892444843,1.1545783383827524,1.0,0.0,0.9753246753246754,0.0,,0.0,False,False,0.9,matched,,True,True,True,True,seqslam+dinov2,2025-02-28T06:24:52.074962+00:00,2024-04-13T09:13:15.980731+00:00
424,338.0,338.0,338.0,False,2.562086241282505,1.29793802679383,1.0,0.0,0.9649350649350648,0.0,,0.0,False,False,0.9,matched,,True,True,True,True,seqslam+dinov2,2025-02-28T06:24:52.176095+00:00,2024-04-13T09:13:16.081181+00:00
425,339.0,339.0,339.0,False,2.5322773686194298,1.289464150977114,1.0,0.0,0.9558441558441557,0.0,,0.0,False,False,0.9,matched,,True,True,True,True,seqslam+dinov2,2025-02-28T06:24:52.277169+00:00,2024-04-13T09:13:16.179164+00:00
426,340.0,340.0,340.0,False,2.54407278256367,1.1869868666164856,1.0,0.0,0.9480519480519479,0.0,,0.0,False,False,0.9,matched,,True,True,True,True,seqslam+dinov2,2025-02-28T06:24:52.375301+00:00,2024-04-13T09:13:16.277636+00:00
427,341.0,341.0,341.0,False,2.5018204332245686,1.021562856350681,4.0,1.0,0.9415584415584414,0.0,,0.0,False,False,0.7,matched,,True,True,True,True,seqslam+dinov2,2025-02-28T06:24:52.477219+00:00,2024-04-13T09:13:16.379324+00:00
428,342.0,342.0,342.0,False,2.438511591658727,1.0570124672063517,4.0,1.0,0.9363636363636362,0.0,,0.0,False,False,0.7,matched,,True,True,True,True,seqslam+dinov2,2025-02-28T06:24:52.578520+00:00,2024-04-13T09:13:16.483599+00:00
429,343.0,343.0,343.0,False,2.3438381683317995,0.8042335340774103,4.0,1.0,0.9324675324675324,0.0,,0.0,False,False,0.7,matched,,True,True,True,True,seqslam+dinov2,2025-02-28T06:24:52.678413+00:00,2024-04-13T09:13:16.582385+00:00
430,344.0,344.0,344.0,False,2.227302301391731,0.46311809968796047,4.0,1.0,0.9298701298701298,1.0,,0.0,False,False,0.7,matched,,True,True,True,True,seqslam+dinov2,2025-02-28T06:24:52.774455+00:00,2024-04-13T09:13:16.682244+00:00
431,345.0,345.0,345.0,False,2.130129199239002,0.8884820273033747,4.0,2.0,0.9285714285714286,0.0,,0.0,False,False,0.7,matched,,True,True,True,True,seqslam+dinov2,2025-02-28T06:24:52.875580+00:00,2024-04-13T09:13:16.783296+00:00
432,345.0,345.0,345.0,False,2.064217653177156,0.6172469208012603,4.0,1.0,0.9285714285714286,0.0,,0.0,False,False,0.7,matched,,True,True,True,True,seqslam+dinov2,2025-02-28T06:24:52.975664+00:00,2024-04-13T09:13:16.783296+00:00
433,346.0,346.0,346.0,False,1.9726542297741545,0.6061091642594685,4.0,1.0,0.9298701298701298,0.0,,0.0,False,False,0.7,matched,,True,True,True,True,seqslam+dinov2,2025-02-28T06:24:53.075750+00:00,2024-04-13T09:13:16.882365+00:00
434,347.0,347.0,347.0,False,1.9001084207711847,0.36090861352375736,4.0,1.0,0.9324675324675324,0.0,,0.0,False,False,0.7,matched,,True,True,True,True,seqslam+dinov2,2025-02-28T06:24:53.175520+00:00,2024-04-13T09:13:16.978703+00:00
435,348.0,348.0,348.0,False,1.8304807487475245,0.16999691763197688,4.0,1.0,0.9363636363636365,1.0,,0.0,False,False,0.7,matched,,True,True,True,True,seqslam+dinov2,2025-02-28T06:24:53.278121+00:00,2024-04-13T09:13:17.078156+00:00
436,349.0,349.0,349.0,False,1.8389296130339488,0.4142774071876463,4.0,1.0,0.9415584415584417,1.0,,0.0,False,False,0.7,matched,,True,True,True,True,seqslam+dinov2,2025-02-28T06:24:53.379531+00:00,2024-04-13T09:13:17.181889+00:00
437,350.0,350.0,350.0,False,1.816257899671928,0.49337139128598784,4.0,1.0,0.9480519480519481,0.0,,0.0,False,False,0.7,matched,,True,True,True,True,seqslam+dinov2,2025-02-28T06:24:53.478406+00:00,2024-04-13T09:13:17.280384+00:00
438,351.0,351.0,351.0,False,1.7974629311576584,0.1712076812207166,5.0,1.0,0.9558441558441559,0.0,,0.0,False,False,0.7,matched,,True,True,True,True,seqslam+dinov2,2025-02-28T06:24:53.577044+00:00,2024-04-13T09:13:17.383991+00:00
439,352.0,352.0,352.0,False,1.8031943214687494,0.18182970533749554,5.0,1.0,0.9649350649350651,0.0,,0.0,False,False,0.7,matched,,True,True,True,True,seqslam+dinov2,2025-02-28T06:24:53.676387+00:00,2024-04-13T09:13:17.479356+00:00
440,353.0,353.0,353.0,False,1.8189172091590746,-0.0052609735582402894,5.0,1.0,0.9623376623376624,1.0,,0.0,False,False,0.7,matched,,True,True,True,True,seqslam+dinov2,2025-02-28T06:24:53.775397+00:00,2024-04-13T09:13:17.578081+00:00
441,354.0,354.0,354.0,False,1.8434750759371263,0.540706250189658,5.0,1.0,0.9623376623376624,0.0,,0.0,False,False,0.7,matched,,True,True,True,True,seqslam+dinov2,2025-02-28T06:24:53.874449+00:00,2024-04-13T09:13:17.678010+00:00
442,355.0,355.0,355.0,False,1.8269219496321056,0.5384849039588013,5.0,1.0,0.9649350649350648,0.0,,0.0,False,False,0.7,matched,,True,True,True,True,seqslam+dinov2,2025-02-28T06:24:53.974387+00:00,2024-04-13T09:13:17.783094+00:00
443,356.0,356.0,356.0,False,1.7700858801729458,0.14261263461080342,5.0,1.0,0.9558441558441557,0.0,,0.0,False,False,0.7,matched,,True,True,True,True,seqslam+dinov2,2025-02-28T06:24:54.075097+00:00,2024-04-13T09:13:17.882026+00:00
444,357.0,357.0,357.0,False,1.7968263468979473,0.31472082236039056,5.0,1.0,0.9480519480519479,0.0,,0.0,False,False,0.7,matched,,True,True,True,True,seqslam+dinov2,2025-02-28T06:24:54.176352+00:00,2024-04-13T09:13:17.983014+00:00
445,358.0,358.0,358.0,False,1.828039959068245,0.3423876693737542,5.0,1.0,0.9415584415584414,0.0,,0.0,False,False,0.7,matched,,True,True,True,True,seqslam+dinov2,2025-02-28T06:24:54.274308+00:00,2024-04-13T09:13:18.079580+00:00
446,359.0,359.0,359.0,False,1.8702887478892058,0.2983499799362932,5.0,1.0,0.9363636363636362,0.0,,0.0,False,False,0.7,matched,,True,True,True,True,seqslam+dinov2,2025-02-28T06:24:54.374208+00:00,2024-04-13T09:13:18.178164+00:00
447,360.0,360.0,360.0,False,1.8645744582798185,-0.12329609112163942,5.0,0.0,0.9324675324675324,2.0,,0.0,False,False,0.7,matched,,True,True,True,True,seqslam+dinov2,2025-02-28T06:24:54.475141+00:00,2024-04-13T09:13:18.279143+00:00
448,361.0,361.0,361.0,False,1.8666146195919082,-0.16261690395304473,5.0,0.0,0.9298701298701298,1.0,,0.0,False,False,0.7,matched,,True,True,True,True,seqslam+dinov2,2025-02-28T06:24:54.574996+00:00,2024-04-13T09:13:18.381402+00:00
449,362.0,362.0,362.0,False,1.878605177836343,0.13622301731723185,5.0,0.0,0.9155844155844156,0.0,,0.0,False,False,0.7,matched,,True,True,True,True,seqslam+dinov2,2025-02-28T06:24:54.675713+00:00,2024-04-13T09:13:18.483638+00:00
450,362.0,362.0,362.0,False,1.859700187662567,0.37316876769284235,5.0,0.0,0.9038961038961039,0.0,,0.0,False,False,0.7,matched,,True,True,True,True,seqslam+dinov2,2025-02-28T06:24:54.775168+00:00,2024-04-13T09:13:18.483638+00:00
451,363.0,363.0,363.0,False,1.837386886326553,0.6205714977418655,5.0,0.0,0.8948051948051949,0.0,,0.0,False,False,0.7,matched,,True,True,True,True,seqslam+dinov2,2025-02-28T06:24:54.876637+00:00,2024-04-13T09:13:18.583162+00:00
452,364.0,364.0,364.0,False,1.8300726767908737,0.3409618399064016,5.0,0.0,0.8883116883116885,0.0,,0.0,False,False,0.7,matched,,True,True,True,True,seqslam+dinov2,2025-02-28T06:24:54.977611+00:00,2024-04-13T09:13:18.680131+00:00
453,365.0,365.0,365.0,False,1.8514184752013088,0.6342565820218025,5.0,0.0,0.8844155844155844,0.0,,0.0,False,False,0.7,matched,,True,True,True,True,seqslam+dinov2,2025-02-28T06:24:55.081593+00:00,2024-04-13T09:13:18.778728+00:00
454,366.0,366.0,366.0,False,1.8909668726333764,0.4352052797388193,6.0,0.0,0.8831168831168831,0.0,,0.0,False,False,0.4,matched,,True,True,True,True,seqslam+dinov2,2025-02-28T06:24:55.181399+00:00,2024-04-13T09:13:18.882417+00:00
455,367.0,367.0,367.0,False,1.858891242422465,0.4281666813943996,6.0,0.0,0.8844155844155844,5.0,,0.0,False,False,0.4,matched,,True,True,True,True,seqslam+dinov2,2025-02-28T06:24:55.274537+00:00,2024-04-13T09:13:18.983261+00:00
456,368.0,368.0,368.0,False,1.851865219814649,0.14093092875651925,6.0,0.0,0.8883116883116882,0.0,,0.0,False,False,0.4,matched,,True,True,True,True,seqslam+dinov2,2025-02-28T06:24:55.376343+00:00,2024-04-13T09:13:19.078887+00:00
457,369.0,369.0,369.0,False,1.8520691733482624,0.36656276118641595,6.0,0.0,0.8948051948051946,0.0,,0.0,False,False,0.4,matched,,True,True,True,True,seqslam+dinov2,2025-02-28T06:24:55.474402+00:00,2024-04-13T09:13:19.177876+00:00
458,370.0,370.0,370.0,False,1.86290384413453,0.3268596880767045,5.0,0.0,0.8909090909090909,0.0,,0.0,False,False,0.7,matched,,True,True,True,True,seqslam+dinov2,2025-02-28T06:24:55.574380+00:00,2024-04-13T09:13:19.281874+00:00
459,370.0,370.0,370.0,False,1.8814541262278737,0.3051313351216427,4.0,1.0,0.8909090909090909,0.0,,0.0,False,False,0.7,matched,,True,True,True,True,seqslam+dinov2,2025-02-28T06:24:55.677439+00:00,2024-04-13T09:13:19.281874+00:00
460,371.0,371.0,371.0,False,1.8919024116476761,0.11014108356679286,4.0,2.0,0.8948051948051949,1.0,,0.0,False,False,0.7,matched,,True,True,True,True,seqslam+dinov2,2025-02-28T06:24:55.776131+00:00,2024-04-13T09:13:19.382128+00:00
461,372.0,372.0,372.0,False,1.8944766522251228,0.5344808887236354,3.0,1.0,0.8883116883116885,0.0,,0.0,False,False,0.9,matched,,True,True,True,True,seqslam+dinov2,2025-02-28T06:24:55.875824+00:00,2024-04-13T09:13:19.481223+00:00
462,373.0,373.0,373.0,False,1.9320958502072914,0.48458708446937715,2.0,1.0,0.8844155844155844,0.0,,0.0,False,False,0.9,matched,,True,True,True,True,seqslam+dinov2,2025-02-28T06:24:55.974319+00:00,2024-04-13T09:13:19.581299+00:00
463,374.0,374.0,374.0,False,1.9726767360425947,0.7853015063273272,1.0,1.0,0.8701298701298701,0.0,,0.0,False,False,0.9,matched,,True,True,True,True,seqslam+dinov2,2025-02-28T06:24:56.074212+00:00,2024-04-13T09:13:19.682590+00:00
464,375.0,375.0,375.0,False,2.0382528382401803,0.4913033998504437,1.0,1.0,0.8597402597402596,0.0,,0.0,False,False,0.9,matched,,True,True,True,True,seqslam+dinov2,2025-02-28T06:24:56.174528+00:00,2024-04-13T09:13:19.777774+00:00
465,376.0,376.0,376.0,False,2.099226927262848,0.5718322440955605,1.0,1.0,0.8532467532467533,0.0,,0.0,False,False,0.9,matched,,True,True,True,True,seqslam+dinov2,2025-02-28T06:24:56.274669+00:00,2024-04-13T09:13:19.878760+00:00
466,377.0,377.0,377.0,False,2.156171358547446,0.4095065977372556,1.0,1.0,0.8506493506493507,1.0,,0.0,False,False,0.9,matched,,True,True,True,True,seqslam+dinov2,2025-02-28T06:24:56.380185+00:00,2024-04-13T09:13:19.978755+00:00
467,378.0,378.0,378.0,False,2.2106183620869766,0.6296415764855463,1.0,1.0,0.8519480519480519,0.0,,0.0,False,False,0.9,matched,,True,True,True,True,seqslam+dinov2,2025-02-28T06:24:56.475335+00:00,2024-04-13T09:13:20.077559+00:00
468,378.0,378.0,378.0,False,2.236349565656663,0.5347092671646476,1.0,0.0,0.8571428571428571,0.0,,0.0,False,False,0.9,matched,,True,True,True,True,seqslam+dinov2,2025-02-28T06:24:56.574507+00:00,2024-04-13T09:13:20.077559+00:00
469,379.0,379.0,379.0,False,2.2423195221099217,0.9885449111595586,1.0,0.0,0.8532467532467533,0.0,,0.0,False,False,0.9,matched,,True,True,True,True,seqslam+dinov2,2025-02-28T06:24:56.686188+00:00,2024-04-13T09:13:20.177507+00:00
470,380.0,380.0,380.0,False,2.256373067784962,0.8745042261840144,1.0,0.0,0.8402597402597403,0.0,,0.0,False,False,0.9,matched,,True,True,True,True,seqslam+dinov2,2025-02-28T06:24:56.775017+00:00,2024-04-13T09:13:20.279543+00:00
471,381.0,381.0,381.0,False,2.267312161272637,0.6834261745102401,1.0,1.0,0.8311688311688312,0.0,,0.0,False,False,0.9,matched,,True,True,True,True,seqslam+dinov2,2025-02-28T06:24:56.875412+00:00,2024-04-13T09:13:20.377725+00:00
472,382.0,382.0,382.0,False,2.321122291846291,1.2016567622871486,2.0,2.0,0.825974025974026,0.0,,0.0,False,False,0.9,matched,,True,True,True,True,seqslam+dinov2,2025-02-28T06:24:56.974236+00:00,2024-04-13T09:13:20.478961+00:00
473,382.0,382.0,382.0,False,2.3345244712662008,0.7722735457192726,2.0,1.0,0.8246753246753247,0.0,,0.0,False,False,0.9,matched,,True,True,True,True,seqslam+dinov2,2025-02-28T06:24:57.074296+00:00,2024-04-13T09:13:20.478961+00:00
474,383.0,383.0,383.0,False,2.3419866908798195,0.39615733053914637,2.0,1.0,0.8142857142857143,0.0,,0.0,False,False,0.9,matched,,True,True,True,True,seqslam+dinov2,2025-02-28T06:24:57.175564+00:00,2024-04-13T09:13:20.579496+00:00
475,384.0,384.0,384.0,False,2.3117273489296095,0.31783663260745154,2.0,1.0,0.8090909090909091,0.0,,0.0,False,False,0.9,matched,,True,True,True,True,seqslam+dinov2,2025-02-28T06:24:57.275195+00:00,2024-04-13T09:13:20.682011+00:00
476,385.0,385.0,385.0,False,2.301393786851826,0.43666736596131583,2.0,1.0,0.8090909090909091,0.0,,0.0,False,False,0.9,matched,,True,True,True,True,seqslam+dinov2,2025-02-28T06:24:57.374575+00:00,2024-04-13T09:13:20.782510+00:00
477,386.0,386.0,386.0,False,2.30272507705021,0.7469721558116276,2.0,1.0,0.8012987012987013,0.0,,0.0,False,False,0.9,matched,,True,True,True,True,seqslam+dinov2,2025-02-28T06:24:57.477581+00:00,2024-04-13T09:13:20.880620+00:00
478,387.0,387.0,387.0,False,2.2976093514443594,0.5230540844207647,2.0,1.0,0.8,0.0,,0.0,False,False,0.9,matched,,True,True,True,True,seqslam+dinov2,2025-02-28T06:24:57.574548+00:00,2024-04-13T09:13:20.981282+00:00
479,387.0,387.0,387.0,False,2.3076265117450667,0.47944131336864615,2.0,0.0,0.7909090909090909,0.0,,0.0,False,False,0.9,matched,,True,True,True,True,seqslam+dinov2,2025-02-28T06:24:57.674239+00:00,2024-04-13T09:13:20.981282+00:00
480,388.0,388.0,388.0,False,2.3020233820053195,0.4510237798631338,2.0,0.0,0.787012987012987,1.0,,0.0,False,False,0.9,matched,,True,True,True,True,seqslam+dinov2,2025-02-28T06:24:57.779906+00:00,2024-04-13T09:13:21.080098+00:00
481,389.0,389.0,389.0,False,2.2746853735696715,0.7127585353907104,2.0,0.0,0.7883116883116883,0.0,,0.0,False,False,0.9,matched,,True,True,True,True,seqslam+dinov2,2025-02-28T06:24:57.874899+00:00,2024-04-13T09:13:21.179031+00:00
482,390.0,390.0,390.0,False,2.2429664649924437,0.6838505764072957,3.0,0.0,0.7948051948051948,1.0,,0.0,False,False,0.9,matched,,True,True,True,True,seqslam+dinov2,2025-02-28T06:24:57.977538+00:00,2024-04-13T09:13:21.278360+00:00
483,391.0,391.0,391.0,False,2.209255948225026,0.8973221895136358,3.0,0.0,0.8064935064935065,0.0,,0.0,False,False,0.9,matched,,True,True,True,True,seqslam+dinov2,2025-02-28T06:24:58.074683+00:00,2024-04-13T09:13:21.377893+00:00
484,391.0,391.0,391.0,False,2.1599707037473936,0.9188030595923828,3.0,1.0,0.8090909090909091,0.0,,0.0,False,False,0.9,matched,,True,True,True,True,seqslam+dinov2,2025-02-28T06:24:58.174448+00:00,2024-04-13T09:13:21.377893+00:00
485,392.0,392.0,392.0,False,2.1402296988334157,0.6696775580132854,3.0,1.0,0.8155844155844156,0.0,,0.0,False,False,0.9,matched,,True,True,True,True,seqslam+dinov2,2025-02-28T06:24:58.275727+00:00,2024-04-13T09:13:21.477790+00:00
486,393.0,393.0,393.0,False,2.104437579734035,0.5548763436841453,3.0,1.0,0.825974025974026,0.0,,0.0,False,False,0.9,matched,,True,True,True,True,seqslam+dinov2,2025-02-28T06:24:58.376344+00:00,2024-04-13T09:13:21.581578+00:00
487,393.0,393.0,393.0,False,2.0661370913198494,0.39830839919591376,3.0,2.0,0.8402597402597403,0.0,,0.0,False,False,0.9,matched,,True,True,True,True,seqslam+dinov2,2025-02-28T06:24:58.474431+00:00,2024-04-13T09:13:21.581578+00:00
488,394.0,394.0,394.0,False,2.017540698618045,0.062350691108175704,3.0,2.0,0.8584415584415584,0.0,,0.0,False,False,0.9,matched,,True,True,True,True,seqslam+dinov2,2025-02-28T06:24:58.575097+00:00,2024-04-13T09:13:21.680641+00:00
489,395.0,395.0,395.0,False,1.93397490501385,0.14990677358414706,3.0,2.0,0.8805194805194805,1.0,,0.0,False,False,0.9,matched,,True,True,True,True,seqslam+dinov2,2025-02-28T06:24:58.674790+00:00,2024-04-13T09:13:21.777566+00:00
490,396.0,396.0,396.0,False,1.862021900393042,0.5141752581460308,4.0,2.0,0.8922077922077922,0.0,,0.0,False,False,0.7,matched,,True,True,True,True,seqslam+dinov2,2025-02-28T06:24:58.778962+00:00,2024-04-13T09:13:21.878106+00:00
491,397.0,397.0,397.0,False,1.8301066700437145,0.20746850885425627,4.0,1.0,0.9064935064935065,3.0,,0.0,False,False,0.7,matched,,True,True,True,True,seqslam+dinov2,2025-02-28T06:24:58.876073+00:00,2024-04-13T09:13:21.981907+00:00
492,398.0,398.0,398.0,False,1.8014854202316022,0.4497906472643036,4.0,1.0,0.9233766233766235,0.0,,0.0,False,False,0.7,matched,,True,True,True,True,seqslam+dinov2,2025-02-28T06:24:58.974394+00:00,2024-04-13T09:13:22.080844+00:00
493,399.0,399.0,399.0,False,1.8120556821805658,0.04996672456441953,4.0,1.0,0.9428571428571431,2.0,,0.0,False,False,0.7,matched,,True,True,True,True,seqslam+dinov2,2025-02-28T06:24:59.078160+00:00,2024-04-13T09:13:22.178909+00:00
494,400.0,400.0,400.0,False,1.8046634040847067,0.01987639902342364,4.0,1.0,0.9649350649350651,2.0,,0.0,False,False,0.7,matched,,True,True,True,True,seqslam+dinov2,2025-02-28T06:24:59.178070+00:00,2024-04-13T09:13:22.279083+00:00
495,401.0,401.0,401.0,False,1.824567380543302,-0.04862744965676691,4.0,1.0,0.9753246753246754,4.0,,0.0,False,False,0.7,matched,,True,True,True,True,seqslam+dinov2,2025-02-28T06:24:59.281046+00:00,2024-04-13T09:13:22.380582+00:00
496,402.0,402.0,402.0,False,1.834576263937638,0.04754446726910633,4.0,1.0,0.987012987012987,3.0,,0.0,False,False,0.7,matched,,True,True,True,True,seqslam+dinov2,2025-02-28T06:24:59.378286+00:00,2024-04-13T09:13:22.477842+00:00
497,403.0,403.0,403.0,False,1.8450767619117767,-0.024188388222146973,4.0,1.0,1.0,2.0,,0.0,False,False,0.7,matched,,True,True,True,True,seqslam+dinov2,2025-02-28T06:24:59.479458+00:00,2024-04-13T09:13:22.584952+00:00
498,404.0,404.0,404.0,False,1.8909791037454118,0.45758841223879476,4.0,1.0,1.0,0.0,,0.0,False,False,0.7,matched,,True,True,True,True,seqslam+dinov2,2025-02-28T06:24:59.574694+00:00,2024-04-13T09:13:22.677900+00:00
499,405.0,405.0,405.0,False,1.9470429539953664,0.39255501324949993,4.0,1.0,1.0,0.0,,0.0,False,False,0.7,matched,,True,True,True,True,seqslam+dinov2,2025-02-28T06:24:59.675979+00:00,2024-04-13T09:13:22.777427+00:00
500,406.0,406.0,406.0,False,2.0161551217009572,0.3942273483041481,4.0,1.0,1.0,1.0,,0.0,False,False,0.7,matched,,True,True,True,True,seqslam+dinov2,2025-02-28T06:24:59.775281+00:00,2024-04-13T09:13:22.878461+00:00
501,407.0,407.0,407.0,False,2.0932162222511317,0.6719948148335018,4.0,1.0,1.0,0.0,,0.0,False,False,0.7,matched,,True,True,True,True,seqslam+dinov2,2025-02-28T06:24:59.875106+00:00,2024-04-13T09:13:22.977787+00:00
502,408.0,408.0,408.0,False,2.1213887225860324,0.6414295340891099,4.0,1.0,1.0,1.0,,0.0,False,False,0.7,matched,,True,True,True,True,seqslam+dinov2,2025-02-28T06:24:59.974899+00:00,2024-04-13T09:13:23.080320+00:00
503,409.0,409.0,409.0,False,2.1729660647172846,0.8812951741421302,3.0,0.0,1.0,0.0,,0.0,False,False,0.9,matched,,True,True,True,True,seqslam+dinov2,2025-02-28T06:25:00.075524+00:00,2024-04-13T09:13:23.177819+00:00
504,410.0,410.0,410.0,False,2.201338009635266,1.065028743519707,2.0,0.0,1.0,0.0,,0.0,False,False,0.9,matched,,True,True,True,True,seqslam+dinov2,2025-02-28T06:25:00.179462+00:00,2024-04-13T09:13:23.279200+00:00
505,411.0,411.0,411.0,False,2.2514153611875005,1.0120584800103127,2.0,0.0,1.0,0.0,,0.0,False,False,0.9,matched,,True,True,True,True,seqslam+dinov2,2025-02-28T06:25:00.280542+00:00,2024-04-13T09:13:23.379360+00:00
506,412.0,412.0,412.0,False,2.274792077221103,1.1222430731011206,2.0,0.0,1.0,0.0,,0.0,False,False,0.9,matched,,True,True,True,True,seqslam+dinov2,2025-02-28T06:25:00.375532+00:00,2024-04-13T09:13:23.481078+00:00
507,413.0,413.0,413.0,False,2.2819434181735407,0.6632278614925677,2.0,0.0,1.0,0.0,,0.0,False,False,0.9,matched,,True,True,True,True,seqslam+dinov2,2025-02-28T06:25:00.476723+00:00,2024-04-13T09:13:23.586169+00:00
508,414.0,414.0,414.0,False,2.2919113326936977,0.8699665041271096,2.0,0.0,1.0,0.0,,0.0,False,False,0.9,matched,,True,True,True,True,seqslam+dinov2,2025-02-28T06:25:00.577444+00:00,2024-04-13T09:13:23.679266+00:00
509,415.0,415.0,415.0,False,2.2590880684332433,1.038455266580492,2.0,0.0,1.0,0.0,,0.0,False,False,0.9,matched,,True,True,True,True,seqslam+dinov2,2025-02-28T06:25:00.676016+00:00,2024-04-13T09:13:23.780158+00:00
510,416.0,416.0,416.0,False,2.1746214080775137,1.0757632856161061,2.0,0.0,1.0,0.0,,0.0,False,False,0.9,matched,,True,True,True,True,seqslam+dinov2,2025-02-28T06:25:00.775386+00:00,2024-04-13T09:13:23.881050+00:00
511,417.0,417.0,417.0,False,2.0002642574097993,0.7058578850630739,2.0,0.0,1.0,0.0,,0.0,False,False,0.9,matched,,True,True,True,True,seqslam+dinov2,2025-02-28T06:25:00.874326+00:00,2024-04-13T09:13:23.983339+00:00
512,418.0,418.0,418.0,False,1.8713245191626664,0.7978681878386227,2.0,0.0,1.0,0.0,,0.0,False,False,0.9,matched,,True,True,True,True,seqslam+dinov2,2025-02-28T06:25:00.976221+00:00,2024-04-13T09:13:24.081350+00:00
513,419.0,419.0,419.0,False,1.7870962682902074,0.3882544416483853,2.0,0.0,1.0,0.0,,0.0,False,False,0.9,matched,,True,True,True,True,seqslam+dinov2,2025-02-28T06:25:01.075006+00:00,2024-04-13T09:13:24.182059+00:00
514,420.0,420.0,420.0,False,1.6924542482593543,0.7315382385353524,2.0,0.0,1.0,0.0,,0.0,False,False,0.9,matched,,True,True,True,True,seqslam+dinov2,2025-02-28T06:25:01.175407+00:00,2024-04-13T09:13:24.277785+00:00
515,421.0,421.0,421.0,False,1.603123508670234,0.05276086665353108,2.0,0.0,1.0,1.0,,0.0,False,False,0.9,matched,,True,True,True,True,seqslam+dinov2,2025-02-28T06:25:01.274814+00:00,2024-04-13T09:13:24.380436+00:00
516,422.0,422.0,422.0,False,1.5288364741768652,-0.8876424150061186,2.0,0.0,1.0,5.0,,0.0,False,False,0.9,matched,,True,True,True,True,seqslam+dinov2,2025-02-28T06:25:01.375111+00:00,2024-04-13T09:13:24.478810+00:00
517,423.0,423.0,423.0,False,1.4816250347734028,-0.28634036905882443,2.0,0.0,1.0,5.0,,0.0,False,False,0.7,matched,,True,True,True,True,seqslam+dinov2,2025-02-28T06:25:01.475770+00:00,2024-04-13T09:13:24.577628+00:00
518,424.0,424.0,424.0,False,1.4415080432571974,-0.21246006979411236,2.0,0.0,1.0,10.0,,0.0,False,False,0.7,matched,,True,True,True,True,seqslam+dinov2,2025-02-28T06:25:01.575341+00:00,2024-04-13T09:13:24.678023+00:00
519,425.0,425.0,425.0,False,1.4024888701077445,-0.3882257878438726,2.0,0.0,1.0,1753.0,,0.0,False,False,0.7,matched,,True,True,True,True,seqslam+dinov2,2025-02-28T06:25:01.676414+00:00,2024-04-13T09:13:24.777531+00:00
520,426.0,426.0,426.0,False,1.382682409363923,-0.14431986667172514,2.0,0.0,1.0,1548.0,,0.0,False,False,0.7,matched,,True,True,True,True,seqslam+dinov2,2025-02-28T06:25:01.775988+00:00,2024-04-13T09:13:24.877884+00:00
521,427.0,427.0,427.0,False,1.4131805465037623,0.1332564163160621,2.0,0.0,1.0,0.0,,0.0,False,False,0.7,matched,,True,True,True,True,seqslam+dinov2,2025-02-28T06:25:01.875557+00:00,2024-04-13T09:13:24.984283+00:00
522,428.0,428.0,428.0,False,1.4970198843965816,-0.03700596584160443,2.0,0.0,1.0,65.0,,0.0,False,False,0.7,matched,,True,True,True,True,seqslam+dinov2,2025-02-28T06:25:01.974554+00:00,2024-04-13T09:13:25.078252+00:00
523,429.0,429.0,429.0,False,1.4929523874110273,0.1604912481186953,2.0,0.0,1.0,0.0,,0.0,False,False,0.7,matched,,True,True,True,True,seqslam+dinov2,2025-02-28T06:25:02.075402+00:00,2024-04-13T09:13:25.181653+00:00
524,430.0,430.0,430.0,False,1.4666005207523372,-0.17798791275415127,2.0,0.0,1.0,2.0,,0.0,False,False,0.7,matched,,True,True,True,True,seqslam+dinov2,2025-02-28T06:25:02.178406+00:00,2024-04-13T09:13:25.278147+00:00
525,431.0,431.0,431.0,False,1.460734230964964,0.07351150682278673,2.0,1.0,1.0,0.0,,0.0,False,False,0.7,matched,,True,True,True,True,seqslam+dinov2,2025-02-28T06:25:02.275683+00:00,2024-04-13T09:13:25.378648+00:00
526,432.0,432.0,432.0,False,1.4595213415267665,-0.03333476249968115,2.0,1.0,1.0,1543.0,,0.0,False,False,0.7,matched,,True,True,True,True,seqslam+dinov2,2025-02-28T06:25:02.375566+00:00,2024-04-13T09:13:25.479082+00:00
527,433.0,433.0,433.0,False,1.447607185258824,-0.2661359739720546,2.0,1.0,1.0,69.0,,0.0,False,False,0.7,matched,,True,True,True,True,seqslam+dinov2,2025-02-28T06:25:02.475746+00:00,2024-04-13T09:13:25.581197+00:00
528,434.0,434.0,434.0,False,1.4531041300990382,-0.2833553418286161,2.0,1.0,1.0,4.0,,0.0,False,False,0.7,matched,,True,True,True,True,seqslam+dinov2,2025-02-28T06:25:02.574321+00:00,2024-04-13T09:13:25.679218+00:00
529,435.0,435.0,435.0,False,1.4390488698118868,-0.65330042596356,2.0,1.0,1.0,3.0,,0.0,False,False,0.7,matched,,True,True,True,True,seqslam+dinov2,2025-02-28T06:25:02.674740+00:00,2024-04-13T09:13:25.782391+00:00
530,436.0,436.0,436.0,False,1.4540799680449432,-0.22427257790015975,2.0,1.0,1.0,1.0,,0.0,False,False,0.7,matched,,True,True,True,True,seqslam+dinov2,2025-02-28T06:25:02.778352+00:00,2024-04-13T09:13:25.879228+00:00
531,437.0,437.0,437.0,False,1.4414848295350884,-0.1608832704268337,2.0,1.0,1.0,1.0,,0.0,False,False,0.7,matched,,True,True,True,True,seqslam+dinov2,2025-02-28T06:25:02.876371+00:00,2024-04-13T09:13:25.978852+00:00
532,438.0,438.0,438.0,False,1.4353108504335148,0.0503671810796118,2.0,1.0,1.0,1.0,,0.0,False,False,0.7,matched,,True,True,True,True,seqslam+dinov2,2025-02-28T06:25:02.974380+00:00,2024-04-13T09:13:26.077650+00:00
533,439.0,439.0,439.0,False,1.4397140631108851,0.18057046573409674,2.0,2.0,1.0,1.0,,0.0,False,False,0.7,matched,,True,True,True,True,seqslam+dinov2,2025-02-28T06:25:03.075272+00:00,2024-04-13T09:13:26.183251+00:00
534,440.0,440.0,440.0,False,1.4953790730317957,0.17201302366561322,2.0,2.0,1.0,2.0,,0.0,False,False,0.7,matched,,True,True,True,True,seqslam+dinov2,2025-02-28T06:25:03.174464+00:00,2024-04-13T09:13:26.277969+00:00
535,441.0,441.0,441.0,False,1.592987703592903,0.366166291493667,2.0,2.0,1.0,1.0,,0.0,False,False,0.9,matched,,True,True,True,True,seqslam+dinov2,2025-02-28T06:25:03.274927+00:00,2024-04-13T09:13:26.378608+00:00
536,442.0,442.0,442.0,False,1.6737500997589336,0.019908926339532895,2.0,2.0,1.0,1.0,,0.0,False,False,0.9,matched,,True,True,True,True,seqslam+dinov2,2025-02-28T06:25:03.375032+00:00,2024-04-13T09:13:26.479531+00:00
537,443.0,443.0,443.0,False,1.7519515810552428,0.22210217346203298,2.0,2.0,1.0,0.0,,0.0,False,False,0.9,matched,,True,True,True,True,seqslam+dinov2,2025-02-28T06:25:03.474346+00:00,2024-04-13T09:13:26.578197+00:00
538,444.0,444.0,444.0,False,1.7872106441591198,0.16146603071768695,2.0,2.0,1.0,2.0,,0.0,False,False,0.9,matched,,True,True,True,True,seqslam+dinov2,2025-02-28T06:25:03.578303+00:00,2024-04-13T09:13:26.681445+00:00
539,445.0,445.0,445.0,False,1.8118129128806222,0.12290983097633701,2.0,2.0,1.0,1.0,,0.0,False,False,0.9,matched,,True,True,True,True,seqslam+dinov2,2025-02-28T06:25:03.679085+00:00,2024-04-13T09:13:26.781522+00:00
540,446.0,446.0,446.0,False,1.8394816462365364,0.6518298328563477,2.0,2.0,1.0,0.0,,0.0,False,False,0.9,matched,,True,True,True,True,seqslam+dinov2,2025-02-28T06:25:03.775163+00:00,2024-04-13T09:13:26.877990+00:00
541,447.0,447.0,447.0,False,1.843081862777179,0.6173744014438536,2.0,2.0,1.0,0.0,,0.0,False,False,0.9,matched,,True,True,True,True,seqslam+dinov2,2025-02-28T06:25:03.880273+00:00,2024-04-13T09:13:26.978718+00:00
542,448.0,448.0,448.0,False,1.85733278248224,0.7672670243149431,2.0,2.0,1.0,0.0,,0.0,False,False,0.9,matched,,True,True,True,True,seqslam+dinov2,2025-02-28T06:25:03.975510+00:00,2024-04-13T09:13:27.078707+00:00
543,449.0,449.0,449.0,False,1.8580492952780525,0.20091025878157498,2.0,2.0,1.0,2.0,,0.0,False,False,0.9,matched,,True,True,True,True,seqslam+dinov2,2025-02-28T06:25:04.076599+00:00,2024-04-13T09:13:27.187122+00:00
544,450.0,450.0,450.0,False,1.8986967042909044,0.48925455136258855,2.0,2.0,1.0,0.0,,0.0,False,False,0.9,matched,,True,True,True,True,seqslam+dinov2,2025-02-28T06:25:04.174245+00:00,2024-04-13T09:13:27.280909+00:00
545,451.0,451.0,451.0,False,1.922154335610436,0.5434225109518533,2.0,2.0,1.0,2.0,,0.0,False,False,0.9,matched,,True,True,True,True,seqslam+dinov2,2025-02-28T06:25:04.274105+00:00,2024-04-13T09:13:27.378472+00:00
546,452.0,452.0,452.0,False,1.904729609836644,0.3614712978457446,2.0,2.0,1.0,2.0,,0.0,False,False,0.9,matched,,True,True,True,True,seqslam+dinov2,2025-02-28T06:25:04.374315+00:00,2024-04-13T09:13:27.478678+00:00
547,453.0,453.0,453.0,False,1.8791866660343188,0.4761439447412923,2.0,2.0,1.0,2.0,,0.0,False,False,0.9,matched,,True,True,True,True,seqslam+dinov2,2025-02-28T06:25:04.474175+00:00,2024-04-13T09:13:27.577728+00:00
548,454.0,454.0,454.0,False,1.8656405112116354,0.18632580648222796,2.0,2.0,1.0,2.0,,0.0,False,False,0.9,matched,,True,True,True,True,seqslam+dinov2,2025-02-28T06:25:04.574340+00:00,2024-04-13T09:13:27.680264+00:00
549,455.0,455.0,455.0,False,1.8472682530226656,0.4037177366793303,2.0,2.0,1.0,2.0,,0.0,False,False,0.9,matched,,True,True,True,True,seqslam+dinov2,2025-02-28T06:25:04.677358+00:00,2024-04-13T09:13:27.777691+00:00
550,456.0,456.0,456.0,False,1.8395704697631237,0.54867017440949,3.0,1.0,1.0,0.0,,0.0,False,False,0.9,matched,,True,True,True,True,seqslam+dinov2,2025-02-28T06:25:04.777598+00:00,2024-04-13T09:13:27.878103+00:00
551,457.0,457.0,457.0,False,1.8389389100391833,0.32746687923565254,3.0,1.0,1.0,0.0,,0.0,False,False,0.9,matched,,True,True,True,True,seqslam+dinov2,2025-02-28T06:25:04.880996+00:00,2024-04-13T09:13:27.978916+00:00
552,458.0,458.0,458.0,False,1.8520248332785811,0.06180075237364524,3.0,1.0,1.0120481927710843,1.0,,0.0,False,False,0.9,matched,,True,True,True,True,seqslam+dinov2,2025-02-28T06:25:04.974691+00:00,2024-04-13T09:13:28.079519+00:00
553,459.0,459.0,459.0,False,1.869816063189024,0.33222813757681857,3.0,1.0,1.0234263465282283,0.0,,0.0,False,False,0.9,matched,,True,True,True,True,seqslam+dinov2,2025-02-28T06:25:05.075145+00:00,2024-04-13T09:13:28.178389+00:00
554,460.0,460.0,460.0,False,1.8841983740418755,0.20783626005813605,3.0,1.0,1.0339960238568588,1.0,,0.0,False,False,0.9,matched,,True,True,True,True,seqslam+dinov2,2025-02-28T06:25:05.176385+00:00,2024-04-13T09:13:28.281821+00:00
555,461.0,461.0,461.0,False,1.8433722434605393,0.5929522158087557,3.0,1.0,1.0436191762322755,0.0,,0.0,False,False,0.9,matched,,True,True,True,True,seqslam+dinov2,2025-02-28T06:25:05.274501+00:00,2024-04-13T09:13:28.381406+00:00
556,462.0,462.0,462.0,False,1.79732436898291,0.4261335183160875,3.0,1.0,1.0521619766643788,0.0,,0.0,False,False,0.9,matched,,True,True,True,True,seqslam+dinov2,2025-02-28T06:25:05.377826+00:00,2024-04-13T09:13:28.482565+00:00
557,463.0,463.0,463.0,False,1.7569085760981402,0.21944997100841834,3.0,1.0,1.059498956158664,1.0,,0.0,False,False,0.9,matched,,True,True,True,True,seqslam+dinov2,2025-02-28T06:25:05.481440+00:00,2024-04-13T09:13:28.583693+00:00
558,464.0,464.0,464.0,False,1.773406593981469,0.6048714690262031,3.0,1.0,1.0655172413793101,0.0,,0.0,False,False,0.9,matched,,True,True,True,True,seqslam+dinov2,2025-02-28T06:25:05.581593+00:00,2024-04-13T09:13:28.681068+00:00
559,465.0,465.0,465.0,False,1.7237224395177286,0.44929267737960665,3.0,1.0,1.0701206529453513,0.0,,0.0,False,False,0.9,matched,,True,True,True,True,seqslam+dinov2,2025-02-28T06:25:05.675227+00:00,2024-04-13T09:13:28.779279+00:00
560,466.0,466.0,466.0,False,1.7142526584367943,-0.12169766499721613,3.0,1.0,1.0874284876045182,61.0,,0.0,False,False,0.9,matched,,True,True,True,True,seqslam+dinov2,2025-02-28T06:25:05.778264+00:00,2024-04-13T09:13:28.880311+00:00
561,468.0,467.0,468.0,False,1.6927946641196163,-0.14586931184294705,3.0,1.0,1.1156756756756756,89.0,,1.0,True,False,0.9,ambiguous_range,,True,True,True,True,seqslam+dinov2,2025-02-28T06:25:05.874171+00:00,2024-04-13T09:13:29.079058+00:00
562,469.0,469.0,469.0,False,1.6899213380404157,-0.1726276376165583,3.0,1.0,1.1257663889325578,592.0,,0.0,False,False,0.9,matched,,True,True,True,True,seqslam+dinov2,2025-02-28T06:25:05.981278+00:00,2024-04-13T09:13:29.177917+00:00
563,470.0,470.0,470.0,False,1.656370619145224,0.5994639503655419,3.0,1.0,1.1326968973747018,0.0,,0.0,False,False,0.9,matched,,True,True,True,True,seqslam+dinov2,2025-02-28T06:25:06.077088+00:00,2024-04-13T09:13:29.281107+00:00
564,471.0,471.0,471.0,False,1.6208612639236974,0.15748917706438448,3.0,1.0,1.1362253881863293,2.0,,0.0,False,False,0.9,matched,,True,True,True,True,seqslam+dinov2,2025-02-28T06:25:06.174556+00:00,2024-04-13T09:13:29.384318+00:00
565,472.0,472.0,472.0,False,1.6328446540493529,0.06205578747387208,3.0,1.0,1.1362253881863293,2.0,,0.0,False,False,0.9,matched,,True,True,True,True,seqslam+dinov2,2025-02-28T06:25:06.278538+00:00,2024-04-13T09:13:29.478617+00:00
566,473.0,473.0,473.0,False,1.616959643133432,0.08480378058310323,3.0,1.0,1.1326968973747016,1.0,,0.0,False,False,0.9,matched,,True,True,True,True,seqslam+dinov2,2025-02-28T06:25:06.375696+00:00,2024-04-13T09:13:29.577638+00:00
567,474.0,474.0,474.0,False,1.6252638358515412,0.2601898177625044,3.0,1.0,1.1257663889325578,0.0,,0.0,False,False,0.9,matched,,True,True,True,True,seqslam+dinov2,2025-02-28T06:25:06.475315+00:00,2024-04-13T09:13:29.679245+00:00
568,475.0,475.0,476.0,False,1.6938032776981233,-0.22548086509330667,2.0,2.0,1.1027614305115438,69.0,,1.0,True,False,0.9,ambiguous_range,,True,True,True,True,seqslam+dinov2,2025-02-28T06:25:06.575514+00:00,2024-04-13T09:13:29.778051+00:00
569,477.0,477.0,477.0,False,1.7291253696180915,0.1297868380188565,2.0,2.0,1.0874284876045182,0.0,,0.0,False,False,0.9,matched,,True,True,True,True,seqslam+dinov2,2025-02-28T06:25:06.674376+00:00,2024-04-13T09:13:29.982754+00:00
570,478.0,478.0,478.0,False,1.7481195919717172,0.5272309441659824,2.0,2.0,1.0701206529453513,0.0,,0.0,False,False,0.9,matched,,True,True,True,True,seqslam+dinov2,2025-02-28T06:25:06.775840+00:00,2024-04-13T09:13:30.085056+00:00
571,479.0,479.0,479.0,False,1.7985863232117405,-0.3261493511000011,2.0,2.0,1.0655172413793101,83.0,,0.0,False,False,0.9,matched,,True,True,True,True,seqslam+dinov2,2025-02-28T06:25:06.874282+00:00,2024-04-13T09:13:30.183100+00:00
572,480.0,480.0,480.0,False,1.8275601513476263,-0.15203819268327612,2.0,2.0,1.059498956158664,2.0,,0.0,False,False,0.9,matched,,True,True,True,True,seqslam+dinov2,2025-02-28T06:25:06.974558+00:00,2024-04-13T09:13:30.282918+00:00
573,481.0,481.0,481.0,False,1.8445624809304058,0.4279687224949944,2.0,2.0,1.0521619766643788,0.0,,0.0,False,False,0.9,matched,,True,True,True,True,seqslam+dinov2,2025-02-28T06:25:07.077701+00:00,2024-04-13T09:13:30.378551+00:00
574,482.0,482.0,482.0,False,1.8874777437920947,0.7124991665944735,2.0,2.0,1.0436191762322753,0.0,,0.0,False,False,0.9,matched,,True,True,True,True,seqslam+dinov2,2025-02-28T06:25:07.174916+00:00,2024-04-13T09:13:30.478161+00:00
575,483.0,483.0,483.0,False,1.9104105140822427,0.14420707479969286,2.0,2.0,1.0339960238568588,1.0,,0.0,False,False,0.9,matched,,True,True,True,True,seqslam+dinov2,2025-02-28T06:25:07.278454+00:00,2024-04-13T09:13:30.582105+00:00
576,484.0,484.0,484.0,False,1.9053209247842398,0.5346470347558254,2.0,2.0,1.0234263465282283,0.0,,0.0,False,False,0.9,matched,,True,True,True,True,seqslam+dinov2,2025-02-28T06:25:07.379011+00:00,2024-04-13T09:13:30.681024+00:00
577,485.0,485.0,485.0,False,1.966614164526555,0.2742648182110856,2.0,2.0,0.9987951807228915,1.0,,0.0,False,False,0.9,matched,,True,True,True,True,seqslam+dinov2,2025-02-28T06:25:07.476639+00:00,2024-04-13T09:13:30.782079+00:00
578,486.0,486.0,486.0,False,2.016798975393179,0.618746019510716,2.0,2.0,0.9753246753246754,0.0,,0.0,False,False,0.9,matched,,True,True,True,True,seqslam+dinov2,2025-02-28T06:25:07.575529+00:00,2024-04-13T09:13:30.878250+00:00
579,487.0,487.0,487.0,False,2.019903127554635,0.4977568398675656,2.0,2.0,0.9649350649350648,1.0,,0.0,False,False,0.9,matched,,True,True,True,True,seqslam+dinov2,2025-02-28T06:25:07.675302+00:00,2024-04-13T09:13:30.978112+00:00
580,488.0,488.0,488.0,False,2.0066658901444656,0.3316185265765388,2.0,2.0,0.9558441558441557,2.0,,0.0,False,False,0.9,matched,,True,True,True,True,seqslam+dinov2,2025-02-28T06:25:07.775543+00:00,2024-04-13T09:13:31.081732+00:00
581,489.0,489.0,489.0,False,2.0301054194440975,0.374140220984867,2.0,3.0,0.9480519480519479,0.0,,0.0,False,False,0.9,matched,,True,True,True,True,seqslam+dinov2,2025-02-28T06:25:07.875451+00:00,2024-04-13T09:13:31.182035+00:00
582,490.0,490.0,490.0,False,2.013077252529361,0.5657949870076797,2.0,3.0,0.9285714285714284,0.0,,0.0,False,False,0.9,matched,,True,True,True,True,seqslam+dinov2,2025-02-28T06:25:07.975111+00:00,2024-04-13T09:13:31.279763+00:00
583,491.0,491.0,491.0,False,2.003029248340565,0.5550444377584731,2.0,3.0,0.8987012987012987,0.0,,0.0,False,False,0.9,matched,,True,True,True,True,seqslam+dinov2,2025-02-28T06:25:08.076221+00:00,2024-04-13T09:13:31.382818+00:00
584,492.0,492.0,492.0,False,1.9850010214415272,0.6968793411106211,2.0,3.0,0.8727272727272727,0.0,,0.0,False,False,0.9,matched,,True,True,True,True,seqslam+dinov2,2025-02-28T06:25:08.178327+00:00,2024-04-13T09:13:31.480213+00:00
585,493.0,493.0,493.0,False,1.9961500768224136,0.9332755828573984,2.0,3.0,0.8506493506493508,0.0,,0.0,False,False,0.9,matched,,True,True,True,True,seqslam+dinov2,2025-02-28T06:25:08.279775+00:00,2024-04-13T09:13:31.577791+00:00
586,494.0,494.0,494.0,False,1.9971985164980681,0.30490669024279726,2.0,3.0,0.8324675324675325,2.0,,0.0,False,False,0.9,matched,,True,True,True,True,seqslam+dinov2,2025-02-28T06:25:08.381028+00:00,2024-04-13T09:13:31.685030+00:00
587,494.0,494.0,494.0,False,1.9836314879519945,0.4747286786528324,3.0,3.0,0.8181818181818182,0.0,,0.0,False,False,0.9,matched,,True,True,True,True,seqslam+dinov2,2025-02-28T06:25:08.477388+00:00,2024-04-13T09:13:31.685030+00:00
588,495.0,495.0,495.0,False,1.996396070047895,0.04722360944369708,3.0,3.0,0.8077922077922078,1.0,,0.0,False,False,0.9,matched,,True,True,True,True,seqslam+dinov2,2025-02-28T06:25:08.575916+00:00,2024-04-13T09:13:31.777591+00:00
589,496.0,496.0,496.0,False,1.9948458046689426,-0.005707725819512399,3.0,2.0,0.8012987012987013,311.0,,0.0,False,False,0.9,matched,,True,True,True,True,seqslam+dinov2,2025-02-28T06:25:08.674707+00:00,2024-04-13T09:13:31.880189+00:00
590,497.0,497.0,497.0,False,2.023615733242447,0.0862371371754076,3.0,2.0,0.7987012987012987,0.0,,0.0,False,False,0.9,matched,,True,True,True,True,seqslam+dinov2,2025-02-28T06:25:08.780911+00:00,2024-04-13T09:13:31.978382+00:00
591,498.0,498.0,498.0,False,1.9926373225626774,0.15669442248354848,2.0,2.0,0.787012987012987,0.0,,0.0,False,False,0.9,matched,,True,True,True,True,seqslam+dinov2,2025-02-28T06:25:08.875850+00:00,2024-04-13T09:13:32.080259+00:00
592,498.0,498.0,498.0,False,1.9939222748709133,0.18193560028827904,2.0,2.0,0.7805194805194805,1.0,,0.0,False,False,0.9,matched,,True,True,True,True,seqslam+dinov2,2025-02-28T06:25:08.975045+00:00,2024-04-13T09:13:32.080259+00:00
593,498.0,498.0,498.0,False,2.00796342133105,0.47045248374453363,2.0,1.0,0.7792207792207793,0.0,,0.0,False,False,0.9,matched,,True,True,True,True,seqslam+dinov2,2025-02-28T06:25:09.076607+00:00,2024-04-13T09:13:32.080259+00:00
594,499.0,499.0,499.0,False,2.0526693696716736,0.2917603474871504,2.0,0.0,0.7831168831168831,1.0,,0.0,False,False,0.9,matched,,True,True,True,True,seqslam+dinov2,2025-02-28T06:25:09.176048+00:00,2024-04-13T09:13:32.180143+00:00
595,500.0,500.0,500.0,False,2.09303785863322,0.858256413677527,2.0,0.0,0.7922077922077922,0.0,,0.0,False,False,0.9,matched,,True,True,True,True,seqslam+dinov2,2025-02-28T06:25:09.274203+00:00,2024-04-13T09:13:32.278509+00:00
596,501.0,501.0,501.0,False,2.113411228237689,0.40946004647517786,2.0,0.0,0.8064935064935065,1.0,,0.0,False,False,0.9,matched,,True,True,True,True,seqslam+dinov2,2025-02-28T06:25:09.375401+00:00,2024-04-13T09:13:32.377552+00:00
597,502.0,502.0,502.0,False,2.13964801671612,0.4880244901636819,2.0,0.0,0.825974025974026,3.0,,0.0,False,False,0.9,matched,,True,True,True,True,seqslam+dinov2,2025-02-28T06:25:09.476339+00:00,2024-04-13T09:13:32.477756+00:00
598,503.0,503.0,503.0,False,2.1843685679094067,0.5225192597922614,2.0,0.0,0.8363636363636363,2.0,,0.0,False,False,0.9,matched,,True,True,True,True,seqslam+dinov2,2025-02-28T06:25:09.578493+00:00,2024-04-13T09:13:32.578133+00:00
599,504.0,504.0,504.0,False,2.222527545866307,0.9204805180849327,2.0,0.0,0.8506493506493507,0.0,,0.0,False,False,0.9,matched,,True,True,True,True,seqslam+dinov2,2025-02-28T06:25:09.679046+00:00,2024-04-13T09:13:32.681908+00:00
600,505.0,505.0,505.0,False,2.2528224478188323,0.6991376041101562,3.0,1.0,0.8688311688311688,0.0,,0.0,False,False,0.9,matched,,True,True,True,True,seqslam+dinov2,2025-02-28T06:25:09.774321+00:00,2024-04-13T09:13:32.780779+00:00
601,505.0,505.0,505.0,False,2.2390828596412677,0.6436096244285707,3.0,0.0,0.8779220779220779,0.0,,0.0,False,False,0.9,matched,,True,True,True,True,seqslam+dinov2,2025-02-28T06:25:09.875206+00:00,2024-04-13T09:13:32.780779+00:00
602,506.0,506.0,506.0,False,2.2996005022407853,0.4715403216442562,3.0,0.0,0.8922077922077922,0.0,,0.0,False,False,0.9,matched,,True,True,True,True,seqslam+dinov2,2025-02-28T06:25:09.974916+00:00,2024-04-13T09:13:32.878978+00:00
603,507.0,507.0,507.0,False,2.327700836014075,0.6064258398006128,3.0,0.0,0.8974025974025975,0.0,,0.0,False,False,0.9,matched,,True,True,True,True,seqslam+dinov2,2025-02-28T06:25:10.075562+00:00,2024-04-13T09:13:32.980826+00:00
604,508.0,508.0,508.0,False,2.3251331311146104,0.8708905814753756,2.0,0.0,0.8922077922077923,0.0,,0.0,False,False,0.9,matched,,True,True,True,True,seqslam+dinov2,2025-02-28T06:25:10.175289+00:00,2024-04-13T09:13:33.077697+00:00
605,509.0,509.0,509.0,False,2.2998253330055634,0.7874268191231517,2.0,0.0,0.8896103896103896,0.0,,0.0,False,False,0.9,matched,,True,True,True,True,seqslam+dinov2,2025-02-28T06:25:10.276292+00:00,2024-04-13T09:13:33.182079+00:00
606,510.0,510.0,510.0,False,2.2817724363368472,0.8161350272307568,2.0,0.0,0.8896103896103896,0.0,,0.0,False,False,0.9,matched,,True,True,True,True,seqslam+dinov2,2025-02-28T06:25:10.374611+00:00,2024-04-13T09:13:33.287915+00:00
607,511.0,511.0,511.0,False,2.226579079845279,1.123651919349747,2.0,0.0,0.892207792207792,0.0,,0.0,False,False,0.9,matched,,True,True,True,True,seqslam+dinov2,2025-02-28T06:25:10.474346+00:00,2024-04-13T09:13:33.383982+00:00
608,512.0,512.0,512.0,False,2.2087872908512924,0.7959733175218506,2.0,1.0,0.8974025974025972,1.0,,0.0,False,False,0.9,matched,,True,True,True,True,seqslam+dinov2,2025-02-28T06:25:10.576280+00:00,2024-04-13T09:13:33.480724+00:00
609,513.0,513.0,513.0,False,2.147169170690732,0.7331720171447031,1.0,2.0,0.9051948051948052,0.0,,0.0,False,False,0.9,matched,,True,True,True,True,seqslam+dinov2,2025-02-28T06:25:10.675977+00:00,2024-04-13T09:13:33.584296+00:00
610,514.0,514.0,514.0,False,2.050671029247607,0.678557512653442,2.0,2.0,0.9155844155844156,0.0,,0.0,False,False,0.9,matched,,True,True,True,True,seqslam+dinov2,2025-02-28T06:25:10.778379+00:00,2024-04-13T09:13:33.678325+00:00
611,514.0,514.0,514.0,False,1.9940527570460889,0.47129569447837527,2.0,2.0,0.9285714285714286,0.0,,0.0,False,False,0.9,matched,,True,True,True,True,seqslam+dinov2,2025-02-28T06:25:10.877721+00:00,2024-04-13T09:13:33.678325+00:00
612,515.0,515.0,515.0,False,1.9183201693151026,0.2917121125515847,2.0,2.0,0.9168831168831169,1.0,,0.0,False,False,0.9,matched,,True,True,True,True,seqslam+dinov2,2025-02-28T06:25:10.976207+00:00,2024-04-13T09:13:33.780332+00:00
613,516.0,516.0,516.0,False,1.8499607928752306,0.4633252517045272,2.0,2.0,0.9077922077922078,0.0,,0.0,False,False,0.9,matched,,True,True,True,True,seqslam+dinov2,2025-02-28T06:25:11.074926+00:00,2024-04-13T09:13:33.878163+00:00
614,517.0,517.0,517.0,False,1.8289265335948726,0.16314603530573812,2.0,2.0,0.9012987012987013,0.0,,0.0,False,False,0.9,matched,,True,True,True,True,seqslam+dinov2,2025-02-28T06:25:11.174644+00:00,2024-04-13T09:13:33.977842+00:00
615,518.0,518.0,518.0,False,1.8173304763510663,-0.30223536353407354,2.0,2.0,0.8974025974025974,1.0,,0.0,False,False,0.9,matched,,True,True,True,True,seqslam+dinov2,2025-02-28T06:25:11.274916+00:00,2024-04-13T09:13:34.078978+00:00
616,519.0,519.0,519.0,False,1.8105165268722077,0.29517407551069264,2.0,2.0,0.8961038961038961,0.0,,0.0,False,False,0.9,matched,,True,True,True,True,seqslam+dinov2,2025-02-28T06:25:11.375888+00:00,2024-04-13T09:13:34.177822+00:00
617,520.0,520.0,520.0,False,1.8033453534024624,-0.1335369583449839,2.0,2.0,0.8974025974025974,1.0,,0.0,False,False,0.9,matched,,True,True,True,True,seqslam+dinov2,2025-02-28T06:25:11.476379+00:00,2024-04-13T09:13:34.279315+00:00
618,521.0,521.0,521.0,False,1.8242792729993786,0.39012713827730305,1.0,1.0,0.9012987012987013,0.0,,0.0,False,False,0.9,matched,,True,True,True,True,seqslam+dinov2,2025-02-28T06:25:11.578312+00:00,2024-04-13T09:13:34.381921+00:00
619,522.0,522.0,522.0,False,1.84014936209734,0.590993907303305,1.0,1.0,0.9077922077922078,0.0,,0.0,False,False,0.9,matched,,True,True,True,True,seqslam+dinov2,2025-02-28T06:25:11.681152+00:00,2024-04-13T09:13:34.478335+00:00
620,523.0,523.0,523.0,False,1.8464913280158912,0.6007257622920414,1.0,1.0,0.9168831168831169,1.0,,0.0,False,False,0.9,matched,,True,True,True,True,seqslam+dinov2,2025-02-28T06:25:11.777275+00:00,2024-04-13T09:13:34.583353+00:00
621,524.0,524.0,524.0,False,1.891669264430517,0.6199549525144836,2.0,1.0,0.9285714285714286,0.0,,0.0,False,False,0.9,matched,,True,True,True,True,seqslam+dinov2,2025-02-28T06:25:11.874349+00:00,2024-04-13T09:13:34.678575+00:00
622,524.0,524.0,524.0,False,1.8967382441640934,0.6987479368031511,2.0,1.0,0.9155844155844156,0.0,,0.0,False,False,0.9,matched,,True,True,True,True,seqslam+dinov2,2025-02-28T06:25:11.974557+00:00,2024-04-13T09:13:34.678575+00:00
623,525.0,525.0,525.0,False,1.9379233959938496,0.6868153222178284,2.0,0.0,0.9051948051948052,0.0,,0.0,False,False,0.9,matched,,True,True,True,True,seqslam+dinov2,2025-02-28T06:25:12.074430+00:00,2024-04-13T09:13:34.781597+00:00
624,526.0,526.0,526.0,False,1.928735073682408,0.7122554044011093,2.0,0.0,0.8974025974025974,0.0,,0.0,False,False,0.9,matched,,True,True,True,True,seqslam+dinov2,2025-02-28T06:25:12.177291+00:00,2024-04-13T09:13:34.887084+00:00
625,527.0,527.0,527.0,False,1.9138186785699125,0.22939509884270293,1.0,0.0,0.8922077922077922,1.0,,0.0,False,False,0.9,matched,,True,True,True,True,seqslam+dinov2,2025-02-28T06:25:12.274424+00:00,2024-04-13T09:13:34.984421+00:00
626,528.0,528.0,528.0,False,1.8925760432597878,0.41762709705603784,1.0,0.0,0.8896103896103896,1.0,,0.0,False,False,0.9,matched,,True,True,True,True,seqslam+dinov2,2025-02-28T06:25:12.374400+00:00,2024-04-13T09:13:35.078185+00:00
627,529.0,529.0,529.0,False,1.8482914799637122,0.37260183752534726,1.0,0.0,0.8896103896103896,1.0,,0.0,False,False,0.9,matched,,True,True,True,True,seqslam+dinov2,2025-02-28T06:25:12.474418+00:00,2024-04-13T09:13:35.177591+00:00
628,530.0,530.0,530.0,False,1.8014277843677406,0.3211811989107649,1.0,0.0,0.8922077922077922,0.0,,0.0,False,False,0.9,matched,,True,True,True,True,seqslam+dinov2,2025-02-28T06:25:12.576148+00:00,2024-04-13T09:13:35.282018+00:00
629,531.0,531.0,531.0,False,1.7969715250260492,0.3756325134019849,2.0,0.0,0.8974025974025974,0.0,,0.0,False,False,0.9,matched,,True,True,True,True,seqslam+dinov2,2025-02-28T06:25:12.674540+00:00,2024-04-13T09:13:35.384527+00:00
630,532.0,532.0,532.0,False,1.762878588024042,0.5502121330924672,2.0,0.0,0.8922077922077922,0.0,,0.0,False,False,0.9,matched,,True,True,True,True,seqslam+dinov2,2025-02-28T06:25:12.783815+00:00,2024-04-13T09:13:35.478070+00:00
631,533.0,533.0,533.0,False,1.79396053571159,0.2801678443802076,2.0,0.0,0.8909090909090909,0.0,,0.0,False,False,0.9,matched,,True,True,True,True,seqslam+dinov2,2025-02-28T06:25:12.876210+00:00,2024-04-13T09:13:35.577636+00:00
632,533.0,533.0,533.0,False,1.7844433088012037,-0.06944520578688418,2.0,0.0,0.8935064935064935,58.0,,0.0,False,False,0.9,matched,,True,True,True,True,seqslam+dinov2,2025-02-28T06:25:12.974581+00:00,2024-04-13T09:13:35.577636+00:00
633,534.0,534.0,534.0,False,1.7887517086869662,0.07994516463124901,2.0,1.0,0.8857142857142857,1.0,,0.0,False,False,0.9,matched,,True,True,True,True,seqslam+dinov2,2025-02-28T06:25:13.074866+00:00,2024-04-13T09:13:35.679455+00:00
634,535.0,535.0,535.0,False,1.7796453380151611,0.5714915986066558,2.0,0.0,0.8805194805194805,0.0,,0.0,False,False,0.9,matched,,True,True,True,True,seqslam+dinov2,2025-02-28T06:25:13.175446+00:00,2024-04-13T09:13:35.777884+00:00
635,536.0,536.0,536.0,False,1.803434632467225,0.44364112674003664,2.0,1.0,0.8779220779220779,0.0,,0.0,False,False,0.9,matched,,True,True,True,True,seqslam+dinov2,2025-02-28T06:25:13.276983+00:00,2024-04-13T09:13:35.881906+00:00
636,537.0,537.0,537.0,False,1.7951716902665702,0.4549064623545447,2.0,1.0,0.8779220779220779,0.0,,0.0,False,False,0.9,matched,,True,True,True,True,seqslam+dinov2,2025-02-28T06:25:13.374529+00:00,2024-04-13T09:13:35.981620+00:00
637,538.0,538.0,538.0,False,1.7829629112734298,0.3530590096193136,3.0,1.0,0.8675324675324675,0.0,,0.0,False,False,0.9,matched,,True,True,True,True,seqslam+dinov2,2025-02-28T06:25:13.474334+00:00,2024-04-13T09:13:36.079881+00:00
638,539.0,539.0,539.0,False,1.7404266024121107,0.21682798032253103,3.0,1.0,0.861038961038961,0.0,,0.0,False,False,0.9,matched,,True,True,True,True,seqslam+dinov2,2025-02-28T06:25:13.577119+00:00,2024-04-13T09:13:36.180263+00:00
639,540.0,540.0,540.0,False,1.7570460072364555,0.3743211159186792,3.0,0.0,0.8584415584415584,0.0,,0.0,False,False,0.9,matched,,True,True,True,True,seqslam+dinov2,2025-02-28T06:25:13.678609+00:00,2024-04-13T09:13:36.281751+00:00
640,540.0,540.0,540.0,False,1.7322105259982195,0.5437175638310556,3.0,0.0,0.8597402597402597,0.0,,0.0,False,False,0.9,matched,,True,True,True,True,seqslam+dinov2,2025-02-28T06:25:13.778905+00:00,2024-04-13T09:13:36.281751+00:00
641,541.0,541.0,541.0,False,1.7570028136220863,0.20364912505766863,3.0,0.0,0.8649350649350649,0.0,,0.0,False,False,0.9,matched,,True,True,True,True,seqslam+dinov2,2025-02-28T06:25:13.880806+00:00,2024-04-13T09:13:36.378304+00:00
642,542.0,542.0,542.0,False,1.7538564371994823,-0.1284014080845286,3.0,0.0,0.874025974025974,1293.0,,0.0,False,False,0.9,matched,,True,True,True,True,seqslam+dinov2,2025-02-28T06:25:13.974606+00:00,2024-04-13T09:13:36.478771+00:00
643,543.0,543.0,543.0,False,1.7827852982625958,-0.4185406965446625,3.0,0.0,0.8727272727272727,3.0,,0.0,False,False,0.9,matched,,True,True,True,True,seqslam+dinov2,2025-02-28T06:25:14.078540+00:00,2024-04-13T09:13:36.583263+00:00
644,544.0,544.0,544.0,False,1.7952948361275738,0.19841309824275877,2.0,0.0,0.874025974025974,3.0,,0.0,False,False,0.9,matched,,True,True,True,True,seqslam+dinov2,2025-02-28T06:25:14.175315+00:00,2024-04-13T09:13:36.678234+00:00
645,545.0,545.0,545.0,False,1.829672982090169,0.15925732260573144,2.0,0.0,0.8779220779220779,1.0,,0.0,False,False,0.9,matched,,True,True,True,True,seqslam+dinov2,2025-02-28T06:25:14.278996+00:00,2024-04-13T09:13:36.787927+00:00
646,546.0,546.0,546.0,False,1.8375237614642572,0.4994392765206124,2.0,0.0,0.8844155844155844,0.0,,0.0,False,False,0.9,matched,,True,True,True,True,seqslam+dinov2,2025-02-28T06:25:14.374496+00:00,2024-04-13T09:13:36.879879+00:00
647,546.0,546.0,546.0,False,1.849983089231599,0.3347656364801952,3.0,0.0,0.8935064935064935,0.0,,0.0,False,False,0.9,matched,,True,True,True,True,seqslam+dinov2,2025-02-28T06:25:14.478652+00:00,2024-04-13T09:13:36.879879+00:00
648,547.0,547.0,547.0,False,1.8901546529788837,0.6530093898234615,2.0,1.0,0.9051948051948052,0.0,,0.0,False,False,0.9,matched,,True,True,True,True,seqslam+dinov2,2025-02-28T06:25:14.575542+00:00,2024-04-13T09:13:36.984440+00:00
649,548.0,548.0,548.0,False,1.9842101551338447,0.5295496458486602,2.0,1.0,0.9194805194805195,0.0,,0.0,False,False,0.9,matched,,True,True,True,True,seqslam+dinov2,2025-02-28T06:25:14.676227+00:00,2024-04-13T09:13:37.079439+00:00
650,549.0,549.0,549.0,False,1.989169611132747,0.6144818388290996,2.0,1.0,0.9363636363636364,0.0,,0.0,False,False,0.9,matched,,True,True,True,True,seqslam+dinov2,2025-02-28T06:25:14.775066+00:00,2024-04-13T09:13:37.177886+00:00
651,550.0,550.0,550.0,False,2.032683798823078,0.6157537440970817,2.0,1.0,0.9285714285714286,0.0,,0.0,False,False,0.9,matched,,True,True,True,True,seqslam+dinov2,2025-02-28T06:25:14.874892+00:00,2024-04-13T09:13:37.280547+00:00
652,551.0,551.0,551.0,False,2.009109919106645,0.3522000190378072,2.0,1.0,0.9233766233766234,0.0,,0.0,False,False,0.9,matched,,True,True,True,True,seqslam+dinov2,2025-02-28T06:25:14.978793+00:00,2024-04-13T09:13:37.382680+00:00
653,552.0,552.0,552.0,False,2.014558755701364,0.48637448168308794,2.0,1.0,0.9207792207792208,0.0,,0.0,False,False,0.9,matched,,True,True,True,True,seqslam+dinov2,2025-02-28T06:25:15.076080+00:00,2024-04-13T09:13:37.478570+00:00
654,553.0,553.0,553.0,False,2.0293732103687785,0.5063971306490802,2.0,1.0,0.9207792207792208,0.0,,0.0,False,False,0.9,matched,,True,True,True,True,seqslam+dinov2,2025-02-28T06:25:15.175820+00:00,2024-04-13T09:13:37.577690+00:00
655,554.0,554.0,554.0,False,2.0696136305654766,0.1985550109030998,1.0,1.0,0.9233766233766234,1.0,,0.0,False,False,0.9,matched,,True,True,True,True,seqslam+dinov2,2025-02-28T06:25:15.274493+00:00,2024-04-13T09:13:37.682925+00:00
656,555.0,555.0,555.0,False,2.0926083901150734,0.6129612572414205,1.0,1.0,0.9285714285714286,0.0,,0.0,False,False,0.9,matched,,True,True,True,True,seqslam+dinov2,2025-02-28T06:25:15.374949+00:00,2024-04-13T09:13:37.779579+00:00
657,556.0,556.0,556.0,False,2.1096085274190632,0.3515217541727236,1.0,2.0,0.9363636363636364,1.0,,0.0,False,False,0.9,matched,,True,True,True,True,seqslam+dinov2,2025-02-28T06:25:15.474424+00:00,2024-04-13T09:13:37.880098+00:00
658,557.0,557.0,557.0,False,2.0957325425354045,0.42419234015491547,2.0,2.0,0.9324675324675324,1.0,,0.0,False,False,0.9,matched,,True,True,True,True,seqslam+dinov2,2025-02-28T06:25:15.579407+00:00,2024-04-13T09:13:37.977807+00:00
659,558.0,558.0,558.0,False,2.0586786377449253,0.6254721404253629,2.0,2.0,0.9298701298701298,1.0,,0.0,False,False,0.9,matched,,True,True,True,True,seqslam+dinov2,2025-02-28T06:25:15.680204+00:00,2024-04-13T09:13:38.078262+00:00
660,559.0,559.0,559.0,False,2.0257878990160942,0.7927127993768708,2.0,1.0,0.9285714285714286,0.0,,0.0,False,False,0.9,matched,,True,True,True,True,seqslam+dinov2,2025-02-28T06:25:15.774680+00:00,2024-04-13T09:13:38.182300+00:00
661,559.0,559.0,559.0,False,2.0315975802403874,0.9340260183892004,2.0,0.0,0.9285714285714286,0.0,,0.0,False,False,0.9,matched,,True,True,True,True,seqslam+dinov2,2025-02-28T06:25:15.875047+00:00,2024-04-13T09:13:38.182300+00:00
662,560.0,560.0,560.0,False,2.0100441934064506,0.8261332584801,2.0,1.0,0.9298701298701298,0.0,,0.0,False,False,0.9,matched,,True,True,True,True,seqslam+dinov2,2025-02-28T06:25:15.975395+00:00,2024-04-13T09:13:38.278591+00:00
663,561.0,561.0,561.0,False,1.9924451048577432,0.22638910844781934,2.0,1.0,0.9324675324675324,0.0,,0.0,False,False,0.9,matched,,True,True,True,True,seqslam+dinov2,2025-02-28T06:25:16.074742+00:00,2024-04-13T09:13:38.377670+00:00
664,562.0,562.0,562.0,False,1.9798230392098939,0.2626342503257557,2.0,1.0,0.9363636363636364,2.0,,0.0,False,False,0.9,matched,,True,True,True,True,seqslam+dinov2,2025-02-28T06:25:16.174990+00:00,2024-04-13T09:13:38.482797+00:00
665,563.0,563.0,563.0,False,1.9156584554896916,0.2744214098143991,2.0,1.0,0.9415584415584416,2.0,,0.0,False,False,0.9,matched,,True,True,True,True,seqslam+dinov2,2025-02-28T06:25:16.275796+00:00,2024-04-13T09:13:38.583882+00:00
666,564.0,564.0,564.0,False,1.8463176055628658,0.2740382018433474,2.0,1.0,0.948051948051948,2.0,,0.0,False,False,0.9,matched,,True,True,True,True,seqslam+dinov2,2025-02-28T06:25:16.379221+00:00,2024-04-13T09:13:38.678104+00:00
667,565.0,565.0,565.0,False,1.7713918957119639,0.16614322634752532,2.0,1.0,0.9558441558441558,0.0,,0.0,False,False,0.9,matched,,True,True,True,True,seqslam+dinov2,2025-02-28T06:25:16.474720+00:00,2024-04-13T09:13:38.777703+00:00
668,566.0,566.0,566.0,False,1.7172559420698656,0.1228595479670811,2.0,1.0,0.964935064935065,1.0,,0.0,False,False,0.9,matched,,True,True,True,True,seqslam+dinov2,2025-02-28T06:25:16.574729+00:00,2024-04-13T09:13:38.879306+00:00
669,567.0,567.0,567.0,False,1.7297624127752513,-0.06810298889749244,2.0,1.0,0.9753246753246754,1404.0,,0.0,False,False,0.9,matched,,True,True,True,True,seqslam+dinov2,2025-02-28T06:25:16.675496+00:00,2024-04-13T09:13:38.979444+00:00
670,568.0,568.0,568.0,False,1.7405328648939538,0.19659535516326332,2.0,1.0,0.987012987012987,1.0,,0.0,False,False,0.9,matched,,True,True,True,True,seqslam+dinov2,2025-02-28T06:25:16.774169+00:00,2024-04-13T09:13:39.078263+00:00
671,569.0,569.0,569.0,False,1.7453958985078168,0.20610897956555063,2.0,1.0,1.0,2.0,,0.0,False,False,0.9,matched,,True,True,True,True,seqslam+dinov2,2025-02-28T06:25:16.878852+00:00,2024-04-13T09:13:39.180556+00:00
672,570.0,570.0,570.0,False,1.7434415162356602,0.18181514112022645,2.0,1.0,1.0,1.0,,0.0,False,False,0.9,matched,,True,True,True,True,seqslam+dinov2,2025-02-28T06:25:16.975817+00:00,2024-04-13T09:13:39.278136+00:00
673,571.0,571.0,571.0,False,1.73140340370824,0.2623924058146452,2.0,1.0,1.0,1.0,,0.0,False,False,0.9,matched,,True,True,True,True,seqslam+dinov2,2025-02-28T06:25:17.074595+00:00,2024-04-13T09:13:39.381202+00:00
674,572.0,572.0,572.0,False,1.740945510375778,0.3794109209388983,2.0,1.0,1.0,1.0,,0.0,False,False,0.9,matched,,True,True,True,True,seqslam+dinov2,2025-02-28T06:25:17.177336+00:00,2024-04-13T09:13:39.477853+00:00
675,573.0,573.0,573.0,False,1.7134611966151099,0.3147650887289104,2.0,1.0,1.0,1.0,,0.0,False,False,0.9,matched,,True,True,True,True,seqslam+dinov2,2025-02-28T06:25:17.278517+00:00,2024-04-13T09:13:39.578019+00:00
676,574.0,574.0,574.0,False,1.675886348389455,0.09343522676645444,2.0,1.0,1.0,1.0,,0.0,False,False,0.9,matched,,True,True,True,True,seqslam+dinov2,2025-02-28T06:25:17.378446+00:00,2024-04-13T09:13:39.678582+00:00
677,575.0,575.0,575.0,False,1.6222378280254204,0.26150193573753544,2.0,1.0,1.0,0.0,,0.0,False,False,0.9,matched,,True,True,True,True,seqslam+dinov2,2025-02-28T06:25:17.475832+00:00,2024-04-13T09:13:39.782437+00:00
678,576.0,576.0,576.0,False,1.586561891310785,0.19855498852950815,2.0,1.0,1.0,1.0,,0.0,False,False,0.9,matched,,True,True,True,True,seqslam+dinov2,2025-02-28T06:25:17.578360+00:00,2024-04-13T09:13:39.883828+00:00
679,577.0,577.0,577.0,False,1.5400997298120493,0.19996445690058673,2.0,1.0,0.987012987012987,1.0,,0.0,False,False,0.9,matched,,True,True,True,True,seqslam+dinov2,2025-02-28T06:25:17.676183+00:00,2024-04-13T09:13:39.979798+00:00
680,578.0,578.0,578.0,False,1.5068891216647222,0.1658430466028371,2.0,1.0,0.9753246753246754,0.0,,0.0,False,False,0.9,matched,,True,True,True,True,seqslam+dinov2,2025-02-28T06:25:17.775575+00:00,2024-04-13T09:13:40.082619+00:00
681,579.0,579.0,579.0,False,1.4830211598152738,-0.4843375264837968,2.0,1.0,0.964935064935065,1495.0,,0.0,False,False,0.7,matched,,True,True,True,True,seqslam+dinov2,2025-02-28T06:25:17.874840+00:00,2024-04-13T09:13:40.177973+00:00
682,580.0,580.0,580.0,False,1.4864052739233458,-0.6090437665832873,2.0,1.0,0.9558441558441558,1494.0,,0.0,False,False,0.7,matched,,True,True,True,True,seqslam+dinov2,2025-02-28T06:25:17.974601+00:00,2024-04-13T09:13:40.280293+00:00
683,581.0,581.0,581.0,False,1.4999885189361921,-0.3439419063669853,2.0,1.0,0.948051948051948,260.0,,0.0,False,False,0.7,matched,,True,True,True,True,seqslam+dinov2,2025-02-28T06:25:18.075682+00:00,2024-04-13T09:13:40.377862+00:00
684,582.0,582.0,582.0,False,1.5172011296336192,-0.369877485761813,2.0,1.0,0.9415584415584416,260.0,,0.0,False,False,0.9,matched,,True,True,True,True,seqslam+dinov2,2025-02-28T06:25:18.174432+00:00,2024-04-13T09:13:40.477814+00:00
685,583.0,583.0,583.0,False,1.5382554844178933,0.18163625178379994,2.0,1.0,0.9363636363636364,0.0,,0.0,False,False,0.9,matched,,True,True,True,True,seqslam+dinov2,2025-02-28T06:25:18.276165+00:00,2024-04-13T09:13:40.581384+00:00
686,584.0,584.0,584.0,False,1.6007052627624427,0.052886336131034106,2.0,1.0,0.9324675324675324,0.0,,0.0,False,False,0.9,matched,,True,True,True,True,seqslam+dinov2,2025-02-28T06:25:18.375549+00:00,2024-04-13T09:13:40.678886+00:00
687,585.0,585.0,585.0,False,1.6595563682773802,0.38350228714305645,2.0,1.0,0.9298701298701298,0.0,,0.0,False,False,0.9,matched,,True,True,True,True,seqslam+dinov2,2025-02-28T06:25:18.475674+00:00,2024-04-13T09:13:40.778302+00:00
688,586.0,586.0,586.0,False,1.7774407655074056,0.48892696798308277,2.0,0.0,0.9285714285714286,0.0,,0.0,False,False,0.9,matched,,True,True,True,True,seqslam+dinov2,2025-02-28T06:25:18.574531+00:00,2024-04-13T09:13:40.882615+00:00
689,586.0,586.0,586.0,False,1.8840100114405003,0.42482209825997974,2.0,0.0,0.9155844155844156,0.0,,0.0,False,False,0.9,matched,,True,True,True,True,seqslam+dinov2,2025-02-28T06:25:18.674824+00:00,2024-04-13T09:13:40.882615+00:00
690,587.0,587.0,587.0,False,1.9575340993022323,0.6179401664185489,1.0,0.0,0.9051948051948052,0.0,,0.0,False,False,0.9,matched,,True,True,True,True,seqslam+dinov2,2025-02-28T06:25:18.775364+00:00,2024-04-13T09:13:40.985898+00:00
691,588.0,588.0,588.0,False,1.9864086825123004,0.8542617938496531,1.0,0.0,0.8974025974025974,0.0,,0.0,False,False,0.9,matched,,True,True,True,True,seqslam+dinov2,2025-02-28T06:25:18.876822+00:00,2024-04-13T09:13:41.078834+00:00
692,589.0,589.0,589.0,False,1.998935872862824,0.21102505938522143,1.0,0.0,0.8922077922077922,1.0,,0.0,False,False,0.9,matched,,True,True,True,True,seqslam+dinov2,2025-02-28T06:25:18.974348+00:00,2024-04-13T09:13:41.179408+00:00
693,590.0,590.0,590.0,False,1.9912042138113302,0.7466459017675064,1.0,0.0,0.8896103896103896,0.0,,0.0,False,False,0.9,matched,,True,True,True,True,seqslam+dinov2,2025-02-28T06:25:19.078587+00:00,2024-04-13T09:13:41.279252+00:00
694,591.0,591.0,591.0,False,1.9551836086680057,0.9593257965426831,1.0,0.0,0.8896103896103896,0.0,,0.0,False,False,0.9,matched,,True,True,True,True,seqslam+dinov2,2025-02-28T06:25:19.174450+00:00,2024-04-13T09:13:41.381714+00:00
695,592.0,592.0,592.0,False,1.935606154318248,0.3813656255693132,1.0,1.0,0.8922077922077922,1.0,,0.0,False,False,0.9,matched,,True,True,True,True,seqslam+dinov2,2025-02-28T06:25:19.275140+00:00,2024-04-13T09:13:41.485536+00:00
696,593.0,593.0,593.0,False,1.8814410424822683,0.447756039718491,2.0,2.0,0.8974025974025974,1.0,,0.0,False,False,0.9,matched,,True,True,True,True,seqslam+dinov2,2025-02-28T06:25:19.374251+00:00,2024-04-13T09:13:41.579066+00:00
697,594.0,594.0,594.0,False,1.8016131043267514,0.4111107498196338,2.0,2.0,0.9051948051948052,1.0,,0.0,False,False,0.9,matched,,True,True,True,True,seqslam+dinov2,2025-02-28T06:25:19.478123+00:00,2024-04-13T09:13:41.679454+00:00
698,595.0,595.0,595.0,False,1.7381717006842126,-0.011250985079443776,2.0,2.0,0.9155844155844156,1152.0,,0.0,False,False,0.9,matched,,True,True,True,True,seqslam+dinov2,2025-02-28T06:25:19.578302+00:00,2024-04-13T09:13:41.781389+00:00
699,595.0,595.0,595.0,False,1.6329150146725966,-0.09498045913027897,2.0,2.0,0.9285714285714286,1152.0,,0.0,False,False,0.9,matched,,True,True,True,True,seqslam+dinov2,2025-02-28T06:25:19.675307+00:00,2024-04-13T09:13:41.781389+00:00
700,596.0,596.0,596.0,False,1.5425275243976913,0.1252176903664748,2.0,2.0,0.9298701298701298,0.0,,0.0,False,False,0.9,matched,,True,True,True,True,seqslam+dinov2,2025-02-28T06:25:19.774190+00:00,2024-04-13T09:13:41.887495+00:00
701,597.0,597.0,597.0,False,1.51683672478966,-0.14807807942644668,2.0,2.0,0.9324675324675324,1534.0,,0.0,False,False,0.9,matched,,True,True,True,True,seqslam+dinov2,2025-02-28T06:25:19.877120+00:00,2024-04-13T09:13:41.982093+00:00
702,598.0,598.0,598.0,False,1.4561903722716203,-0.04551795349689591,2.0,2.0,0.9363636363636364,775.0,,0.0,False,False,0.7,matched,,True,True,True,True,seqslam+dinov2,2025-02-28T06:25:19.979196+00:00,2024-04-13T09:13:42.078997+00:00
703,599.0,599.0,599.0,False,1.4464133507464076,-0.3683632851227723,2.0,2.0,0.9415584415584416,1532.0,,0.0,False,False,0.7,matched,,True,True,True,True,seqslam+dinov2,2025-02-28T06:25:20.074906+00:00,2024-04-13T09:13:42.177712+00:00
704,600.0,600.0,600.0,False,1.4101301164821616,-0.32907005967454284,2.0,2.0,0.948051948051948,1532.0,,0.0,False,False,0.7,matched,,True,True,True,True,seqslam+dinov2,2025-02-28T06:25:20.176143+00:00,2024-04-13T09:13:42.283210+00:00
705,601.0,601.0,601.0,False,1.3973079772275716,-0.2054673207379465,2.0,2.0,0.9558441558441558,1071.0,,0.0,False,False,0.7,matched,,True,True,True,True,seqslam+dinov2,2025-02-28T06:25:20.277329+00:00,2024-04-13T09:13:42.381992+00:00
706,602.0,602.0,602.0,False,1.381084919770842,0.17643809557915868,2.0,2.0,0.964935064935065,0.0,,0.0,False,False,0.7,matched,,True,True,True,True,seqslam+dinov2,2025-02-28T06:25:20.374793+00:00,2024-04-13T09:13:42.480269+00:00
707,603.0,603.0,603.0,False,1.385177943119081,-0.10518628982991496,2.0,2.0,0.9753246753246754,2.0,,0.0,False,False,0.7,matched,,True,True,True,True,seqslam+dinov2,2025-02-28T06:25:20.476131+00:00,2024-04-13T09:13:42.581675+00:00
708,604.0,604.0,604.0,False,1.38589907432769,0.13496825114381972,2.0,2.0,0.987012987012987,0.0,,0.0,False,False,0.7,matched,,True,True,True,True,seqslam+dinov2,2025-02-28T06:25:20.575797+00:00,2024-04-13T09:13:42.682513+00:00
709,605.0,605.0,605.0,False,1.3801996350168262,-0.13007157979992967,2.0,2.0,1.0,2.0,,0.0,False,False,0.7,matched,,True,True,True,True,seqslam+dinov2,2025-02-28T06:25:20.675968+00:00,2024-04-13T09:13:42.777936+00:00
710,606.0,606.0,606.0,False,1.3877653254049405,0.12905795978218215,2.0,2.0,1.0,2.0,,0.0,False,False,0.7,matched,,True,True,True,True,seqslam+dinov2,2025-02-28T06:25:20.775785+00:00,2024-04-13T09:13:42.882946+00:00
711,607.0,607.0,607.0,False,1.365786218748674,0.30949933039247135,2.0,2.0,1.0,0.0,,0.0,False,False,0.7,matched,,True,True,True,True,seqslam+dinov2,2025-02-28T06:25:20.880690+00:00,2024-04-13T09:13:42.978300+00:00
712,608.0,608.0,608.0,False,1.3442770950878082,0.1426219002173985,2.0,2.0,1.0,0.0,,0.0,False,False,0.7,matched,,True,True,True,True,seqslam+dinov2,2025-02-28T06:25:20.975454+00:00,2024-04-13T09:13:43.077755+00:00
713,609.0,609.0,609.0,False,1.3587434069432736,-0.20439996539687022,2.0,2.0,1.0,278.0,,0.0,False,False,0.7,matched,,True,True,True,True,seqslam+dinov2,2025-02-28T06:25:21.077096+00:00,2024-04-13T09:13:43.186964+00:00
714,610.0,610.0,610.0,False,1.349978172916046,-0.6832478554731671,2.0,2.0,1.0,237.0,,0.0,False,False,0.7,matched,,True,True,True,True,seqslam+dinov2,2025-02-28T06:25:21.175371+00:00,2024-04-13T09:13:43.280398+00:00
715,611.0,611.0,611.0,False,1.3744498545266448,-0.6324232597376203,2.0,2.0,1.0,235.0,,0.0,False,False,0.7,matched,,True,True,True,True,seqslam+dinov2,2025-02-28T06:25:21.274300+00:00,2024-04-13T09:13:43.380198+00:00
716,612.0,612.0,612.0,False,1.4149050481788092,-0.640573751527302,2.0,2.0,1.0,235.0,,0.0,False,False,0.7,matched,,True,True,True,True,seqslam+dinov2,2025-02-28T06:25:21.375492+00:00,2024-04-13T09:13:43.481469+00:00
717,613.0,613.0,613.0,False,1.4098987606725635,-0.5461389574110087,2.0,2.0,1.0,232.0,,0.0,False,False,0.7,matched,,True,True,True,True,seqslam+dinov2,2025-02-28T06:25:21.474477+00:00,2024-04-13T09:13:43.578221+00:00
718,614.0,614.0,614.0,False,1.4270333357821772,-0.43915318515139123,2.0,2.0,1.0,3.0,,0.0,False,False,0.7,matched,,True,True,True,True,seqslam+dinov2,2025-02-28T06:25:21.575496+00:00,2024-04-13T09:13:43.683093+00:00
719,615.0,615.0,615.0,False,1.4595830496972781,-0.1880727760939669,2.0,2.0,1.0,2.0,,0.0,False,False,0.7,matched,,True,True,True,True,seqslam+dinov2,2025-02-28T06:25:21.674784+00:00,2024-04-13T09:13:43.777557+00:00
720,616.0,616.0,616.0,False,1.5088035191803406,-0.05041674852746625,2.0,2.0,1.0,1.0,,0.0,False,False,0.9,matched,,True,True,True,True,seqslam+dinov2,2025-02-28T06:25:21.778655+00:00,2024-04-13T09:13:43.887180+00:00
721,617.0,617.0,617.0,False,1.551460058141956,0.36553613000042606,2.0,2.0,1.0,0.0,,0.0,False,False,0.9,matched,,True,True,True,True,seqslam+dinov2,2025-02-28T06:25:21.876985+00:00,2024-04-13T09:13:43.979532+00:00
722,618.0,618.0,618.0,False,1.6024337995656077,-0.009960179524754142,2.0,2.0,1.0,2.0,,0.0,False,False,0.9,matched,,True,True,True,True,seqslam+dinov2,2025-02-28T06:25:21.979506+00:00,2024-04-13T09:13:44.077601+00:00
723,619.0,619.0,619.0,False,1.6317119234849125,0.2338608686287973,2.0,2.0,1.0,2.0,,0.0,False,False,0.9,matched,,True,True,True,True,seqslam+dinov2,2025-02-28T06:25:22.075788+00:00,2024-04-13T09:13:44.177797+00:00
724,620.0,620.0,620.0,False,1.6677480577398869,0.3167616253372989,2.0,2.0,1.0,2.0,,0.0,False,False,0.9,matched,,True,True,True,True,seqslam+dinov2,2025-02-28T06:25:22.175389+00:00,2024-04-13T09:13:44.280618+00:00
725,621.0,621.0,621.0,False,1.6883354118998595,0.1102627819429014,2.0,2.0,1.0,2.0,,0.0,False,False,0.9,matched,,True,True,True,True,seqslam+dinov2,2025-02-28T06:25:22.275869+00:00,2024-04-13T09:13:44.378022+00:00
726,622.0,622.0,622.0,False,1.7345140936066392,-0.08685857557787924,2.0,2.0,1.0,759.0,,0.0,False,False,0.9,matched,,True,True,True,True,seqslam+dinov2,2025-02-28T06:25:22.374353+00:00,2024-04-13T09:13:44.478288+00:00
727,623.0,623.0,623.0,False,1.7277524518396452,-0.03840690827290438,2.0,2.0,1.0,32.0,,0.0,False,False,0.9,matched,,True,True,True,True,seqslam+dinov2,2025-02-28T06:25:22.475360+00:00,2024-04-13T09:13:44.581414+00:00
728,624.0,624.0,624.0,False,1.7600264477482357,-0.13009420683015027,2.0,2.0,1.0,32.0,,0.0,False,False,0.9,matched,,True,True,True,True,seqslam+dinov2,2025-02-28T06:25:22.575531+00:00,2024-04-13T09:13:44.682218+00:00
729,625.0,625.0,625.0,False,1.7908070813232693,0.16313903547079756,2.0,2.0,1.0,1.0,,0.0,False,False,0.9,matched,,True,True,True,True,seqslam+dinov2,2025-02-28T06:25:22.674864+00:00,2024-04-13T09:13:44.779163+00:00
730,626.0,626.0,626.0,False,1.7956740867855265,0.20131053494721463,2.0,1.0,1.0,1.0,,0.0,False,False,0.9,matched,,True,True,True,True,seqslam+dinov2,2025-02-28T06:25:22.774420+00:00,2024-04-13T09:13:44.883496+00:00
731,627.0,627.0,627.0,False,1.8197239744965386,0.6680362176573178,2.0,1.0,1.0,0.0,,0.0,False,False,0.9,matched,,True,True,True,True,seqslam+dinov2,2025-02-28T06:25:22.884163+00:00,2024-04-13T09:13:44.979594+00:00
732,628.0,628.0,628.0,False,1.8320068228219426,0.2777543819618944,2.0,1.0,1.0,2.0,,0.0,False,False,0.9,matched,,True,True,True,True,seqslam+dinov2,2025-02-28T06:25:22.978061+00:00,2024-04-13T09:13:45.078197+00:00
733,629.0,629.0,629.0,False,1.8486195407963835,0.41563118409523314,2.0,1.0,1.0,1.0,,0.0,False,False,0.9,matched,,True,True,True,True,seqslam+dinov2,2025-02-28T06:25:23.075003+00:00,2024-04-13T09:13:45.179748+00:00
734,630.0,630.0,630.0,False,1.8365956978436477,0.4913044178001613,2.0,1.0,1.0,0.0,,0.0,False,False,0.9,matched,,True,True,True,True,seqslam+dinov2,2025-02-28T06:25:23.177108+00:00,2024-04-13T09:13:45.277631+00:00
735,631.0,631.0,631.0,False,1.8451585600810474,0.15818390132224813,2.0,1.0,1.0,0.0,,0.0,False,False,0.9,matched,,True,True,True,True,seqslam+dinov2,2025-02-28T06:25:23.274472+00:00,2024-04-13T09:13:45.380610+00:00
736,632.0,632.0,632.0,False,1.8380758271263717,0.27368334841023967,2.0,1.0,1.0,0.0,,0.0,False,False,0.9,matched,,True,True,True,True,seqslam+dinov2,2025-02-28T06:25:23.376231+00:00,2024-04-13T09:13:45.479562+00:00
737,633.0,633.0,633.0,False,1.773434528916881,0.5811031787049896,2.0,1.0,1.0,0.0,,0.0,False,False,0.9,matched,,True,True,True,True,seqslam+dinov2,2025-02-28T06:25:23.481998+00:00,2024-04-13T09:13:45.580262+00:00
738,634.0,634.0,634.0,False,1.7530514103253538,0.5212980966463134,2.0,1.0,1.0,0.0,,0.0,False,False,0.9,matched,,True,True,True,True,seqslam+dinov2,2025-02-28T06:25:23.577851+00:00,2024-04-13T09:13:45.678390+00:00
739,635.0,635.0,635.0,False,1.7344138091664711,-0.012164999876005389,2.0,1.0,1.0,1.0,,0.0,False,False,0.9,matched,,True,True,True,True,seqslam+dinov2,2025-02-28T06:25:23.677611+00:00,2024-04-13T09:13:45.777657+00:00
740,636.0,636.0,636.0,False,1.7068843580523585,0.29448969546652126,2.0,1.0,1.0,0.0,,0.0,False,False,0.9,matched,,True,True,True,True,seqslam+dinov2,2025-02-28T06:25:23.774921+00:00,2024-04-13T09:13:45.882771+00:00
741,637.0,637.0,637.0,False,1.6465952920247242,0.2695821915464023,2.0,1.0,1.0,0.0,,0.0,False,False,0.9,matched,,True,True,True,True,seqslam+dinov2,2025-02-28T06:25:23.876842+00:00,2024-04-13T09:13:45.980064+00:00
742,638.0,638.0,638.0,False,1.6089749530541326,-0.12976254907722828,2.0,1.0,1.0,1.0,,0.0,False,False,0.9,matched,,True,True,True,True,seqslam+dinov2,2025-02-28T06:25:23.974234+00:00,2024-04-13T09:13:46.082286+00:00
743,639.0,639.0,639.0,False,1.5623254029828586,0.2972360861584964,2.0,1.0,1.0,1.0,,0.0,False,False,0.9,matched,,True,True,True,True,seqslam+dinov2,2025-02-28T06:25:24.074486+00:00,2024-04-13T09:13:46.177918+00:00
744,640.0,640.0,640.0,False,1.5022593134380495,0.27167711996655086,2.0,1.0,1.0,1.0,,0.0,False,False,0.9,matched,,True,True,True,True,seqslam+dinov2,2025-02-28T06:25:24.174397+00:00,2024-04-13T09:13:46.281826+00:00
745,641.0,641.0,641.0,False,1.484271472456379,0.1598474916632211,2.0,1.0,1.0,0.0,,0.0,False,False,0.7,matched,,True,True,True,True,seqslam+dinov2,2025-02-28T06:25:24.274759+00:00,2024-04-13T09:13:46.378055+00:00
746,642.0,642.0,642.0,False,1.446739866178374,-0.40362630418760403,2.0,1.0,1.0,432.0,,0.0,False,False,0.7,matched,,True,True,True,True,seqslam+dinov2,2025-02-28T06:25:24.374356+00:00,2024-04-13T09:13:46.478524+00:00
747,643.0,643.0,643.0,False,1.4209614479506316,-0.41384567048012433,2.0,1.0,1.0,430.0,,0.0,False,False,0.7,matched,,True,True,True,True,seqslam+dinov2,2025-02-28T06:25:24.474108+00:00,2024-04-13T09:13:46.579166+00:00
748,644.0,644.0,644.0,False,1.4486939683862825,-0.08554127469915351,2.0,1.0,1.0,607.0,,0.0,False,False,0.7,matched,,True,True,True,True,seqslam+dinov2,2025-02-28T06:25:24.575075+00:00,2024-04-13T09:13:46.682227+00:00
749,645.0,645.0,645.0,False,1.479296720412821,-0.5600162128870443,2.0,1.0,1.0,428.0,,0.0,False,False,0.7,matched,,True,True,True,True,seqslam+dinov2,2025-02-28T06:25:24.675148+00:00,2024-04-13T09:13:46.778752+00:00
750,646.0,646.0,646.0,False,1.4920757490155814,-0.006256222152537072,2.0,1.0,1.0,199.0,,0.0,False,False,0.7,matched,,True,True,True,True,seqslam+dinov2,2025-02-28T06:25:24.779015+00:00,2024-04-13T09:13:46.880121+00:00
751,647.0,647.0,647.0,False,1.519458177142436,-0.2221889451248058,2.0,1.0,1.0,198.0,,0.0,False,False,0.9,matched,,True,True,True,True,seqslam+dinov2,2025-02-28T06:25:24.874842+00:00,2024-04-13T09:13:46.981889+00:00
752,648.0,648.0,648.0,False,1.5732247111497122,-0.6477978898103147,2.0,1.0,1.0,198.0,,0.0,False,False,0.9,matched,,True,True,True,True,seqslam+dinov2,2025-02-28T06:25:24.974644+00:00,2024-04-13T09:13:47.079835+00:00
753,649.0,649.0,649.0,False,1.623034474015235,-0.07994032465866274,1.0,1.0,1.0,1.0,,0.0,False,False,0.9,matched,,True,True,True,True,seqslam+dinov2,2025-02-28T06:25:25.075807+00:00,2024-04-13T09:13:47.178365+00:00
754,650.0,650.0,650.0,False,1.6938807958246003,0.12046326423388831,1.0,1.0,1.0,0.0,,0.0,False,False,0.9,matched,,True,True,True,True,seqslam+dinov2,2025-02-28T06:25:25.174693+00:00,2024-04-13T09:13:47.278749+00:00
755,651.0,651.0,651.0,False,1.7416861764756582,0.2177330912658122,2.0,2.0,1.0,1.0,,0.0,False,False,0.9,matched,,True,True,True,True,seqslam+dinov2,2025-02-28T06:25:25.276396+00:00,2024-04-13T09:13:47.380115+00:00
756,652.0,652.0,652.0,False,1.7629436749679117,0.46721906591180073,2.0,2.0,1.0,1.0,,0.0,False,False,0.9,matched,,True,True,True,True,seqslam+dinov2,2025-02-28T06:25:25.377960+00:00,2024-04-13T09:13:47.478055+00:00
757,653.0,653.0,653.0,False,1.777764931744243,0.30534798419274,2.0,2.0,1.0,2.0,,0.0,False,False,0.9,matched,,True,True,True,True,seqslam+dinov2,2025-02-28T06:25:25.478405+00:00,2024-04-13T09:13:47.578298+00:00
758,654.0,654.0,654.0,False,1.8227111773863092,0.6096404136037195,2.0,2.0,1.0,1.0,,0.0,False,False,0.9,matched,,True,True,True,True,seqslam+dinov2,2025-02-28T06:25:25.579275+00:00,2024-04-13T09:13:47.677517+00:00
759,655.0,655.0,655.0,False,1.7860261133507178,0.7862301140151431,2.0,2.0,1.0,0.0,,0.0,False,False,0.9,matched,,True,True,True,True,seqslam+dinov2,2025-02-28T06:25:25.674959+00:00,2024-04-13T09:13:47.779218+00:00
760,656.0,656.0,656.0,False,1.7337192724884247,0.35218158931090815,2.0,2.0,1.0,1.0,,0.0,False,False,0.9,matched,,True,True,True,True,seqslam+dinov2,2025-02-28T06:25:25.775762+00:00,2024-04-13T09:13:47.878664+00:00
761,657.0,657.0,657.0,False,1.6764160356538675,0.15137907681039509,2.0,2.0,1.0,1.0,,0.0,False,False,0.9,matched,,True,True,True,True,seqslam+dinov2,2025-02-28T06:25:25.874497+00:00,2024-04-13T09:13:47.981787+00:00
762,658.0,658.0,658.0,False,1.6168432760973466,0.016869717419313535,2.0,2.0,1.0,1.0,,0.0,False,False,0.9,matched,,True,True,True,True,seqslam+dinov2,2025-02-28T06:25:25.974363+00:00,2024-04-13T09:13:48.084079+00:00
763,659.0,659.0,659.0,False,1.5953812806894812,0.2669810430957611,2.0,1.0,1.0,0.0,,0.0,False,False,0.9,matched,,True,True,True,True,seqslam+dinov2,2025-02-28T06:25:26.074547+00:00,2024-04-13T09:13:48.178694+00:00
764,660.0,660.0,660.0,False,1.5454385736143557,-0.09671796686283773,2.0,1.0,1.0,1.0,,0.0,False,False,0.9,matched,,True,True,True,True,seqslam+dinov2,2025-02-28T06:25:26.175384+00:00,2024-04-13T09:13:48.279108+00:00
765,661.0,661.0,661.0,False,1.4824847713590232,0.07076775965182347,2.0,1.0,1.0,2.0,,0.0,False,False,0.7,matched,,True,True,True,True,seqslam+dinov2,2025-02-28T06:25:26.276268+00:00,2024-04-13T09:13:48.378186+00:00
766,662.0,662.0,662.0,False,1.4767118000508312,-0.20080441375941782,2.0,1.0,1.0,1.0,,0.0,False,False,0.7,matched,,True,True,True,True,seqslam+dinov2,2025-02-28T06:25:26.378406+00:00,2024-04-13T09:13:48.478602+00:00
767,663.0,663.0,663.0,False,1.4875663763492317,-0.0723446048935672,2.0,1.0,1.0,471.0,,0.0,False,False,0.7,matched,,True,True,True,True,seqslam+dinov2,2025-02-28T06:25:26.479667+00:00,2024-04-13T09:13:48.582633+00:00
768,664.0,664.0,664.0,False,1.4980749719754394,-0.14558021701024648,2.0,1.0,1.0,469.0,,0.0,False,False,0.7,matched,,True,True,True,True,seqslam+dinov2,2025-02-28T06:25:26.574907+00:00,2024-04-13T09:13:48.678555+00:00
769,665.0,665.0,665.0,False,1.4783701172386332,0.07143755698971921,2.0,1.0,1.0,1.0,,0.0,False,False,0.7,matched,,True,True,True,True,seqslam+dinov2,2025-02-28T06:25:26.675754+00:00,2024-04-13T09:13:48.777573+00:00
770,666.0,666.0,666.0,False,1.5295349371749645,-0.2843360289154775,2.0,1.0,1.0,1689.0,,0.0,False,False,0.9,matched,,True,True,True,True,seqslam+dinov2,2025-02-28T06:25:26.774331+00:00,2024-04-13T09:13:48.878114+00:00
771,667.0,667.0,667.0,False,1.5680268341039458,0.3079638982596944,2.0,1.0,1.0,0.0,,0.0,False,False,0.9,matched,,True,True,True,True,seqslam+dinov2,2025-02-28T06:25:26.876113+00:00,2024-04-13T09:13:48.978699+00:00
772,668.0,668.0,668.0,False,1.636245420857447,0.2978239956547568,2.0,1.0,1.0,0.0,,0.0,False,False,0.9,matched,,True,True,True,True,seqslam+dinov2,2025-02-28T06:25:26.974521+00:00,2024-04-13T09:13:49.079209+00:00
773,669.0,669.0,669.0,False,1.6788664607927586,0.20070084703118418,2.0,1.0,1.0,0.0,,0.0,False,False,0.9,matched,,True,True,True,True,seqslam+dinov2,2025-02-28T06:25:27.077263+00:00,2024-04-13T09:13:49.178522+00:00
774,670.0,670.0,670.0,False,1.7094096205885676,0.038139528008609425,2.0,1.0,1.0,1.0,,0.0,False,False,0.9,matched,,True,True,True,True,seqslam+dinov2,2025-02-28T06:25:27.181721+00:00,2024-04-13T09:13:49.277965+00:00
775,671.0,671.0,671.0,False,1.752390972541612,0.08854176992508034,2.0,1.0,1.0120481927710843,0.0,,0.0,False,False,0.9,matched,,True,True,True,True,seqslam+dinov2,2025-02-28T06:25:27.282206+00:00,2024-04-13T09:13:49.377484+00:00
776,672.0,672.0,672.0,False,1.7918077915965205,0.23369521977576269,2.0,1.0,1.0234263465282283,0.0,,0.0,False,False,0.9,matched,,True,True,True,True,seqslam+dinov2,2025-02-28T06:25:27.377179+00:00,2024-04-13T09:13:49.479800+00:00
777,673.0,673.0,673.0,False,1.8055946553967857,0.32972991665541995,2.0,1.0,1.0339960238568588,0.0,,0.0,False,False,0.9,matched,,True,True,True,True,seqslam+dinov2,2025-02-28T06:25:27.475408+00:00,2024-04-13T09:13:49.579016+00:00
778,674.0,674.0,674.0,False,1.8345536102652267,-0.0013840018110933272,2.0,1.0,1.0436191762322755,477.0,,0.0,False,False,0.9,matched,,True,True,True,True,seqslam+dinov2,2025-02-28T06:25:27.576294+00:00,2024-04-13T09:13:49.682590+00:00
779,675.0,675.0,675.0,False,1.8579755968468845,0.3639246876295825,2.0,1.0,1.0521619766643788,0.0,,0.0,False,False,0.9,matched,,True,True,True,True,seqslam+dinov2,2025-02-28T06:25:27.674939+00:00,2024-04-13T09:13:49.782014+00:00
780,676.0,676.0,676.0,False,1.8716494318991295,0.5758205561148022,2.0,1.0,1.059498956158664,0.0,,0.0,False,False,0.9,matched,,True,True,True,True,seqslam+dinov2,2025-02-28T06:25:27.774204+00:00,2024-04-13T09:13:49.882277+00:00
781,677.0,677.0,677.0,False,1.8521302905920107,0.22046947140026685,2.0,1.0,1.0655172413793101,1.0,,0.0,False,False,0.9,matched,,True,True,True,True,seqslam+dinov2,2025-02-28T06:25:27.878282+00:00,2024-04-13T09:13:49.978069+00:00
782,678.0,678.0,678.0,False,1.8495386992235874,0.3176094430002001,2.0,1.0,1.0701206529453513,1.0,,0.0,False,False,0.9,matched,,True,True,True,True,seqslam+dinov2,2025-02-28T06:25:27.974748+00:00,2024-04-13T09:13:50.080571+00:00
783,679.0,679.0,679.0,False,1.852771274349071,0.5465287814082997,2.0,1.0,1.0732334047109209,0.0,,0.0,False,False,0.9,matched,,True,True,True,True,seqslam+dinov2,2025-02-28T06:25:28.075393+00:00,2024-04-13T09:13:50.179964+00:00
784,681.0,680.0,681.0,False,1.894349754811814,-0.021410513981480195,2.0,2.0,1.0748031496062993,2.0,,1.0,True,False,0.9,ambiguous_range,,True,True,True,True,seqslam+dinov2,2025-02-28T06:25:28.174595+00:00,2024-04-13T09:13:50.378262+00:00
785,682.0,682.0,682.0,False,1.8825485892695129,-0.005796705833046367,2.0,2.0,1.0732334047109209,2.0,,0.0,False,False,0.9,matched,,True,True,True,True,seqslam+dinov2,2025-02-28T06:25:28.277129+00:00,2024-04-13T09:13:50.478975+00:00
786,683.0,683.0,683.0,False,1.8733066275763228,-0.253856254676867,2.0,2.0,1.0701206529453513,2.0,,0.0,False,False,0.9,matched,,True,True,True,True,seqslam+dinov2,2025-02-28T06:25:28.374188+00:00,2024-04-13T09:13:50.579514+00:00
787,684.0,684.0,684.0,False,1.8923323939937724,-0.11852206556989708,2.0,2.0,1.0655172413793101,487.0,,0.0,False,False,0.9,matched,,True,True,True,True,seqslam+dinov2,2025-02-28T06:25:28.477551+00:00,2024-04-13T09:13:50.682824+00:00
788,685.0,685.0,685.0,False,1.8983368200987345,0.20506828675462296,2.0,2.0,1.059498956158664,0.0,,0.0,False,False,0.9,matched,,True,True,True,True,seqslam+dinov2,2025-02-28T06:25:28.582258+00:00,2024-04-13T09:13:50.784614+00:00
789,686.0,686.0,686.0,False,1.8920238350319323,0.6496359924995883,2.0,2.0,1.0521619766643788,0.0,,0.0,False,False,0.9,matched,,True,True,True,True,seqslam+dinov2,2025-02-28T06:25:28.675133+00:00,2024-04-13T09:13:50.882532+00:00
790,687.0,687.0,687.0,False,1.8592801939862154,0.1895715494822925,2.0,2.0,1.0436191762322753,1.0,,0.0,False,False,0.9,matched,,True,True,True,True,seqslam+dinov2,2025-02-28T06:25:28.774687+00:00,2024-04-13T09:13:50.982309+00:00
791,688.0,688.0,688.0,False,1.8890772010528771,0.13539380617687446,2.0,2.0,1.0339960238568588,1.0,,0.0,False,False,0.9,matched,,True,True,True,True,seqslam+dinov2,2025-02-28T06:25:28.878161+00:00,2024-04-13T09:13:51.085432+00:00
792,689.0,689.0,689.0,False,1.927186145704696,0.36432568826740885,2.0,2.0,1.0234263465282283,0.0,,0.0,False,False,0.9,matched,,True,True,True,True,seqslam+dinov2,2025-02-28T06:25:28.979188+00:00,2024-04-13T09:13:51.179061+00:00
793,690.0,690.0,690.0,False,1.9384108005519907,0.43723873360305254,2.0,2.0,1.0120481927710843,0.0,,0.0,False,False,0.9,matched,,True,True,True,True,seqslam+dinov2,2025-02-28T06:25:29.076291+00:00,2024-04-13T09:13:51.281116+00:00
794,691.0,691.0,691.0,False,1.898954353505109,0.3748386852479906,2.0,2.0,1.0,0.0,,0.0,False,False,0.9,matched,,True,True,True,True,seqslam+dinov2,2025-02-28T06:25:29.175784+00:00,2024-04-13T09:13:51.379599+00:00
795,692.0,692.0,692.0,False,1.877352935531426,-0.04492581461926415,2.0,2.0,1.0,1.0,,0.0,False,False,0.9,matched,,True,True,True,True,seqslam+dinov2,2025-02-28T06:25:29.274682+00:00,2024-04-13T09:13:51.481769+00:00
796,693.0,693.0,693.0,False,1.894743612536009,0.3917043163653844,2.0,2.0,1.0,0.0,,0.0,False,False,0.9,matched,,True,True,True,True,seqslam+dinov2,2025-02-28T06:25:29.375676+00:00,2024-04-13T09:13:51.580012+00:00
797,694.0,694.0,694.0,False,1.9044176038470828,0.6322101076882045,2.0,2.0,1.0,0.0,,0.0,False,False,0.9,matched,,True,True,True,True,seqslam+dinov2,2025-02-28T06:25:29.475976+00:00,2024-04-13T09:13:51.678344+00:00
798,695.0,695.0,695.0,False,1.885397102496488,0.2686903280499251,2.0,2.0,1.0,1.0,,0.0,False,False,0.9,matched,,True,True,True,True,seqslam+dinov2,2025-02-28T06:25:29.574572+00:00,2024-04-13T09:13:51.778356+00:00
799,696.0,696.0,696.0,False,1.9024742382237874,0.16223443793197867,2.0,2.0,1.0,2.0,,0.0,False,False,0.9,matched,,True,True,True,True,seqslam+dinov2,2025-02-28T06:25:29.675356+00:00,2024-04-13T09:13:51.878555+00:00
800,697.0,697.0,697.0,False,1.8931085151472253,0.6237342162915644,2.0,2.0,1.0,0.0,,0.0,False,False,0.9,matched,,True,True,True,True,seqslam+dinov2,2025-02-28T06:25:29.774615+00:00,2024-04-13T09:13:51.985506+00:00
801,698.0,698.0,698.0,False,1.9276916009859635,0.5035819655551224,2.0,2.0,1.0,0.0,,0.0,False,False,0.9,matched,,True,True,True,True,seqslam+dinov2,2025-02-28T06:25:29.876211+00:00,2024-04-13T09:13:52.081861+00:00
802,699.0,699.0,699.0,False,1.9106192356778395,0.4217794609246388,2.0,2.0,1.0,0.0,,0.0,False,False,0.9,matched,,True,True,True,True,seqslam+dinov2,2025-02-28T06:25:29.975570+00:00,2024-04-13T09:13:52.180344+00:00
803,700.0,700.0,700.0,False,1.93223947744942,0.3738665822897156,2.0,2.0,1.0,1.0,,0.0,False,False,0.9,matched,,True,True,True,True,seqslam+dinov2,2025-02-28T06:25:30.074600+00:00,2024-04-13T09:13:52.278809+00:00
804,701.0,701.0,701.0,False,1.9482304913941255,0.6403556115171056,2.0,2.0,1.0,0.0,,0.0,False,False,0.9,matched,,True,True,True,True,seqslam+dinov2,2025-02-28T06:25:30.175124+00:00,2024-04-13T09:13:52.378601+00:00
805,702.0,702.0,702.0,False,2.013750546521901,0.40005247214231066,2.0,2.0,1.0,1.0,,0.0,False,False,0.9,matched,,True,True,True,True,seqslam+dinov2,2025-02-28T06:25:30.275180+00:00,2024-04-13T09:13:52.479071+00:00
806,703.0,703.0,703.0,False,2.0340262003092104,0.30621987870667344,2.0,2.0,1.0,2.0,,0.0,False,False,0.9,matched,,True,True,True,True,seqslam+dinov2,2025-02-28T06:25:30.377997+00:00,2024-04-13T09:13:52.581035+00:00
807,704.0,704.0,704.0,False,2.071569424869027,0.3046561669537693,2.0,2.0,1.0,1.0,,0.0,False,False,0.9,matched,,True,True,True,True,seqslam+dinov2,2025-02-28T06:25:30.477017+00:00,2024-04-13T09:13:52.683956+00:00
808,705.0,705.0,705.0,False,2.0786851443216903,0.7252454006976523,2.0,2.0,1.0,0.0,,0.0,False,False,0.9,matched,,True,True,True,True,seqslam+dinov2,2025-02-28T06:25:30.575338+00:00,2024-04-13T09:13:52.780262+00:00
809,706.0,706.0,706.0,False,2.087516070986221,0.5708746419062378,2.0,2.0,1.0,1.0,,0.0,False,False,0.9,matched,,True,True,True,True,seqslam+dinov2,2025-02-28T06:25:30.675517+00:00,2024-04-13T09:13:52.880801+00:00
810,707.0,707.0,707.0,False,2.0748763774799355,0.8848058372247478,2.0,2.0,1.0,0.0,,0.0,False,False,0.9,matched,,True,True,True,True,seqslam+dinov2,2025-02-28T06:25:30.778793+00:00,2024-04-13T09:13:52.979471+00:00
811,708.0,708.0,708.0,False,2.097864540650357,0.6802459043117359,2.0,3.0,1.0,1.0,,0.0,False,False,0.9,matched,,True,True,True,True,seqslam+dinov2,2025-02-28T06:25:30.874731+00:00,2024-04-13T09:13:53.081069+00:00
812,709.0,709.0,709.0,False,2.1108472614537956,0.7859512557288355,2.0,3.0,1.0,2.0,,0.0,False,False,0.9,matched,,True,True,True,True,seqslam+dinov2,2025-02-28T06:25:30.977525+00:00,2024-04-13T09:13:53.181863+00:00
813,710.0,710.0,710.0,False,2.126565587036623,0.38920133902030907,2.0,3.0,1.0,2.0,,0.0,False,False,0.9,matched,,True,True,True,True,seqslam+dinov2,2025-02-28T06:25:31.078221+00:00,2024-04-13T09:13:53.278051+00:00
814,711.0,711.0,711.0,False,2.0909898487459344,0.5188557209598463,2.0,3.0,1.0,2.0,,0.0,False,False,0.9,matched,,True,True,True,True,seqslam+dinov2,2025-02-28T06:25:31.181357+00:00,2024-04-13T09:13:53.382666+00:00
815,712.0,712.0,712.0,False,2.0581633371776182,0.40353511754415083,2.0,3.0,1.0,2.0,,0.0,False,False,0.9,matched,,True,True,True,True,seqslam+dinov2,2025-02-28T06:25:31.281606+00:00,2024-04-13T09:13:53.480145+00:00
816,713.0,713.0,713.0,False,1.9987279911971123,0.7798044887163265,2.0,3.0,1.0,0.0,,0.0,False,False,0.9,matched,,True,True,True,True,seqslam+dinov2,2025-02-28T06:25:31.377666+00:00,2024-04-13T09:13:53.577640+00:00
817,714.0,714.0,714.0,False,1.9226970645853898,0.6711098865656935,2.0,3.0,1.0,0.0,,0.0,False,False,0.9,matched,,True,True,True,True,seqslam+dinov2,2025-02-28T06:25:31.475239+00:00,2024-04-13T09:13:53.678184+00:00
818,715.0,715.0,715.0,False,1.841163430238302,0.6114183373961608,2.0,3.0,1.0,0.0,,0.0,False,False,0.9,matched,,True,True,True,True,seqslam+dinov2,2025-02-28T06:25:31.578388+00:00,2024-04-13T09:13:53.777847+00:00
819,716.0,716.0,716.0,False,1.8101012278790456,0.4875717454988353,3.0,3.0,0.987012987012987,1.0,,0.0,False,False,0.9,matched,,True,True,True,True,seqslam+dinov2,2025-02-28T06:25:31.678244+00:00,2024-04-13T09:13:53.880091+00:00
820,717.0,717.0,717.0,False,1.7622436568554567,0.15336079328757668,3.0,3.0,0.9753246753246754,1.0,,0.0,False,False,0.9,matched,,True,True,True,True,seqslam+dinov2,2025-02-28T06:25:31.776109+00:00,2024-04-13T09:13:53.979998+00:00
821,718.0,718.0,718.0,False,1.739936513405934,0.12683424845407565,3.0,3.0,0.964935064935065,2.0,,0.0,False,False,0.9,matched,,True,True,True,True,seqslam+dinov2,2025-02-28T06:25:31.874448+00:00,2024-04-13T09:13:54.077983+00:00
822,719.0,719.0,719.0,False,1.7101377989491418,-0.11953387384939163,3.0,3.0,0.9558441558441558,3.0,,0.0,False,False,0.9,matched,,True,True,True,True,seqslam+dinov2,2025-02-28T06:25:31.981566+00:00,2024-04-13T09:13:54.178251+00:00
823,720.0,720.0,720.0,False,1.6751274956535482,-0.03868254551622807,3.0,3.0,0.948051948051948,1.0,,0.0,False,False,0.9,matched,,True,True,True,True,seqslam+dinov2,2025-02-28T06:25:32.076793+00:00,2024-04-13T09:13:54.278961+00:00
824,721.0,721.0,721.0,False,1.6389167828811357,0.1713980662149006,3.0,3.0,0.9415584415584416,0.0,,0.0,False,False,0.9,matched,,True,True,True,True,seqslam+dinov2,2025-02-28T06:25:32.175378+00:00,2024-04-13T09:13:54.379791+00:00
825,722.0,722.0,722.0,False,1.6136407293666062,0.013939836963481333,3.0,3.0,0.9363636363636364,1.0,,0.0,False,False,0.9,matched,,True,True,True,True,seqslam+dinov2,2025-02-28T06:25:32.275219+00:00,2024-04-13T09:13:54.478256+00:00
826,723.0,723.0,723.0,False,1.6180541599706608,0.12252670398051735,3.0,3.0,0.9324675324675324,0.0,,0.0,False,False,0.9,matched,,True,True,True,True,seqslam+dinov2,2025-02-28T06:25:32.374921+00:00,2024-04-13T09:13:54.577853+00:00
827,724.0,724.0,724.0,False,1.6235911434890433,0.38341681850176723,3.0,3.0,0.9298701298701298,0.0,,0.0,False,False,0.9,matched,,True,True,True,True,seqslam+dinov2,2025-02-28T06:25:32.480341+00:00,2024-04-13T09:13:54.678494+00:00
828,725.0,725.0,725.0,False,1.5894679325335004,0.2987982223292065,3.0,3.0,0.9285714285714286,0.0,,0.0,False,False,0.9,matched,,True,True,True,True,seqslam+dinov2,2025-02-28T06:25:32.579329+00:00,2024-04-13T09:13:54.777946+00:00
829,725.0,725.0,725.0,False,1.588510296351255,0.22251502001448298,3.0,3.0,0.9285714285714286,0.0,,0.0,False,False,0.9,matched,,True,True,True,True,seqslam+dinov2,2025-02-28T06:25:32.675850+00:00,2024-04-13T09:13:54.777946+00:00
830,726.0,726.0,726.0,False,1.6036189683225353,0.1873061267846674,3.0,3.0,0.9298701298701298,1.0,,0.0,False,False,0.9,matched,,True,True,True,True,seqslam+dinov2,2025-02-28T06:25:32.777768+00:00,2024-04-13T09:13:54.879397+00:00
831,727.0,727.0,727.0,False,1.5873352716105933,0.31688089913021167,2.0,2.0,0.9324675324675324,2.0,,0.0,False,False,0.9,matched,,True,True,True,True,seqslam+dinov2,2025-02-28T06:25:32.876892+00:00,2024-04-13T09:13:54.978730+00:00
832,728.0,728.0,728.0,False,1.540640528892022,0.2690753007641107,3.0,2.0,0.9233766233766234,3.0,,0.0,False,False,0.9,matched,,True,True,True,True,seqslam+dinov2,2025-02-28T06:25:32.974849+00:00,2024-04-13T09:13:55.079848+00:00
833,729.0,729.0,729.0,False,1.4974151773077848,-0.280858642980214,3.0,2.0,0.9168831168831169,2.0,,0.0,False,False,0.7,matched,,True,True,True,True,seqslam+dinov2,2025-02-28T06:25:33.080270+00:00,2024-04-13T09:13:55.178045+00:00
834,730.0,730.0,730.0,False,1.4458893630268355,-0.24077411881867183,3.0,2.0,0.912987012987013,1.0,,0.0,False,False,0.7,matched,,True,True,True,True,seqslam+dinov2,2025-02-28T06:25:33.178395+00:00,2024-04-13T09:13:55.278413+00:00
835,731.0,731.0,731.0,False,1.4404655410395668,0.2945145374151057,3.0,2.0,0.9116883116883117,0.0,,0.0,False,False,0.7,matched,,True,True,True,True,seqslam+dinov2,2025-02-28T06:25:33.275683+00:00,2024-04-13T09:13:55.384027+00:00
836,732.0,732.0,732.0,False,1.440820344244927,-0.2454728276876048,3.0,2.0,0.912987012987013,1.0,,0.0,False,False,0.7,matched,,True,True,True,True,seqslam+dinov2,2025-02-28T06:25:33.374534+00:00,2024-04-13T09:13:55.481012+00:00
837,733.0,733.0,733.0,False,1.4343544604059868,-0.29477070065066324,3.0,2.0,0.9168831168831169,2.0,,0.0,False,False,0.7,matched,,True,True,True,True,seqslam+dinov2,2025-02-28T06:25:33.475818+00:00,2024-04-13T09:13:55.581265+00:00
838,734.0,734.0,734.0,False,1.4009628645064316,-0.04808379471903024,3.0,2.0,0.9233766233766234,3.0,,0.0,False,False,0.7,matched,,True,True,True,True,seqslam+dinov2,2025-02-28T06:25:33.580554+00:00,2024-04-13T09:13:55.678418+00:00
839,735.0,735.0,735.0,False,1.4198937627372963,-0.29529649426919113,4.0,2.0,0.9194805194805195,1.0,,0.0,False,False,0.7,matched,,True,True,True,True,seqslam+dinov2,2025-02-28T06:25:33.675798+00:00,2024-04-13T09:13:55.777636+00:00
840,736.0,736.0,736.0,False,1.375756979895029,0.02455890941832406,4.0,2.0,0.9051948051948052,0.0,,0.0,False,False,0.7,matched,,True,True,True,True,seqslam+dinov2,2025-02-28T06:25:33.778143+00:00,2024-04-13T09:13:55.882747+00:00
841,737.0,737.0,737.0,False,1.2971802796783867,-0.17512034238210794,4.0,2.0,0.8935064935064935,540.0,,0.0,False,False,0.7,matched,,True,True,True,True,seqslam+dinov2,2025-02-28T06:25:33.875618+00:00,2024-04-13T09:13:55.980075+00:00
842,737.0,737.0,737.0,False,1.2740170134802906,-0.0877513022127574,3.0,2.0,0.8844155844155844,572.0,,0.0,False,False,0.7,matched,,True,True,True,True,seqslam+dinov2,2025-02-28T06:25:33.974420+00:00,2024-04-13T09:13:55.980075+00:00
843,738.0,738.0,738.0,False,1.3077706077037667,-0.4382139861332184,3.0,2.0,0.8779220779220779,571.0,,0.0,False,False,0.7,matched,,True,True,True,True,seqslam+dinov2,2025-02-28T06:25:34.075824+00:00,2024-04-13T09:13:56.079076+00:00
844,739.0,739.0,739.0,False,1.3400728321084918,-0.39317987006350275,3.0,3.0,0.874025974025974,570.0,,0.0,False,False,0.7,matched,,True,True,True,True,seqslam+dinov2,2025-02-28T06:25:34.174761+00:00,2024-04-13T09:13:56.182250+00:00
845,740.0,740.0,740.0,False,1.3691041853287649,-0.7270260674395329,4.0,4.0,0.8727272727272727,947.0,,0.0,False,False,0.7,matched,,True,True,True,True,seqslam+dinov2,2025-02-28T06:25:34.277109+00:00,2024-04-13T09:13:56.281785+00:00
846,741.0,741.0,741.0,False,1.3501358752802413,-0.6965122152729415,4.0,5.0,0.874025974025974,946.0,,0.0,False,False,0.7,matched,,True,True,True,True,seqslam+dinov2,2025-02-28T06:25:34.375589+00:00,2024-04-13T09:13:56.379551+00:00
847,742.0,742.0,742.0,False,1.2864329694288836,-0.6218240645852922,4.0,5.0,0.8779220779220779,1344.0,,0.0,False,False,0.7,matched,,True,True,True,True,seqslam+dinov2,2025-02-28T06:25:34.476453+00:00,2024-04-13T09:13:56.478788+00:00
848,743.0,743.0,743.0,False,1.1993988339138042,-0.1071584818657696,4.0,5.0,0.8844155844155844,944.0,,0.0,False,False,0.7,matched,,True,True,True,True,seqslam+dinov2,2025-02-28T06:25:34.575473+00:00,2024-04-13T09:13:56.578419+00:00
849,743.0,743.0,743.0,False,1.2084371277984085,0.22999227366180297,4.0,4.0,0.8935064935064935,0.0,,0.0,False,False,0.7,matched,,True,True,True,True,seqslam+dinov2,2025-02-28T06:25:34.675239+00:00,2024-04-13T09:13:56.578419+00:00
850,744.0,744.0,744.0,False,1.254124473365116,0.09783286784795764,5.0,3.0,0.9051948051948052,1.0,,0.0,False,False,0.7,matched,,True,True,True,True,seqslam+dinov2,2025-02-28T06:25:34.780125+00:00,2024-04-13T09:13:56.681843+00:00
851,745.0,745.0,745.0,False,1.2801375266706168,0.03497904614557701,4.0,3.0,0.9194805194805195,2.0,,0.0,False,False,0.7,matched,,True,True,True,True,seqslam+dinov2,2025-02-28T06:25:34.874644+00:00,2024-04-13T09:13:56.781968+00:00
852,746.0,746.0,746.0,False,1.2993167943385202,-0.47440100835611343,4.0,3.0,0.9363636363636364,3.0,,0.0,False,False,0.7,matched,,True,True,True,True,seqslam+dinov2,2025-02-28T06:25:34.974247+00:00,2024-04-13T09:13:56.882025+00:00
853,747.0,747.0,747.0,False,1.276714295856622,-0.9537799819657244,4.0,4.0,0.9415584415584416,562.0,,0.0,False,False,0.7,matched,,True,True,True,True,seqslam+dinov2,2025-02-28T06:25:35.078342+00:00,2024-04-13T09:13:56.979193+00:00
854,748.0,748.0,748.0,False,1.217120304138617,-0.31917971031275094,4.0,4.0,0.948051948051948,561.0,,0.0,False,False,0.7,matched,,True,True,True,True,seqslam+dinov2,2025-02-28T06:25:35.178290+00:00,2024-04-13T09:13:57.080694+00:00
855,749.0,749.0,749.0,False,1.1461029849335322,0.15840613235384637,4.0,4.0,0.9558441558441558,4.0,,0.0,False,False,0.7,matched,,True,True,True,True,seqslam+dinov2,2025-02-28T06:25:35.278713+00:00,2024-04-13T09:13:57.183187+00:00
856,750.0,750.0,750.0,False,1.1088228045191555,-0.3550666812461185,4.0,4.0,0.964935064935065,4.0,,0.0,False,False,0.7,matched,,True,True,True,True,seqslam+dinov2,2025-02-28T06:25:35.376475+00:00,2024-04-13T09:13:57.284876+00:00
857,751.0,751.0,751.0,False,1.0857392094821983,-0.311609632628141,4.0,4.0,0.9623376623376624,5.0,,0.0,False,False,0.7,matched,,True,True,True,True,seqslam+dinov2,2025-02-28T06:25:35.475026+00:00,2024-04-13T09:13:57.377558+00:00
858,752.0,752.0,752.0,False,1.1077640059792424,-0.8155371911185945,4.0,4.0,0.9623376623376624,4.0,,0.0,False,False,0.7,matched,,True,True,True,True,seqslam+dinov2,2025-02-28T06:25:35.575839+00:00,2024-04-13T09:13:57.478806+00:00
859,753.0,753.0,753.0,False,1.1124467427418023,-0.6668500419321056,4.0,4.0,0.964935064935065,5.0,,0.0,False,False,0.7,matched,,True,True,True,True,seqslam+dinov2,2025-02-28T06:25:35.680545+00:00,2024-04-13T09:13:57.577755+00:00
860,754.0,754.0,754.0,False,1.1267901183861089,-0.6384660536434501,4.0,4.0,0.9558441558441558,5.0,,0.0,False,False,0.7,matched,,True,True,True,True,seqslam+dinov2,2025-02-28T06:25:35.775532+00:00,2024-04-13T09:13:57.682578+00:00
861,755.0,755.0,755.0,False,1.1277831711655752,-0.49479925658307855,4.0,4.0,0.948051948051948,554.0,,0.0,False,False,0.7,matched,,True,True,True,True,seqslam+dinov2,2025-02-28T06:25:35.875764+00:00,2024-04-13T09:13:57.782256+00:00
862,756.0,756.0,756.0,False,1.1852171533654081,-0.3594734072329471,4.0,4.0,0.9415584415584416,5.0,,0.0,False,False,0.7,matched,,True,True,True,True,seqslam+dinov2,2025-02-28T06:25:35.975630+00:00,2024-04-13T09:13:57.885788+00:00
863,757.0,757.0,757.0,False,1.2283373078370607,-0.2310360599792709,4.0,4.0,0.9363636363636364,1599.0,,0.0,False,False,0.7,matched,,True,True,True,True,seqslam+dinov2,2025-02-28T06:25:36.075764+00:00,2024-04-13T09:13:57.982011+00:00
864,758.0,758.0,758.0,False,1.2883772238582898,-1.0146804153157218,4.0,4.0,0.9324675324675324,551.0,,0.0,False,False,0.7,matched,,True,True,True,True,seqslam+dinov2,2025-02-28T06:25:36.179720+00:00,2024-04-13T09:13:58.082267+00:00
865,759.0,759.0,759.0,False,1.3632796816923543,-0.08551936599236076,4.0,4.0,0.9298701298701298,542.0,,0.0,False,False,0.7,matched,,True,True,True,True,seqslam+dinov2,2025-02-28T06:25:36.279215+00:00,2024-04-13T09:13:58.178988+00:00
866,760.0,760.0,760.0,False,1.412259371796871,0.21164907078026673,4.0,4.0,0.9285714285714286,0.0,,0.0,False,False,0.7,matched,,True,True,True,True,seqslam+dinov2,2025-02-28T06:25:36.375922+00:00,2024-04-13T09:13:58.277927+00:00
867,760.0,760.0,760.0,False,1.4785001245520908,0.2905514238468727,3.0,3.0,0.9285714285714286,0.0,,0.0,False,False,0.7,matched,,True,True,True,True,seqslam+dinov2,2025-02-28T06:25:36.474359+00:00,2024-04-13T09:13:58.277927+00:00
868,761.0,761.0,761.0,False,1.5317520558172228,0.04776808862579651,3.0,3.0,0.9298701298701298,1.0,,0.0,False,False,0.9,matched,,True,True,True,True,seqslam+dinov2,2025-02-28T06:25:36.574608+00:00,2024-04-13T09:13:58.377908+00:00
869,762.0,762.0,762.0,False,1.5616260949267469,-0.23825031418491638,3.0,3.0,0.9324675324675324,1.0,,0.0,False,False,0.9,matched,,True,True,True,True,seqslam+dinov2,2025-02-28T06:25:36.674533+00:00,2024-04-13T09:13:58.479932+00:00
870,763.0,763.0,763.0,False,1.5936058467030911,0.06847375345897388,4.0,3.0,0.9363636363636364,0.0,,0.0,False,False,0.7,matched,,True,True,True,True,seqslam+dinov2,2025-02-28T06:25:36.774933+00:00,2024-04-13T09:13:58.586306+00:00
871,764.0,764.0,764.0,False,1.5875474873945123,-0.2326527224179411,4.0,3.0,0.9415584415584416,545.0,,0.0,False,False,0.7,matched,,True,True,True,True,seqslam+dinov2,2025-02-28T06:25:36.874707+00:00,2024-04-13T09:13:58.685086+00:00
872,765.0,765.0,765.0,False,1.5781114255877051,0.245486399097522,4.0,3.0,0.948051948051948,0.0,,0.0,False,False,0.7,matched,,True,True,True,True,seqslam+dinov2,2025-02-28T06:25:36.974642+00:00,2024-04-13T09:13:58.783695+00:00
873,766.0,766.0,766.0,False,1.567564351786411,0.19105998976548966,4.0,3.0,0.9428571428571428,0.0,,0.0,False,False,0.7,matched,,True,True,True,True,seqslam+dinov2,2025-02-28T06:25:37.077321+00:00,2024-04-13T09:13:58.881574+00:00
874,767.0,767.0,767.0,False,1.5930378298765318,-0.1649731381093409,4.0,3.0,0.9272727272727272,1589.0,,0.0,False,False,0.7,matched,,True,True,True,True,seqslam+dinov2,2025-02-28T06:25:37.174359+00:00,2024-04-13T09:13:58.983711+00:00
875,768.0,768.0,768.0,False,1.6316804009191848,-0.5214229507376722,4.0,3.0,0.9025974025974026,1588.0,,0.0,False,False,0.7,matched,,True,True,True,True,seqslam+dinov2,2025-02-28T06:25:37.277825+00:00,2024-04-13T09:13:59.087407+00:00
876,769.0,769.0,769.0,False,1.6433041037419978,-0.1824049798152505,4.0,3.0,0.8831168831168831,1.0,,0.0,False,False,0.7,matched,,True,True,True,True,seqslam+dinov2,2025-02-28T06:25:37.376677+00:00,2024-04-13T09:13:59.178562+00:00
877,770.0,770.0,770.0,False,1.6857097309810039,-0.14317585332559601,4.0,3.0,0.8688311688311688,1586.0,,0.0,False,False,0.7,matched,,True,True,True,True,seqslam+dinov2,2025-02-28T06:25:37.476556+00:00,2024-04-13T09:13:59.279260+00:00
878,771.0,771.0,771.0,False,1.7000043674391727,-0.00020618839943642442,4.0,3.0,0.8454545454545455,1586.0,,0.0,False,False,0.7,matched,,True,True,True,True,seqslam+dinov2,2025-02-28T06:25:37.576628+00:00,2024-04-13T09:13:59.378480+00:00
879,772.0,772.0,772.0,False,1.7180721377267354,0.10298594352274382,4.0,3.0,0.825974025974026,0.0,,0.0,False,False,0.7,matched,,True,True,True,True,seqslam+dinov2,2025-02-28T06:25:37.678359+00:00,2024-04-13T09:13:59.477911+00:00
880,773.0,773.0,773.0,False,1.7652865472259294,0.2262248404640419,4.0,3.0,0.8103896103896104,0.0,,0.0,False,False,0.7,matched,,True,True,True,True,seqslam+dinov2,2025-02-28T06:25:37.774469+00:00,2024-04-13T09:13:59.578119+00:00
881,774.0,774.0,774.0,False,1.849398811692268,0.127293186926287,4.0,3.0,0.7987012987012987,0.0,,0.0,False,False,0.7,matched,,True,True,True,True,seqslam+dinov2,2025-02-28T06:25:37.874268+00:00,2024-04-13T09:13:59.678375+00:00
882,775.0,775.0,775.0,False,1.891411587196866,0.2227031653342728,4.0,3.0,0.7909090909090909,0.0,,0.0,False,False,0.7,matched,,True,True,True,True,seqslam+dinov2,2025-02-28T06:25:37.974874+00:00,2024-04-13T09:13:59.777334+00:00
883,775.0,775.0,775.0,False,1.9276648146208666,0.15918358632466667,3.0,2.0,0.787012987012987,2.0,,0.0,False,False,0.9,matched,,True,True,True,True,seqslam+dinov2,2025-02-28T06:25:38.076368+00:00,2024-04-13T09:13:59.777334+00:00
884,775.0,775.0,775.0,False,1.9577345624785674,0.3349618211858507,3.0,1.0,0.787012987012987,0.0,,0.0,False,False,0.9,matched,,True,True,True,True,seqslam+dinov2,2025-02-28T06:25:38.174805+00:00,2024-04-13T09:13:59.777334+00:00
885,775.0,775.0,775.0,False,1.9755223444200134,0.2406899482248943,3.0,1.0,0.7909090909090909,0.0,,0.0,False,False,0.9,matched,,True,True,True,True,seqslam+dinov2,2025-02-28T06:25:38.275938+00:00,2024-04-13T09:13:59.777334+00:00
886,776.0,776.0,776.0,False,2.021475348053097,0.28882778442095924,3.0,0.0,0.7987012987012987,0.0,,0.0,False,False,0.9,matched,,True,True,True,True,seqslam+dinov2,2025-02-28T06:25:38.375856+00:00,2024-04-13T09:13:59.881999+00:00
887,777.0,777.0,777.0,False,2.0394414842525492,0.38347246805074664,3.0,0.0,0.8103896103896104,0.0,,0.0,False,False,0.9,matched,,True,True,True,True,seqslam+dinov2,2025-02-28T06:25:38.474707+00:00,2024-04-13T09:13:59.977864+00:00
888,778.0,778.0,778.0,False,2.0363990338425535,0.39187831340500345,2.0,0.0,0.825974025974026,0.0,,0.0,False,False,0.9,matched,,True,True,True,True,seqslam+dinov2,2025-02-28T06:25:38.578133+00:00,2024-04-13T09:14:00.079551+00:00
889,779.0,779.0,779.0,False,2.061266964940985,0.3366614226628579,2.0,0.0,0.8454545454545455,1.0,,0.0,False,False,0.9,matched,,True,True,True,True,seqslam+dinov2,2025-02-28T06:25:38.677922+00:00,2024-04-13T09:14:00.177808+00:00
890,780.0,780.0,780.0,False,2.109122820780341,0.3400485577211263,2.0,0.0,0.8688311688311688,0.0,,0.0,False,False,0.9,matched,,True,True,True,True,seqslam+dinov2,2025-02-28T06:25:38.777511+00:00,2024-04-13T09:14:00.277890+00:00
891,781.0,781.0,781.0,False,2.125611277148634,0.7000959052539013,2.0,0.0,0.8961038961038961,0.0,,0.0,False,False,0.9,matched,,True,True,True,True,seqslam+dinov2,2025-02-28T06:25:38.875661+00:00,2024-04-13T09:14:00.379092+00:00
892,782.0,782.0,782.0,False,2.1669156427269303,0.5045860904394561,2.0,0.0,0.9272727272727272,1.0,,0.0,False,False,0.9,matched,,True,True,True,True,seqslam+dinov2,2025-02-28T06:25:38.978698+00:00,2024-04-13T09:14:00.485647+00:00
893,783.0,783.0,783.0,False,2.206039024631235,0.4950430908264505,2.0,0.0,0.9623376623376624,1.0,,0.0,False,False,0.9,matched,,True,True,True,True,seqslam+dinov2,2025-02-28T06:25:39.076051+00:00,2024-04-13T09:14:00.577727+00:00
894,784.0,784.0,784.0,False,2.219508268674997,0.7768907188561833,2.0,0.0,0.987012987012987,0.0,,0.0,False,False,0.9,matched,,True,True,True,True,seqslam+dinov2,2025-02-28T06:25:39.174370+00:00,2024-04-13T09:14:00.678402+00:00
895,785.0,785.0,785.0,False,2.2380970487103364,0.7423762911099194,2.0,0.0,1.0,0.0,,0.0,False,False,0.9,matched,,True,True,True,True,seqslam+dinov2,2025-02-28T06:25:39.278886+00:00,2024-04-13T09:14:00.777698+00:00
896,786.0,786.0,786.0,False,2.2254008611326173,0.76214381183825,2.0,0.0,1.0,1.0,,0.0,False,False,0.9,matched,,True,True,True,True,seqslam+dinov2,2025-02-28T06:25:39.375006+00:00,2024-04-13T09:14:00.878845+00:00
897,787.0,787.0,787.0,False,2.180261553066884,1.030951515622511,2.0,1.0,1.0,0.0,,0.0,False,False,0.9,matched,,True,True,True,True,seqslam+dinov2,2025-02-28T06:25:39.474442+00:00,2024-04-13T09:14:00.978238+00:00
898,788.0,788.0,788.0,False,2.1285025210304713,0.7788288957815246,2.0,1.0,1.0,1.0,,0.0,False,False,0.9,matched,,True,True,True,True,seqslam+dinov2,2025-02-28T06:25:39.575958+00:00,2024-04-13T09:14:01.077796+00:00
899,789.0,789.0,789.0,False,2.0952444649946114,0.7122649787259214,2.0,1.0,1.0,1.0,,0.0,False,False,0.9,matched,,True,True,True,True,seqslam+dinov2,2025-02-28T06:25:39.674336+00:00,2024-04-13T09:14:01.178256+00:00
900,790.0,790.0,790.0,False,2.0520154813534957,0.42946675505520115,2.0,1.0,1.0,1.0,,0.0,False,False,0.9,matched,,True,True,True,True,seqslam+dinov2,2025-02-28T06:25:39.775769+00:00,2024-04-13T09:14:01.280392+00:00
901,791.0,791.0,791.0,False,1.9678865256745743,0.10558044144236911,2.0,1.0,1.0,1.0,,0.0,False,False,0.9,matched,,True,True,True,True,seqslam+dinov2,2025-02-28T06:25:39.875203+00:00,2024-04-13T09:14:01.377710+00:00
902,792.0,792.0,792.0,False,1.891650283798625,0.257689827817956,2.0,1.0,1.0,1.0,,0.0,False,False,0.9,matched,,True,True,True,True,seqslam+dinov2,2025-02-28T06:25:39.977952+00:00,2024-04-13T09:14:01.478625+00:00
903,793.0,793.0,793.0,False,1.7739506461933099,-0.02394444884864466,2.0,1.0,1.0,1.0,,0.0,False,False,0.9,matched,,True,True,True,True,seqslam+dinov2,2025-02-28T06:25:40.074660+00:00,2024-04-13T09:14:01.578153+00:00
904,794.0,794.0,794.0,False,1.6522960434885703,0.035117137364141016,2.0,1.0,1.0,1.0,,0.0,False,False,0.9,matched,,True,True,True,True,seqslam+dinov2,2025-02-28T06:25:40.174229+00:00,2024-04-13T09:14:01.678338+00:00
905,795.0,795.0,795.0,False,1.541164586015379,0.33812384344155655,2.0,1.0,1.0,0.0,,0.0,False,False,0.9,matched,,True,True,True,True,seqslam+dinov2,2025-02-28T06:25:40.275131+00:00,2024-04-13T09:14:01.780212+00:00
906,796.0,796.0,796.0,False,1.4554961957418222,0.032336467341887776,2.0,1.0,1.0,1.0,,0.0,False,False,0.7,matched,,True,True,True,True,seqslam+dinov2,2025-02-28T06:25:40.379985+00:00,2024-04-13T09:14:01.882023+00:00
907,797.0,797.0,797.0,False,1.3888857438487177,-0.18290123130383718,2.0,1.0,1.0120481927710843,1334.0,,0.0,False,False,0.7,matched,,True,True,True,True,seqslam+dinov2,2025-02-28T06:25:40.481185+00:00,2024-04-13T09:14:01.980170+00:00
908,798.0,798.0,798.0,False,1.368210693659208,-0.27900085858974233,2.0,1.0,1.0340909090909092,873.0,,0.0,False,False,0.7,matched,,True,True,True,True,seqslam+dinov2,2025-02-28T06:25:40.579625+00:00,2024-04-13T09:14:02.080697+00:00
909,799.0,799.0,799.0,False,1.4248247271191656,-0.406297821794233,2.0,1.0,1.0556867101791416,810.0,,0.0,False,False,0.7,matched,,True,True,True,True,seqslam+dinov2,2025-02-28T06:25:40.677923+00:00,2024-04-13T09:14:02.182893+00:00
910,800.0,800.0,800.0,False,1.4595251866423398,-0.5116654176187857,2.0,1.0,1.076417004048583,770.0,,0.0,False,False,0.7,matched,,True,True,True,True,seqslam+dinov2,2025-02-28T06:25:40.775483+00:00,2024-04-13T09:14:02.281218+00:00
911,801.0,801.0,801.0,False,1.4579553263064826,-0.0713478995040111,2.0,1.0,1.095816464237517,438.0,,0.0,False,False,0.7,matched,,True,True,True,True,seqslam+dinov2,2025-02-28T06:25:40.874605+00:00,2024-04-13T09:14:02.380774+00:00
912,802.0,802.0,802.0,False,1.4881663471313822,-0.25014601890190136,2.0,1.0,1.113390092879257,39.0,,0.0,False,False,0.7,matched,,True,True,True,True,seqslam+dinov2,2025-02-28T06:25:40.975945+00:00,2024-04-13T09:14:02.483576+00:00
913,803.0,803.0,803.0,False,1.5426878002909659,0.2975444485612502,2.0,1.0,1.128637303227858,0.0,,0.0,False,False,0.9,matched,,True,True,True,True,seqslam+dinov2,2025-02-28T06:25:41.077651+00:00,2024-04-13T09:14:02.578677+00:00
914,804.0,804.0,804.0,False,1.5948754124711955,0.5160535816102172,2.0,0.0,1.1410818713450293,0.0,,0.0,False,False,0.9,matched,,True,True,True,True,seqslam+dinov2,2025-02-28T06:25:41.175449+00:00,2024-04-13T09:14:02.679343+00:00
915,805.0,805.0,805.0,False,1.686624858842481,0.27794842167992617,2.0,2.0,1.1503052301600394,0.0,,0.0,False,False,0.9,matched,,True,True,True,True,seqslam+dinov2,2025-02-28T06:25:41.274863+00:00,2024-04-13T09:14:02.782970+00:00
916,807.0,806.0,808.0,False,1.7716588420535024,-0.17678963949946724,2.0,2.0,1.155979347101932,3.0,,2.0,True,False,0.9,ambiguous_range,,True,True,True,True,seqslam+dinov2,2025-02-28T06:25:41.380441+00:00,2024-04-13T09:14:02.984568+00:00
917,809.0,809.0,809.0,False,1.840923071957282,0.03962680008421504,2.0,2.0,1.1503052301600394,0.0,,0.0,False,False,0.9,matched,,True,True,True,True,seqslam+dinov2,2025-02-28T06:25:41.481527+00:00,2024-04-13T09:14:03.182822+00:00
918,810.0,810.0,810.0,False,1.9039649011397537,0.3835919613416312,2.0,2.0,1.1410818713450293,0.0,,0.0,False,False,0.9,matched,,True,True,True,True,seqslam+dinov2,2025-02-28T06:25:41.578091+00:00,2024-04-13T09:14:03.278172+00:00
919,811.0,811.0,811.0,False,1.9378700605720125,0.09897008066971003,2.0,2.0,1.128637303227858,0.0,,0.0,False,False,0.9,matched,,True,True,True,True,seqslam+dinov2,2025-02-28T06:25:41.675925+00:00,2024-04-13T09:14:03.379756+00:00
920,812.0,812.0,812.0,False,1.931117694252989,0.56085276510293,2.0,2.0,1.113390092879257,0.0,,0.0,False,False,0.9,matched,,True,True,True,True,seqslam+dinov2,2025-02-28T06:25:41.775234+00:00,2024-04-13T09:14:03.477949+00:00
921,813.0,813.0,813.0,False,1.8616849224578926,0.3483635245817933,2.0,2.0,1.095816464237517,2.0,,0.0,False,False,0.9,matched,,True,True,True,True,seqslam+dinov2,2025-02-28T06:25:41.874355+00:00,2024-04-13T09:14:03.577822+00:00
922,814.0,814.0,814.0,False,1.8311241540830003,0.41905527340117876,2.0,2.0,1.076417004048583,0.0,,0.0,False,False,0.9,matched,,True,True,True,True,seqslam+dinov2,2025-02-28T06:25:41.974320+00:00,2024-04-13T09:14:03.684006+00:00
923,815.0,815.0,815.0,False,1.8333159011936708,0.6406517462500712,2.0,2.0,1.0414525760311066,0.0,,0.0,False,False,0.9,matched,,True,True,True,True,seqslam+dinov2,2025-02-28T06:25:42.074469+00:00,2024-04-13T09:14:03.781197+00:00
924,816.0,816.0,816.0,False,1.851106904125787,0.33938688471352707,2.0,2.0,1.0079744816586922,0.0,,0.0,False,False,0.9,matched,,True,True,True,True,seqslam+dinov2,2025-02-28T06:25:42.174730+00:00,2024-04-13T09:14:03.878655+00:00
925,817.0,817.0,817.0,False,1.8577953672433365,0.527621880346651,2.0,2.0,0.9762840837032339,0.0,,0.0,False,False,0.9,matched,,True,True,True,True,seqslam+dinov2,2025-02-28T06:25:42.274708+00:00,2024-04-13T09:14:03.984418+00:00
926,818.0,818.0,818.0,False,1.8378993303713629,-0.199279777805484,2.0,2.0,0.9558441558441558,1.0,,0.0,False,False,0.9,matched,,True,True,True,True,seqslam+dinov2,2025-02-28T06:25:42.376329+00:00,2024-04-13T09:14:04.081321+00:00
927,819.0,819.0,819.0,False,1.8388904449907484,-0.15262496909470125,3.0,2.0,0.948051948051948,2.0,,0.0,False,False,0.9,matched,,True,True,True,True,seqslam+dinov2,2025-02-28T06:25:42.475538+00:00,2024-04-13T09:14:04.184205+00:00
928,820.0,820.0,820.0,False,1.8197022231998086,0.3005319288862527,3.0,2.0,0.9415584415584416,0.0,,0.0,False,False,0.9,matched,,True,True,True,True,seqslam+dinov2,2025-02-28T06:25:42.574258+00:00,2024-04-13T09:14:04.278200+00:00
929,821.0,821.0,821.0,False,1.8205433287038084,0.6898994082445835,2.0,2.0,0.9363636363636364,0.0,,0.0,False,False,0.9,matched,,True,True,True,True,seqslam+dinov2,2025-02-28T06:25:42.675197+00:00,2024-04-13T09:14:04.377831+00:00
930,822.0,822.0,822.0,False,1.7956914546552603,0.2973551467221369,2.0,2.0,0.9324675324675324,1.0,,0.0,False,False,0.9,matched,,True,True,True,True,seqslam+dinov2,2025-02-28T06:25:42.774283+00:00,2024-04-13T09:14:04.478101+00:00
931,823.0,823.0,823.0,False,1.7976081062759286,0.2986403538638678,2.0,2.0,0.9298701298701298,0.0,,0.0,False,False,0.9,matched,,True,True,True,True,seqslam+dinov2,2025-02-28T06:25:42.875531+00:00,2024-04-13T09:14:04.579302+00:00
932,824.0,824.0,824.0,False,1.878685569015982,0.39664385693134063,2.0,2.0,0.9285714285714286,0.0,,0.0,False,False,0.9,matched,,True,True,True,True,seqslam+dinov2,2025-02-28T06:25:42.975281+00:00,2024-04-13T09:14:04.681243+00:00
933,824.0,824.0,824.0,False,1.9185138046056225,0.2956789296949507,2.0,2.0,0.9285714285714286,0.0,,0.0,False,False,0.9,matched,,True,True,True,True,seqslam+dinov2,2025-02-28T06:25:43.085551+00:00,2024-04-13T09:14:04.681243+00:00
934,825.0,825.0,825.0,False,1.938483584573149,0.5168282849038781,2.0,1.0,0.9298701298701298,0.0,,0.0,False,False,0.9,matched,,True,True,True,True,seqslam+dinov2,2025-02-28T06:25:43.181059+00:00,2024-04-13T09:14:04.778572+00:00
935,826.0,826.0,826.0,False,1.917494788918134,0.34510904995538394,2.0,0.0,0.9324675324675324,1.0,,0.0,False,False,0.9,matched,,True,True,True,True,seqslam+dinov2,2025-02-28T06:25:43.277910+00:00,2024-04-13T09:14:04.878343+00:00
936,827.0,827.0,827.0,False,1.946677604066461,0.630429005765683,2.0,0.0,0.9363636363636364,0.0,,0.0,False,False,0.9,matched,,True,True,True,True,seqslam+dinov2,2025-02-28T06:25:43.377750+00:00,2024-04-13T09:14:04.977851+00:00
937,828.0,828.0,828.0,False,1.9889176765924004,0.732751182819799,2.0,0.0,0.9415584415584416,0.0,,0.0,False,False,0.9,matched,,True,True,True,True,seqslam+dinov2,2025-02-28T06:25:43.480817+00:00,2024-04-13T09:14:05.078042+00:00
938,829.0,829.0,829.0,False,1.9879031321572413,0.06458980620230692,2.0,0.0,0.948051948051948,1.0,,0.0,False,False,0.9,matched,,True,True,True,True,seqslam+dinov2,2025-02-28T06:25:43.578761+00:00,2024-04-13T09:14:05.177819+00:00
939,830.0,830.0,830.0,False,1.9981295095895768,0.2501984959942303,2.0,0.0,0.9558441558441558,0.0,,0.0,False,False,0.9,matched,,True,True,True,True,seqslam+dinov2,2025-02-28T06:25:43.675704+00:00,2024-04-13T09:14:05.282874+00:00
940,831.0,831.0,831.0,False,1.9852653918014682,0.23908036677819133,2.0,0.0,0.964935064935065,1.0,,0.0,False,False,0.9,matched,,True,True,True,True,seqslam+dinov2,2025-02-28T06:25:43.776156+00:00,2024-04-13T09:14:05.381793+00:00
941,832.0,832.0,832.0,False,2.0043271373779588,0.37669207233803936,2.0,0.0,0.9753246753246754,0.0,,0.0,False,False,0.9,matched,,True,True,True,True,seqslam+dinov2,2025-02-28T06:25:43.877920+00:00,2024-04-13T09:14:05.480705+00:00
942,833.0,833.0,833.0,False,2.0169417744632425,0.924549003220676,1.0,0.0,0.987012987012987,1.0,,0.0,False,False,0.9,matched,,True,True,True,True,seqslam+dinov2,2025-02-28T06:25:43.983782+00:00,2024-04-13T09:14:05.581839+00:00
943,834.0,834.0,834.0,False,2.0216272145234453,0.43221297776918943,1.0,0.0,1.0,1.0,,0.0,False,False,0.9,matched,,True,True,True,True,seqslam+dinov2,2025-02-28T06:25:44.075469+00:00,2024-04-13T09:14:05.684069+00:00
944,835.0,835.0,835.0,False,2.0481845654732838,0.5543970012966211,1.0,0.0,1.0120481927710843,0.0,,0.0,False,False,0.9,matched,,True,True,True,True,seqslam+dinov2,2025-02-28T06:25:44.175468+00:00,2024-04-13T09:14:05.778773+00:00
945,836.0,836.0,836.0,False,2.0472292561993686,0.21546153961884196,1.0,0.0,1.0234263465282283,2.0,,0.0,False,False,0.9,matched,,True,True,True,True,seqslam+dinov2,2025-02-28T06:25:44.274980+00:00,2024-04-13T09:14:05.880118+00:00
946,837.0,837.0,837.0,False,2.055734452820729,0.4456873840523121,1.0,0.0,1.0339960238568588,1.0,,0.0,False,False,0.9,matched,,True,True,True,True,seqslam+dinov2,2025-02-28T06:25:44.374928+00:00,2024-04-13T09:14:05.977428+00:00
947,838.0,838.0,838.0,False,2.0304471975044076,0.40524687808293725,1.0,0.0,1.0436191762322755,0.0,,0.0,False,False,0.9,matched,,True,True,True,True,seqslam+dinov2,2025-02-28T06:25:44.477933+00:00,2024-04-13T09:14:06.077533+00:00
948,839.0,839.0,839.0,False,2.049556559354848,0.5453846124349055,2.0,0.0,1.064638783269962,2.0,,0.0,False,False,0.9,matched,,True,True,True,True,seqslam+dinov2,2025-02-28T06:25:44.574394+00:00,2024-04-13T09:14:06.182145+00:00
949,840.0,840.0,840.0,False,2.1152334125458405,0.5916867421949383,2.0,0.0,1.084564740307242,2.0,,0.0,False,False,0.9,matched,,True,True,True,True,seqslam+dinov2,2025-02-28T06:25:44.674441+00:00,2024-04-13T09:14:06.281429+00:00
950,841.0,841.0,841.0,False,2.157587791209204,0.6189238152553218,2.0,0.0,1.1029211442409566,0.0,,0.0,False,False,0.9,matched,,True,True,True,True,seqslam+dinov2,2025-02-28T06:25:44.775366+00:00,2024-04-13T09:14:06.381210+00:00
951,842.0,842.0,842.0,False,2.1951429860125895,0.4224906656238585,2.0,0.0,1.1192145862552596,3.0,,0.0,False,False,0.9,matched,,True,True,True,True,seqslam+dinov2,2025-02-28T06:25:44.874640+00:00,2024-04-13T09:14:06.478100+00:00
952,843.0,843.0,843.0,False,2.2098328557260936,0.1694710399651178,2.0,0.0,1.1329608938547484,2.0,,0.0,False,False,0.9,matched,,True,True,True,True,seqslam+dinov2,2025-02-28T06:25:44.974697+00:00,2024-04-13T09:14:06.586996+00:00
953,845.0,844.0,845.0,False,2.1816917401036595,0.8996426935279831,2.0,1.0,1.151111111111111,0.0,,1.0,True,False,0.9,ambiguous_range,,True,True,True,True,seqslam+dinov2,2025-02-28T06:25:45.074677+00:00,2024-04-13T09:14:06.777668+00:00
954,846.0,846.0,846.0,False,2.21217144080226,0.9039082885186505,2.0,1.0,1.1548782507868147,0.0,,0.0,False,False,0.9,matched,,True,True,True,True,seqslam+dinov2,2025-02-28T06:25:45.181869+00:00,2024-04-13T09:14:06.880968+00:00
955,847.0,847.0,847.0,False,2.2436465265361223,1.058828756916251,1.0,2.0,1.1548782507868147,1.0,,0.0,False,False,0.9,matched,,True,True,True,True,seqslam+dinov2,2025-02-28T06:25:45.278375+00:00,2024-04-13T09:14:06.979584+00:00
956,848.0,848.0,849.0,False,2.248153061222125,0.8585579685829778,1.0,2.0,1.1779252110977079,1.0,,1.0,True,False,0.9,ambiguous_range,,True,True,True,True,seqslam+dinov2,2025-02-28T06:25:45.376669+00:00,2024-04-13T09:14:07.081720+00:00
957,850.0,850.0,850.0,False,2.261843724784109,0.7544423966314857,1.0,2.0,1.1816368996011792,0.0,,0.0,False,False,0.9,matched,,True,True,True,True,seqslam+dinov2,2025-02-28T06:25:45.479279+00:00,2024-04-13T09:14:07.277874+00:00
958,851.0,851.0,851.0,False,2.2724239695167388,0.4903586507283346,1.0,2.0,1.1797752808988764,1.0,,0.0,False,False,0.9,matched,,True,True,True,True,seqslam+dinov2,2025-02-28T06:25:45.575628+00:00,2024-04-13T09:14:07.377774+00:00
959,852.0,852.0,852.0,False,2.2222898953114867,0.8499492322911939,1.0,2.0,1.1724432303226906,0.0,,0.0,False,False,0.9,matched,,True,True,True,True,seqslam+dinov2,2025-02-28T06:25:45.675824+00:00,2024-04-13T09:14:07.478010+00:00
960,853.0,853.0,853.0,False,2.2061381523525516,0.9247720539655497,2.0,1.0,1.1600367708507437,0.0,,0.0,False,False,0.9,matched,,True,True,True,True,seqslam+dinov2,2025-02-28T06:25:45.775078+00:00,2024-04-13T09:14:07.583492+00:00
961,854.0,854.0,854.0,False,2.1969563607442253,0.49516063386719167,2.0,1.0,1.1431932500405646,1.0,,0.0,False,False,0.9,matched,,True,True,True,True,seqslam+dinov2,2025-02-28T06:25:45.875037+00:00,2024-04-13T09:14:07.678546+00:00
962,855.0,855.0,855.0,False,2.1920082531442526,0.547878114837204,2.0,1.0,1.1227137720806628,0.0,,0.0,False,False,0.9,matched,,True,True,True,True,seqslam+dinov2,2025-02-28T06:25:45.979453+00:00,2024-04-13T09:14:07.780022+00:00
963,856.0,856.0,856.0,False,2.143377052458026,0.2594614820670771,2.0,1.0,1.1143715341959335,0.0,,0.0,False,False,0.9,matched,,True,True,True,True,seqslam+dinov2,2025-02-28T06:25:46.076735+00:00,2024-04-13T09:14:07.884560+00:00
964,857.0,857.0,858.0,False,2.1404333700264546,0.39747202382569924,1.0,1.0,1.0892436727486758,1.0,,1.0,True,False,0.9,ambiguous_range,,True,True,True,True,seqslam+dinov2,2025-02-28T06:25:46.180603+00:00,2024-04-13T09:14:07.978095+00:00
965,859.0,859.0,859.0,False,2.1046685349694454,0.6244202154018677,1.0,1.0,1.0732334047109209,0.0,,0.0,False,False,0.9,matched,,True,True,True,True,seqslam+dinov2,2025-02-28T06:25:46.275929+00:00,2024-04-13T09:14:08.183279+00:00
966,860.0,860.0,860.0,False,2.0647686004164476,1.0284583769794835,2.0,1.0,1.0701206529453513,0.0,,0.0,False,False,0.9,matched,,True,True,True,True,seqslam+dinov2,2025-02-28T06:25:46.374598+00:00,2024-04-13T09:14:08.280832+00:00
967,861.0,861.0,861.0,False,2.0337448759912964,0.6292611710983342,2.0,2.0,1.0655172413793101,0.0,,0.0,False,False,0.9,matched,,True,True,True,True,seqslam+dinov2,2025-02-28T06:25:46.475824+00:00,2024-04-13T09:14:08.379705+00:00
968,862.0,862.0,862.0,False,1.9860228449171118,-0.25238822501764524,2.0,2.0,1.059498956158664,1.0,,0.0,False,False,0.9,matched,,True,True,True,True,seqslam+dinov2,2025-02-28T06:25:46.575696+00:00,2024-04-13T09:14:08.482136+00:00
969,863.0,863.0,863.0,False,1.9521254075873216,0.29690978317733885,2.0,2.0,1.0521619766643788,1.0,,0.0,False,False,0.9,matched,,True,True,True,True,seqslam+dinov2,2025-02-28T06:25:46.674663+00:00,2024-04-13T09:14:08.579140+00:00
970,864.0,864.0,864.0,False,1.9444257651482255,0.5478854546372762,2.0,2.0,1.0436191762322753,0.0,,0.0,False,False,0.9,matched,,True,True,True,True,seqslam+dinov2,2025-02-28T06:25:46.777004+00:00,2024-04-13T09:14:08.682190+00:00
971,865.0,865.0,865.0,False,1.8843310470828927,0.6199834152268682,2.0,2.0,1.0474278715296679,0.0,,0.0,False,False,0.9,matched,,True,True,True,True,seqslam+dinov2,2025-02-28T06:25:46.880323+00:00,2024-04-13T09:14:08.777993+00:00
972,866.0,866.0,866.0,False,1.8503833970509456,0.47279119132629477,3.0,2.0,1.0487106017191976,1.0,,0.0,False,False,0.9,matched,,True,True,True,True,seqslam+dinov2,2025-02-28T06:25:46.974166+00:00,2024-04-13T09:14:08.883039+00:00
973,867.0,867.0,867.0,False,1.840709360973526,0.33659086995803933,3.0,2.0,1.0474278715296679,2.0,,0.0,False,False,0.9,matched,,True,True,True,True,seqslam+dinov2,2025-02-28T06:25:47.077069+00:00,2024-04-13T09:14:08.978118+00:00
974,868.0,868.0,868.0,False,1.8958856537331423,0.09774288617006488,3.0,2.0,1.0436191762322755,1.0,,0.0,False,False,0.9,matched,,True,True,True,True,seqslam+dinov2,2025-02-28T06:25:47.174736+00:00,2024-04-13T09:14:09.077925+00:00
975,869.0,869.0,869.0,False,1.8943582528092386,0.4098300597928315,2.0,1.0,1.0521619766643788,1.0,,0.0,False,False,0.9,matched,,True,True,True,True,seqslam+dinov2,2025-02-28T06:25:47.281795+00:00,2024-04-13T09:14:09.181842+00:00
976,870.0,870.0,870.0,False,1.8867647191816417,0.09148748803185769,2.0,1.0,1.059498956158664,2.0,,0.0,False,False,0.9,matched,,True,True,True,True,seqslam+dinov2,2025-02-28T06:25:47.375186+00:00,2024-04-13T09:14:09.281072+00:00
977,871.0,871.0,871.0,False,1.8645754212506622,0.5470159574015718,2.0,1.0,1.0655172413793101,2.0,,0.0,False,False,0.9,matched,,True,True,True,True,seqslam+dinov2,2025-02-28T06:25:47.478663+00:00,2024-04-13T09:14:09.379215+00:00
978,872.0,872.0,872.0,False,1.8509169937701357,0.31931802948518295,2.0,1.0,1.0701206529453513,0.0,,0.0,False,False,0.9,matched,,True,True,True,True,seqslam+dinov2,2025-02-28T06:25:47.578796+00:00,2024-04-13T09:14:09.479431+00:00
979,873.0,873.0,873.0,False,1.863385292114527,0.6337217642488904,2.0,1.0,1.0732334047109209,0.0,,0.0,False,False,0.9,matched,,True,True,True,True,seqslam+dinov2,2025-02-28T06:25:47.675400+00:00,2024-04-13T09:14:09.578793+00:00
980,874.0,874.0,875.0,False,1.8936852079227329,0.4595110239782314,1.0,1.0,1.089403973509934,1.0,,1.0,True,False,0.9,ambiguous_range,,True,True,True,True,seqslam+dinov2,2025-02-28T06:25:47.774356+00:00,2024-04-13T09:14:09.679864+00:00
981,876.0,876.0,876.0,False,1.8859760497657303,0.6063619324126899,1.0,1.0,1.1016859852476288,0.0,,0.0,False,False,0.9,matched,,True,True,True,True,seqslam+dinov2,2025-02-28T06:25:47.875723+00:00,2024-04-13T09:14:09.878517+00:00
982,877.0,877.0,877.0,False,1.8868148079178995,0.31525847024641784,1.0,1.0,1.1112727829682951,0.0,,0.0,False,False,0.9,matched,,True,True,True,True,seqslam+dinov2,2025-02-28T06:25:47.975079+00:00,2024-04-13T09:14:09.979134+00:00
983,878.0,878.0,878.0,False,1.8555714085412058,0.03428211357619659,1.0,1.0,1.1178521617852162,2.0,,0.0,False,False,0.9,matched,,True,True,True,True,seqslam+dinov2,2025-02-28T06:25:48.076488+00:00,2024-04-13T09:14:10.081859+00:00
984,879.0,879.0,879.0,False,1.849541105144735,0.43418861589749125,2.0,0.0,1.1212003117692908,1.0,,0.0,False,False,0.9,matched,,True,True,True,True,seqslam+dinov2,2025-02-28T06:25:48.176756+00:00,2024-04-13T09:14:10.182667+00:00
985,880.0,880.0,880.0,False,1.831087297892595,0.45061890840307606,2.0,0.0,1.1212003117692908,0.0,,0.0,False,False,0.9,matched,,True,True,True,True,seqslam+dinov2,2025-02-28T06:25:48.274870+00:00,2024-04-13T09:14:10.278006+00:00
986,881.0,881.0,881.0,False,1.8538693546407343,0.21654006054065844,2.0,0.0,1.117852161785216,0.0,,0.0,False,False,0.9,matched,,True,True,True,True,seqslam+dinov2,2025-02-28T06:25:48.374636+00:00,2024-04-13T09:14:10.382195+00:00
987,882.0,882.0,882.0,False,1.8697471525297418,0.425075635282673,2.0,0.0,1.126950354609929,0.0,,0.0,False,False,0.9,matched,,True,True,True,True,seqslam+dinov2,2025-02-28T06:25:48.479545+00:00,2024-04-13T09:14:10.478738+00:00
988,883.0,883.0,883.0,False,1.8781838063472966,-0.1476047941985379,2.0,0.0,1.1316165951359085,2.0,,0.0,False,False,0.9,matched,,True,True,True,True,seqslam+dinov2,2025-02-28T06:25:48.574629+00:00,2024-04-13T09:14:10.577480+00:00
989,885.0,884.0,885.0,False,1.90757519393195,0.5946106810157241,2.0,1.0,1.126950354609929,0.0,,1.0,True,False,0.9,ambiguous_range,,True,True,True,True,seqslam+dinov2,2025-02-28T06:25:48.678733+00:00,2024-04-13T09:14:10.778513+00:00
990,886.0,886.0,886.0,False,1.9127111997560646,0.6259259991717281,1.0,0.0,1.1356799999999998,1.0,,0.0,False,False,0.9,matched,,True,True,True,True,seqslam+dinov2,2025-02-28T06:25:48.777420+00:00,2024-04-13T09:14:10.881069+00:00
991,887.0,887.0,887.0,False,1.9048674334238704,0.5771924885853008,1.0,0.0,1.1410463426449216,0.0,,0.0,False,False,0.9,matched,,True,True,True,True,seqslam+dinov2,2025-02-28T06:25:48.875585+00:00,2024-04-13T09:14:10.978532+00:00
992,888.0,888.0,888.0,False,1.878583164299734,0.6267639091944639,2.0,0.0,1.159466221851543,0.0,,0.0,False,False,0.9,matched,,True,True,True,True,seqslam+dinov2,2025-02-28T06:25:48.974751+00:00,2024-04-13T09:14:11.078859+00:00
993,889.0,889.0,889.0,False,1.8658821191732173,0.49515082570277413,2.0,0.0,1.1736455306785163,2.0,,0.0,False,False,0.9,matched,,True,True,True,True,seqslam+dinov2,2025-02-28T06:25:49.081402+00:00,2024-04-13T09:14:11.178845+00:00
994,890.0,890.0,890.0,False,1.8624138985036764,0.5745868325156169,2.0,0.0,1.1828675577156742,0.0,,0.0,False,False,0.9,matched,,True,True,True,True,seqslam+dinov2,2025-02-28T06:25:49.179163+00:00,2024-04-13T09:14:11.280036+00:00
995,891.0,891.0,892.0,False,1.819339639411612,0.35429467226307887,2.0,0.0,1.218317653569452,1.0,,1.0,True,False,0.9,ambiguous_range,,True,True,True,True,seqslam+dinov2,2025-02-28T06:25:49.274708+00:00,2024-04-13T09:14:11.383494+00:00
996,893.0,893.0,893.0,False,1.7565668771520322,0.23714525977710377,2.0,1.0,1.2259480665047635,0.0,,0.0,False,False,0.9,matched,,True,True,True,True,seqslam+dinov2,2025-02-28T06:25:49.374559+00:00,2024-04-13T09:14:11.582149+00:00
997,894.0,894.0,894.0,False,1.7044341562937646,-0.17261391371244494,3.0,1.0,1.2259480665047635,1.0,,0.0,False,False,0.9,matched,,True,True,True,True,seqslam+dinov2,2025-02-28T06:25:49.478350+00:00,2024-04-13T09:14:11.684519+00:00
998,895.0,895.0,895.0,False,1.6523146736566545,-0.09384332913399462,2.0,1.0,1.218317653569452,1019.0,,0.0,False,False,0.9,matched,,True,True,True,True,seqslam+dinov2,2025-02-28T06:25:49.574929+00:00,2024-04-13T09:14:11.781910+00:00
999,896.0,896.0,896.0,False,1.6242293627741207,0.11523271079406716,2.0,1.0,1.2247065399664616,0.0,,0.0,False,False,0.9,matched,,True,True,True,True,seqslam+dinov2,2025-02-28T06:25:49.674802+00:00,2024-04-13T09:14:11.886059+00:00
1000,898.0,897.0,898.0,False,1.5826912626984126,-0.06267574027211342,2.0,2.0,1.218317653569452,791.0,,1.0,True,False,0.9,ambiguous_range,,True,True,True,True,seqslam+dinov2,2025-02-28T06:25:49.775182+00:00,2024-04-13T09:14:12.078230+00:00
1001,899.0,899.0,899.0,False,1.5538186979206416,-0.26454180134176175,2.0,1.0,1.2259480665047635,278.0,,0.0,False,False,0.9,matched,,True,True,True,True,seqslam+dinov2,2025-02-28T06:25:49.878548+00:00,2024-04-13T09:14:12.193019+00:00
1002,900.0,900.0,901.0,False,1.5022713292359517,0.10808701320001446,2.0,2.0,1.218317653569452,1.0,,1.0,True,False,0.9,ambiguous_range,,True,True,True,True,seqslam+dinov2,2025-02-28T06:25:49.975382+00:00,2024-04-13T09:14:12.280178+00:00
1003,902.0,902.0,902.0,False,1.527481427665451,0.038639182286990925,2.0,2.0,1.2036170595645133,0.0,,0.0,False,False,0.9,matched,,True,True,True,True,seqslam+dinov2,2025-02-28T06:25:50.075382+00:00,2024-04-13T09:14:12.478743+00:00
1004,903.0,903.0,903.0,False,1.5230978733875828,-0.08623389952694493,2.0,2.0,1.2016143497757847,461.0,,0.0,False,False,0.9,matched,,True,True,True,True,seqslam+dinov2,2025-02-28T06:25:50.180015+00:00,2024-04-13T09:14:12.579578+00:00
1005,904.0,904.0,904.0,False,1.5039513750648306,-0.03246997769377513,2.0,2.0,1.1937311846998406,461.0,,0.0,False,False,0.9,matched,,True,True,True,True,seqslam+dinov2,2025-02-28T06:25:50.277637+00:00,2024-04-13T09:14:12.679683+00:00
1006,905.0,905.0,905.0,False,1.4909461854205164,-0.0405619370592345,2.0,1.0,1.1989814152966405,788.0,,0.0,False,False,0.7,matched,,True,True,True,True,seqslam+dinov2,2025-02-28T06:25:50.376933+00:00,2024-04-13T09:14:12.778608+00:00
1007,906.0,906.0,906.0,False,1.5174474865588599,-0.36151036404990866,1.0,1.0,1.1972207375734902,461.0,,0.0,False,False,0.9,matched,,True,True,True,True,seqslam+dinov2,2025-02-28T06:25:50.475243+00:00,2024-04-13T09:14:12.878736+00:00
1008,907.0,907.0,907.0,False,1.5390787684273022,0.2311654499936624,1.0,1.0,1.1885749385749385,0.0,,0.0,False,False,0.9,matched,,True,True,True,True,seqslam+dinov2,2025-02-28T06:25:50.580146+00:00,2024-04-13T09:14:12.980697+00:00
1009,908.0,908.0,909.0,False,1.5320954358833796,0.17289579912315878,2.0,2.0,1.1700356718192626,1.0,,1.0,True,False,0.9,ambiguous_range,,True,True,True,True,seqslam+dinov2,2025-02-28T06:25:50.680095+00:00,2024-04-13T09:14:13.077472+00:00
1010,910.0,910.0,910.0,False,1.5466319241845297,0.11026928370713707,2.0,2.0,1.1612012715409068,1.0,,0.0,False,False,0.9,matched,,True,True,True,True,seqslam+dinov2,2025-02-28T06:25:50.779319+00:00,2024-04-13T09:14:13.281905+00:00
1011,911.0,911.0,911.0,False,1.5494990049641304,-0.049736109671846274,2.0,2.0,1.1476066002287209,469.0,,0.0,False,False,0.9,matched,,True,True,True,True,seqslam+dinov2,2025-02-28T06:25:50.874758+00:00,2024-04-13T09:14:13.378149+00:00
1012,912.0,912.0,912.0,False,1.546081194898762,0.25214389474906307,2.0,2.0,1.1476066002287209,0.0,,0.0,False,False,0.9,matched,,True,True,True,True,seqslam+dinov2,2025-02-28T06:25:50.979831+00:00,2024-04-13T09:14:13.482630+00:00
1013,913.0,913.0,913.0,False,1.5775111436444353,0.17593024672898538,2.0,2.0,1.1439357038480271,0.0,,0.0,False,False,0.9,matched,,True,True,True,True,seqslam+dinov2,2025-02-28T06:25:51.080287+00:00,2024-04-13T09:14:13.577401+00:00
1014,914.0,914.0,915.0,False,1.5781210189577215,0.06046346309789774,3.0,3.0,1.1262403528114662,1.0,,1.0,True,False,0.9,ambiguous_range,,True,True,True,True,seqslam+dinov2,2025-02-28T06:25:51.178657+00:00,2024-04-13T09:14:13.677937+00:00
1015,916.0,916.0,916.0,False,1.6116320910935047,0.18894250580470318,3.0,3.0,1.1128287955699123,3.0,,0.0,False,False,0.9,matched,,True,True,True,True,seqslam+dinov2,2025-02-28T06:25:51.275871+00:00,2024-04-13T09:14:13.878216+00:00
1016,917.0,917.0,917.0,False,1.6643082160986937,-0.028827714965294682,3.0,2.0,1.0969212374831865,754.0,,0.0,False,False,0.9,matched,,True,True,True,True,seqslam+dinov2,2025-02-28T06:25:51.374150+00:00,2024-04-13T09:14:13.977835+00:00
1017,918.0,918.0,918.0,False,1.7199332425623017,-0.08905542230950858,3.0,2.0,1.0789854025148142,83.0,,0.0,False,False,0.9,matched,,True,True,True,True,seqslam+dinov2,2025-02-28T06:25:51.475687+00:00,2024-04-13T09:14:14.077322+00:00
1018,919.0,919.0,919.0,False,1.7500698317114702,0.15276112865778568,2.0,2.0,1.059498956158664,0.0,,0.0,False,False,0.9,matched,,True,True,True,True,seqslam+dinov2,2025-02-28T06:25:51.577044+00:00,2024-04-13T09:14:14.179664+00:00
1019,920.0,920.0,920.0,False,1.7739400904184677,0.21851569339680776,2.0,2.0,1.0521619766643788,2.0,,0.0,False,False,0.9,matched,,True,True,True,True,seqslam+dinov2,2025-02-28T06:25:51.675580+00:00,2024-04-13T09:14:14.278163+00:00
1020,921.0,921.0,921.0,False,1.8114096365059178,0.43661058482640613,2.0,2.0,1.0436191762322753,0.0,,0.0,False,False,0.9,matched,,True,True,True,True,seqslam+dinov2,2025-02-28T06:25:51.777117+00:00,2024-04-13T09:14:14.377872+00:00
1021,922.0,922.0,922.0,False,1.8402902491825897,0.46134220406130355,2.0,2.0,1.0339960238568588,0.0,,0.0,False,False,0.9,matched,,True,True,True,True,seqslam+dinov2,2025-02-28T06:25:51.874429+00:00,2024-04-13T09:14:14.482746+00:00
1022,923.0,923.0,923.0,False,1.8732188504092768,0.5575265719978129,2.0,2.0,1.0234263465282283,2.0,,0.0,False,False,0.9,matched,,True,True,True,True,seqslam+dinov2,2025-02-28T06:25:51.975302+00:00,2024-04-13T09:14:14.581706+00:00
1023,924.0,924.0,924.0,False,1.9251349009320082,0.5179761443013837,2.0,2.0,1.0120481927710843,0.0,,0.0,False,False,0.9,matched,,True,True,True,True,seqslam+dinov2,2025-02-28T06:25:52.079027+00:00,2024-04-13T09:14:14.681341+00:00
1024,925.0,925.0,925.0,False,1.9166804714238834,0.5874860519038223,2.0,1.0,1.0,0.0,,0.0,False,False,0.9,matched,,True,True,True,True,seqslam+dinov2,2025-02-28T06:25:52.180443+00:00,2024-04-13T09:14:14.778020+00:00
1025,926.0,926.0,926.0,False,1.9470641646562974,0.5430143505229141,2.0,1.0,1.0,0.0,,0.0,False,False,0.9,matched,,True,True,True,True,seqslam+dinov2,2025-02-28T06:25:52.275680+00:00,2024-04-13T09:14:14.878992+00:00
1026,927.0,927.0,927.0,False,1.951582622875006,0.49610178780114955,1.0,1.0,1.0,0.0,,0.0,False,False,0.9,matched,,True,True,True,True,seqslam+dinov2,2025-02-28T06:25:52.374597+00:00,2024-04-13T09:14:14.980564+00:00
1027,928.0,928.0,928.0,False,1.9578263242376317,0.06421172285438459,1.0,1.0,1.0,0.0,,0.0,False,False,0.9,matched,,True,True,True,True,seqslam+dinov2,2025-02-28T06:25:52.474514+00:00,2024-04-13T09:14:15.077869+00:00
1028,929.0,929.0,929.0,False,1.9661808731332078,0.6347820061444209,2.0,1.0,1.0,0.0,,0.0,False,False,0.9,matched,,True,True,True,True,seqslam+dinov2,2025-02-28T06:25:52.574757+00:00,2024-04-13T09:14:15.181293+00:00
1029,930.0,930.0,930.0,False,2.0044166297944606,0.0537997246506734,2.0,1.0,1.0,1.0,,0.0,False,False,0.9,matched,,True,True,True,True,seqslam+dinov2,2025-02-28T06:25:52.676066+00:00,2024-04-13T09:14:15.288397+00:00
1030,931.0,931.0,931.0,False,2.03289393539318,0.34862902718594535,2.0,1.0,1.0,0.0,,0.0,False,False,0.9,matched,,True,True,True,True,seqslam+dinov2,2025-02-28T06:25:52.774507+00:00,2024-04-13T09:14:15.378028+00:00
1031,932.0,932.0,932.0,False,2.064500007842217,0.5047391133917263,2.0,1.0,1.0,1.0,,0.0,False,False,0.9,matched,,True,True,True,True,seqslam+dinov2,2025-02-28T06:25:52.876320+00:00,2024-04-13T09:14:15.477908+00:00
1032,933.0,933.0,933.0,False,2.0654742949491602,0.43088785357469117,2.0,1.0,1.0,1.0,,0.0,False,False,0.9,matched,,True,True,True,True,seqslam+dinov2,2025-02-28T06:25:52.977741+00:00,2024-04-13T09:14:15.578194+00:00
1033,934.0,934.0,934.0,False,2.0894301532580943,0.4302348351552565,2.0,1.0,1.0,1.0,,0.0,False,False,0.9,matched,,True,True,True,True,seqslam+dinov2,2025-02-28T06:25:53.077778+00:00,2024-04-13T09:14:15.680041+00:00
1034,935.0,935.0,935.0,False,2.081449257391249,0.45987527725969435,2.0,1.0,1.0,0.0,,0.0,False,False,0.9,matched,,True,True,True,True,seqslam+dinov2,2025-02-28T06:25:53.174273+00:00,2024-04-13T09:14:15.780818+00:00
1035,936.0,936.0,936.0,False,2.131599834312891,0.9897249360317242,2.0,1.0,1.0120481927710843,0.0,,0.0,False,False,0.9,matched,,True,True,True,True,seqslam+dinov2,2025-02-28T06:25:53.281782+00:00,2024-04-13T09:14:15.878169+00:00
1036,937.0,937.0,937.0,False,2.104337573268611,0.8030391829774319,2.0,2.0,1.0234263465282283,1.0,,0.0,False,False,0.9,matched,,True,True,True,True,seqslam+dinov2,2025-02-28T06:25:53.375214+00:00,2024-04-13T09:14:15.977591+00:00
1037,938.0,938.0,938.0,False,2.1177766464856855,0.5378509263074838,2.0,2.0,1.0339960238568588,1.0,,0.0,False,False,0.9,matched,,True,True,True,True,seqslam+dinov2,2025-02-28T06:25:53.474382+00:00,2024-04-13T09:14:16.080204+00:00
1038,939.0,939.0,939.0,False,2.147738092849453,0.8019877720142015,2.0,2.0,1.0436191762322755,0.0,,0.0,False,False,0.9,matched,,True,True,True,True,seqslam+dinov2,2025-02-28T06:25:53.576849+00:00,2024-04-13T09:14:16.178880+00:00
1039,940.0,940.0,940.0,False,2.1381388372148113,0.39346446331537654,1.0,2.0,1.0521619766643788,1.0,,0.0,False,False,0.9,matched,,True,True,True,True,seqslam+dinov2,2025-02-28T06:25:53.676275+00:00,2024-04-13T09:14:16.284446+00:00
1040,941.0,941.0,941.0,False,2.086760292030558,0.5836266496162903,1.0,2.0,1.0594989561586639,0.0,,0.0,False,False,0.9,matched,,True,True,True,True,seqslam+dinov2,2025-02-28T06:25:53.774068+00:00,2024-04-13T09:14:16.379161+00:00
1041,942.0,942.0,942.0,False,2.0206201924972107,0.3825062711416962,1.0,2.0,1.0655172413793101,1.0,,0.0,False,False,0.9,matched,,True,True,True,True,seqslam+dinov2,2025-02-28T06:25:53.876137+00:00,2024-04-13T09:14:16.479615+00:00
1042,943.0,943.0,943.0,False,1.9731119766279084,0.6069733383870028,1.0,2.0,1.070120652945351,0.0,,0.0,False,False,0.9,matched,,True,True,True,True,seqslam+dinov2,2025-02-28T06:25:53.975106+00:00,2024-04-13T09:14:16.581878+00:00
1043,944.0,944.0,944.0,False,1.9422417266413161,1.0005295712764348,1.0,2.0,1.0732334047109209,0.0,,0.0,False,False,0.9,matched,,True,True,True,True,seqslam+dinov2,2025-02-28T06:25:54.074348+00:00,2024-04-13T09:14:16.681830+00:00
1044,945.0,945.0,946.0,False,1.8974275159852416,0.5856895190968006,1.0,2.0,1.089403973509934,1.0,,1.0,True,False,0.9,ambiguous_range,,True,True,True,True,seqslam+dinov2,2025-02-28T06:25:54.174834+00:00,2024-04-13T09:14:16.782596+00:00
1045,947.0,947.0,947.0,False,1.8823826445860812,0.34812638849643696,1.0,2.0,1.1016859852476288,1.0,,0.0,False,False,0.9,matched,,True,True,True,True,seqslam+dinov2,2025-02-28T06:25:54.277247+00:00,2024-04-13T09:14:16.977918+00:00
1046,948.0,948.0,948.0,False,1.8301625520701454,0.16827394017367947,2.0,2.0,1.1112727829682951,2.0,,0.0,False,False,0.9,matched,,True,True,True,True,seqslam+dinov2,2025-02-28T06:25:54.374831+00:00,2024-04-13T09:14:17.077863+00:00
1047,949.0,949.0,949.0,False,1.8166536818466852,0.3162728418696048,2.0,2.0,1.1178521617852162,1.0,,0.0,False,False,0.9,matched,,True,True,True,True,seqslam+dinov2,2025-02-28T06:25:54.476523+00:00,2024-04-13T09:14:17.179476+00:00
1048,950.0,950.0,950.0,False,1.7853964117219931,0.3570500354585753,2.0,2.0,1.1212003117692908,0.0,,0.0,False,False,0.9,matched,,True,True,True,True,seqslam+dinov2,2025-02-28T06:25:54.575464+00:00,2024-04-13T09:14:17.278798+00:00
1049,951.0,951.0,951.0,False,1.7092659564171624,0.3087751123803557,2.0,2.0,1.1212003117692908,1.0,,0.0,False,False,0.9,matched,,True,True,True,True,seqslam+dinov2,2025-02-28T06:25:54.676849+00:00,2024-04-13T09:14:17.383194+00:00
1050,952.0,952.0,952.0,False,1.672991154674177,0.5179759710729974,2.0,2.0,1.117852161785216,0.0,,0.0,False,False,0.9,matched,,True,True,True,True,seqslam+dinov2,2025-02-28T06:25:54.775022+00:00,2024-04-13T09:14:17.478361+00:00
1051,953.0,953.0,953.0,False,1.6428156601991155,-0.064275162701255,2.0,3.0,1.1112727829682951,1.0,,0.0,False,False,0.9,matched,,True,True,True,True,seqslam+dinov2,2025-02-28T06:25:54.874571+00:00,2024-04-13T09:14:17.578764+00:00
1052,954.0,954.0,954.0,False,1.6473713170927657,0.38682221254917937,2.0,3.0,1.1016859852476288,1.0,,0.0,False,False,0.9,matched,,True,True,True,True,seqslam+dinov2,2025-02-28T06:25:54.974529+00:00,2024-04-13T09:14:17.677903+00:00
1053,956.0,955.0,956.0,False,1.627311983360733,0.5181721921029332,2.0,3.0,1.0748031496062993,0.0,,1.0,True,False,0.9,ambiguous_range,,True,True,True,True,seqslam+dinov2,2025-02-28T06:25:55.074431+00:00,2024-04-13T09:14:17.880584+00:00
1054,957.0,957.0,957.0,False,1.600548155627181,0.09403104096499892,2.0,3.0,1.0732334047109209,1.0,,0.0,False,False,0.9,matched,,True,True,True,True,seqslam+dinov2,2025-02-28T06:25:55.175138+00:00,2024-04-13T09:14:17.977859+00:00
1055,958.0,958.0,958.0,False,1.5648876455498737,0.3048965727996218,2.0,3.0,1.0701206529453513,0.0,,0.0,False,False,0.9,matched,,True,True,True,True,seqslam+dinov2,2025-02-28T06:25:55.275597+00:00,2024-04-13T09:14:18.079714+00:00
1056,959.0,959.0,959.0,False,1.5187033630884963,0.19701741603113687,2.0,3.0,1.0655172413793101,1.0,,0.0,False,False,0.9,matched,,True,True,True,True,seqslam+dinov2,2025-02-28T06:25:55.374264+00:00,2024-04-13T09:14:18.177468+00:00
1057,960.0,960.0,960.0,False,1.51819003336527,0.381289822807771,2.0,3.0,1.0594989561586639,0.0,,0.0,False,False,0.9,matched,,True,True,True,True,seqslam+dinov2,2025-02-28T06:25:55.477416+00:00,2024-04-13T09:14:18.281820+00:00
1058,961.0,961.0,961.0,False,1.5062216654610274,-0.0013851084776117517,2.0,3.0,1.0521619766643788,1.0,,0.0,False,False,0.9,matched,,True,True,True,True,seqslam+dinov2,2025-02-28T06:25:55.575212+00:00,2024-04-13T09:14:18.379019+00:00
1059,962.0,962.0,962.0,False,1.4820551078390587,0.13843844887618673,2.0,3.0,1.0436191762322753,0.0,,0.0,False,False,0.7,matched,,True,True,True,True,seqslam+dinov2,2025-02-28T06:25:55.677855+00:00,2024-04-13T09:14:18.479501+00:00
1060,963.0,963.0,963.0,False,1.477031163144615,-0.041988295941851606,2.0,3.0,1.0339960238568588,3.0,,0.0,False,False,0.7,matched,,True,True,True,True,seqslam+dinov2,2025-02-28T06:25:55.774136+00:00,2024-04-13T09:14:18.578243+00:00
1061,964.0,964.0,964.0,False,1.4601667850748428,-0.04610978759331541,2.0,3.0,1.0234263465282283,683.0,,0.0,False,False,0.7,matched,,True,True,True,True,seqslam+dinov2,2025-02-28T06:25:55.874703+00:00,2024-04-13T09:14:18.678422+00:00
1062,965.0,965.0,965.0,False,1.4680803412822088,0.27027859894592665,2.0,3.0,1.0120481927710843,0.0,,0.0,False,False,0.7,matched,,True,True,True,True,seqslam+dinov2,2025-02-28T06:25:55.975351+00:00,2024-04-13T09:14:18.778038+00:00
1063,966.0,966.0,966.0,False,1.4131984207667712,0.23279568184642363,2.0,3.0,1.0,0.0,,0.0,False,False,0.7,matched,,True,True,True,True,seqslam+dinov2,2025-02-28T06:25:56.084030+00:00,2024-04-13T09:14:18.879373+00:00
1064,967.0,967.0,967.0,False,1.3963078507411337,0.21799045363397695,2.0,3.0,1.0,0.0,,0.0,False,False,0.7,matched,,True,True,True,True,seqslam+dinov2,2025-02-28T06:25:56.176255+00:00,2024-04-13T09:14:18.980613+00:00
1065,968.0,968.0,968.0,False,1.4080643986588361,0.21729014574649508,2.0,3.0,1.0,0.0,,0.0,False,False,0.7,matched,,True,True,True,True,seqslam+dinov2,2025-02-28T06:25:56.278149+00:00,2024-04-13T09:14:19.077539+00:00
1066,969.0,969.0,969.0,False,1.4232266416207722,0.14536630558610364,2.0,3.0,1.0,0.0,,0.0,False,False,0.7,matched,,True,True,True,True,seqslam+dinov2,2025-02-28T06:25:56.374823+00:00,2024-04-13T09:14:19.184025+00:00
1067,970.0,970.0,970.0,False,1.4135688685947445,0.08993326228664289,2.0,3.0,1.0,0.0,,0.0,False,False,0.7,matched,,True,True,True,True,seqslam+dinov2,2025-02-28T06:25:56.475588+00:00,2024-04-13T09:14:19.277642+00:00
1068,971.0,971.0,971.0,False,1.3941901141946695,-0.13977451522261464,3.0,3.0,1.0,5.0,,0.0,False,False,0.7,matched,,True,True,True,True,seqslam+dinov2,2025-02-28T06:25:56.574844+00:00,2024-04-13T09:14:19.380100+00:00
1069,972.0,972.0,972.0,False,1.3928291133226325,0.05991766080837846,3.0,3.0,1.0,1.0,,0.0,False,False,0.7,matched,,True,True,True,True,seqslam+dinov2,2025-02-28T06:25:56.674839+00:00,2024-04-13T09:14:19.479102+00:00
1070,973.0,973.0,973.0,False,1.3745461962394565,0.21284722537611112,3.0,3.0,1.0,0.0,,0.0,False,False,0.7,matched,,True,True,True,True,seqslam+dinov2,2025-02-28T06:25:56.775307+00:00,2024-04-13T09:14:19.579628+00:00
1071,974.0,974.0,974.0,False,1.3572650548249967,0.1886433090190578,3.0,3.0,1.0,0.0,,0.0,False,False,0.7,matched,,True,True,True,True,seqslam+dinov2,2025-02-28T06:25:56.874143+00:00,2024-04-13T09:14:19.677714+00:00
1072,975.0,975.0,975.0,False,1.3245167858134606,-0.24641303161314632,3.0,3.0,1.0,358.0,,0.0,False,False,0.7,matched,,True,True,True,True,seqslam+dinov2,2025-02-28T06:25:56.975280+00:00,2024-04-13T09:14:19.777532+00:00
1073,976.0,976.0,976.0,False,1.2802777365956197,-0.13164472365752,3.0,3.0,1.0,2.0,,0.0,False,False,0.7,matched,,True,True,True,True,seqslam+dinov2,2025-02-28T06:25:57.077818+00:00,2024-04-13T09:14:19.878251+00:00
1074,977.0,977.0,977.0,False,1.2617906903392624,0.17470708968391468,3.0,3.0,1.0,1.0,,0.0,False,False,0.7,matched,,True,True,True,True,seqslam+dinov2,2025-02-28T06:25:57.177349+00:00,2024-04-13T09:14:19.977823+00:00
1075,978.0,978.0,978.0,False,1.2148587736794176,0.03889300105489979,3.0,3.0,1.0,0.0,,0.0,False,False,0.7,matched,,True,True,True,True,seqslam+dinov2,2025-02-28T06:25:57.277029+00:00,2024-04-13T09:14:20.077706+00:00
1076,979.0,979.0,979.0,False,1.1446634573996972,-0.226251109987329,3.0,3.0,1.0,1151.0,,0.0,False,False,0.7,matched,,True,True,True,True,seqslam+dinov2,2025-02-28T06:25:57.378263+00:00,2024-04-13T09:14:20.184746+00:00
1077,980.0,980.0,980.0,False,1.09149835445067,-0.3244360438984233,3.0,3.0,1.0,1152.0,,0.0,False,False,0.7,matched,,True,True,True,True,seqslam+dinov2,2025-02-28T06:25:57.476157+00:00,2024-04-13T09:14:20.277713+00:00
1078,981.0,981.0,981.0,False,1.0824169244038389,-0.5017779793679533,3.0,3.0,1.0,916.0,,0.0,False,False,0.7,matched,,True,True,True,True,seqslam+dinov2,2025-02-28T06:25:57.574756+00:00,2024-04-13T09:14:20.387319+00:00
1079,982.0,982.0,982.0,False,1.0462913076970286,-0.48088178757539624,3.0,3.0,0.987012987012987,1091.0,,0.0,False,False,0.7,matched,,True,True,True,True,seqslam+dinov2,2025-02-28T06:25:57.680372+00:00,2024-04-13T09:14:20.482405+00:00
1080,983.0,983.0,983.0,False,0.9850319925314653,-0.6624583876964376,3.0,3.0,0.9753246753246754,676.0,,0.0,False,False,0.4,matched,,True,True,True,True,seqslam+dinov2,2025-02-28T06:25:57.775959+00:00,2024-04-13T09:14:20.582548+00:00
1081,984.0,984.0,984.0,False,0.9386722353519809,-0.715439073080981,3.0,3.0,0.964935064935065,1093.0,,0.0,False,False,0.4,matched,,True,True,True,True,seqslam+dinov2,2025-02-28T06:25:57.875337+00:00,2024-04-13T09:14:20.681168+00:00
1082,985.0,985.0,985.0,False,0.9331546845994111,-0.6924359817096152,3.0,3.0,0.9558441558441558,1090.0,,0.0,False,False,0.4,matched,,True,True,True,True,seqslam+dinov2,2025-02-28T06:25:57.974565+00:00,2024-04-13T09:14:20.777730+00:00
1083,986.0,986.0,986.0,False,0.9393850564396925,-0.6621568599195211,3.0,3.0,0.948051948051948,1089.0,,0.0,False,False,0.4,matched,,True,True,True,True,seqslam+dinov2,2025-02-28T06:25:58.074630+00:00,2024-04-13T09:14:20.881335+00:00
1084,987.0,987.0,987.0,False,0.9418300261406098,-0.5722767227048988,3.0,3.0,0.9415584415584416,1088.0,,0.0,False,False,0.4,matched,,True,True,True,True,seqslam+dinov2,2025-02-28T06:25:58.175011+00:00,2024-04-13T09:14:20.982204+00:00
1085,988.0,988.0,988.0,False,0.9657129803549204,-0.5900284204859492,3.0,3.0,0.9363636363636364,371.0,,0.0,False,False,0.4,matched,,True,True,True,True,seqslam+dinov2,2025-02-28T06:25:58.275662+00:00,2024-04-13T09:14:21.079124+00:00
1086,989.0,989.0,989.0,False,0.9908816383024729,-0.4469729068978372,3.0,3.0,0.9324675324675324,334.0,,0.0,False,False,0.4,matched,,True,True,True,True,seqslam+dinov2,2025-02-28T06:25:58.378365+00:00,2024-04-13T09:14:21.184565+00:00
1087,990.0,990.0,990.0,False,1.0229564740428807,-0.15397733838288086,3.0,3.0,0.9298701298701298,257.0,,0.0,False,False,0.7,matched,,True,True,True,True,seqslam+dinov2,2025-02-28T06:25:58.476948+00:00,2024-04-13T09:14:21.278798+00:00
1088,991.0,991.0,991.0,False,1.0546635576921588,-0.24198767087085948,3.0,3.0,0.9285714285714286,1080.0,,0.0,False,False,0.7,matched,,True,True,True,True,seqslam+dinov2,2025-02-28T06:25:58.576294+00:00,2024-04-13T09:14:21.380505+00:00
1089,991.0,991.0,991.0,False,1.054462458982612,-0.39032420347592467,3.0,3.0,0.9285714285714286,256.0,,0.0,False,False,0.7,matched,,True,True,True,True,seqslam+dinov2,2025-02-28T06:25:58.674567+00:00,2024-04-13T09:14:21.380505+00:00
1090,992.0,992.0,992.0,False,1.0461416108570811,-0.5359181512265456,2.0,2.0,0.9298701298701298,1079.0,,0.0,False,False,0.7,matched,,True,True,True,True,seqslam+dinov2,2025-02-28T06:25:58.774086+00:00,2024-04-13T09:14:21.481520+00:00
1091,993.0,993.0,993.0,False,1.052949566444169,-0.571060009784663,2.0,2.0,0.9324675324675324,1078.0,,0.0,False,False,0.7,matched,,True,True,True,True,seqslam+dinov2,2025-02-28T06:25:58.877806+00:00,2024-04-13T09:14:21.582657+00:00
1092,994.0,994.0,994.0,False,1.0830945134163301,-0.33376778481698666,2.0,2.0,0.9363636363636364,1080.0,,0.0,False,False,0.7,matched,,True,True,True,True,seqslam+dinov2,2025-02-28T06:25:58.977268+00:00,2024-04-13T09:14:21.683342+00:00
1093,995.0,995.0,995.0,False,1.0818076079349797,-0.09318186993499311,2.0,2.0,0.9415584415584416,562.0,,0.0,False,False,0.7,matched,,True,True,True,True,seqslam+dinov2,2025-02-28T06:25:59.079672+00:00,2024-04-13T09:14:21.780251+00:00
1094,996.0,996.0,996.0,False,1.0845610306135844,-0.5194939811233146,2.0,2.0,0.948051948051948,1075.0,,0.0,False,False,0.7,matched,,True,True,True,True,seqslam+dinov2,2025-02-28T06:25:59.174497+00:00,2024-04-13T09:14:21.878132+00:00
1095,997.0,997.0,997.0,False,1.1188701365769824,-0.4868127761552522,2.0,2.0,0.9558441558441558,1073.0,,0.0,False,False,0.7,matched,,True,True,True,True,seqslam+dinov2,2025-02-28T06:25:59.279992+00:00,2024-04-13T09:14:21.980852+00:00
1096,998.0,998.0,998.0,False,1.1584221575849307,-0.7005838786610606,2.0,2.0,0.964935064935065,1073.0,,0.0,False,False,0.7,matched,,True,True,True,True,seqslam+dinov2,2025-02-28T06:25:59.383117+00:00,2024-04-13T09:14:22.086357+00:00
1097,999.0,999.0,999.0,False,1.1835294963312568,-0.3444391387814183,2.0,2.0,0.9753246753246754,1072.0,,0.0,False,False,0.7,matched,,True,True,True,True,seqslam+dinov2,2025-02-28T06:25:59.475558+00:00,2024-04-13T09:14:22.180887+00:00
1098,1000.0,1000.0,1000.0,False,1.1849270626595958,-0.17121142948212165,2.0,2.0,0.974025974025974,1077.0,,0.0,False,False,0.7,matched,,True,True,True,True,seqslam+dinov2,2025-02-28T06:25:59.574294+00:00,2024-04-13T09:14:22.278838+00:00
1099,1001.0,1001.0,1001.0,False,1.1961123682329016,-0.4237664622550923,2.0,2.0,0.9753246753246754,1070.0,,0.0,False,False,0.7,matched,,True,True,True,True,seqslam+dinov2,2025-02-28T06:25:59.674671+00:00,2024-04-13T09:14:22.378788+00:00
1100,1002.0,1002.0,1002.0,False,1.1996913184497247,0.10628771893339217,2.0,2.0,0.964935064935065,0.0,,0.0,False,False,0.7,matched,,True,True,True,True,seqslam+dinov2,2025-02-28T06:25:59.776277+00:00,2024-04-13T09:14:22.480074+00:00
1101,1003.0,1003.0,1003.0,False,1.2097423548239445,-0.007654166410618668,2.0,2.0,0.9558441558441558,1068.0,,0.0,False,False,0.7,matched,,True,True,True,True,seqslam+dinov2,2025-02-28T06:25:59.878407+00:00,2024-04-13T09:14:22.579045+00:00
1102,1004.0,1004.0,1004.0,False,1.2609830824610109,-0.1845846766247483,2.0,2.0,0.948051948051948,1171.0,,0.0,False,False,0.7,matched,,True,True,True,True,seqslam+dinov2,2025-02-28T06:25:59.976110+00:00,2024-04-13T09:14:22.683165+00:00
1103,1005.0,1005.0,1005.0,False,1.2939625636538272,-0.03735627038081457,2.0,2.0,0.9415584415584416,388.0,,0.0,False,False,0.7,matched,,True,True,True,True,seqslam+dinov2,2025-02-28T06:26:00.078791+00:00,2024-04-13T09:14:22.778634+00:00
1104,1006.0,1006.0,1006.0,False,1.3003623245627676,0.06374647609554707,2.0,2.0,0.9363636363636364,0.0,,0.0,False,False,0.7,matched,,True,True,True,True,seqslam+dinov2,2025-02-28T06:26:00.177078+00:00,2024-04-13T09:14:22.878819+00:00
1105,1007.0,1007.0,1007.0,False,1.3193346319740082,-0.09891059724663243,2.0,2.0,0.9324675324675324,1.0,,0.0,False,False,0.7,matched,,True,True,True,True,seqslam+dinov2,2025-02-28T06:26:00.276967+00:00,2024-04-13T09:14:22.979310+00:00
1106,1008.0,1008.0,1008.0,False,1.3138976315987676,-0.34050843927453256,2.0,2.0,0.9298701298701298,1067.0,,0.0,False,False,0.7,matched,,True,True,True,True,seqslam+dinov2,2025-02-28T06:26:00.375234+00:00,2024-04-13T09:14:23.080472+00:00
1107,1009.0,1009.0,1009.0,False,1.3100309249494213,0.15027811297998128,2.0,2.0,0.9155844155844156,0.0,,0.0,False,False,0.7,matched,,True,True,True,True,seqslam+dinov2,2025-02-28T06:26:00.474195+00:00,2024-04-13T09:14:23.178538+00:00
1108,1009.0,1009.0,1009.0,False,1.3078172348212704,0.12510110207069514,2.0,1.0,0.9038961038961039,0.0,,0.0,False,False,0.7,matched,,True,True,True,True,seqslam+dinov2,2025-02-28T06:26:00.574693+00:00,2024-04-13T09:14:23.178538+00:00
1109,1010.0,1010.0,1010.0,False,1.3488063953047809,-0.24511808273685087,2.0,1.0,0.8948051948051948,1065.0,,0.0,False,False,0.7,matched,,True,True,True,True,seqslam+dinov2,2025-02-28T06:26:00.677142+00:00,2024-04-13T09:14:23.277864+00:00
1110,1011.0,1011.0,1011.0,False,1.3657208980316768,0.11265942774180182,2.0,1.0,0.8883116883116883,0.0,,0.0,False,False,0.7,matched,,True,True,True,True,seqslam+dinov2,2025-02-28T06:26:00.780008+00:00,2024-04-13T09:14:23.380705+00:00
1111,1012.0,1012.0,1012.0,False,1.3969412168748376,-0.11106692138039231,2.0,1.0,0.8844155844155844,1063.0,,0.0,False,False,0.7,matched,,True,True,True,True,seqslam+dinov2,2025-02-28T06:26:00.874952+00:00,2024-04-13T09:14:23.478462+00:00
1112,1013.0,1013.0,1013.0,False,1.439821754653109,0.03288006986411851,2.0,1.0,0.8831168831168831,0.0,,0.0,False,False,0.7,matched,,True,True,True,True,seqslam+dinov2,2025-02-28T06:26:00.977940+00:00,2024-04-13T09:14:23.578004+00:00
1113,1014.0,1014.0,1014.0,False,1.421391020200439,-0.129020141215759,2.0,1.0,0.8844155844155844,1.0,,0.0,False,False,0.7,matched,,True,True,True,True,seqslam+dinov2,2025-02-28T06:26:01.077245+00:00,2024-04-13T09:14:23.678949+00:00
1114,1015.0,1015.0,1015.0,False,1.409741469900875,0.1808668379360654,2.0,1.0,0.8883116883116883,0.0,,0.0,False,False,0.7,matched,,True,True,True,True,seqslam+dinov2,2025-02-28T06:26:01.176342+00:00,2024-04-13T09:14:23.777641+00:00
1115,1016.0,1016.0,1016.0,False,1.400251041658869,0.11961581999137438,2.0,1.0,0.8948051948051948,1.0,,0.0,False,False,0.7,matched,,True,True,True,True,seqslam+dinov2,2025-02-28T06:26:01.276105+00:00,2024-04-13T09:14:23.878726+00:00
1116,1017.0,1017.0,1017.0,False,1.4095497558026926,-0.022531715651852746,2.0,1.0,0.9038961038961039,348.0,,0.0,False,False,0.7,matched,,True,True,True,True,seqslam+dinov2,2025-02-28T06:26:01.378619+00:00,2024-04-13T09:14:23.978219+00:00
1117,1017.0,1017.0,1017.0,False,1.4035167244598992,0.11777634568993478,2.0,1.0,0.9155844155844156,0.0,,0.0,False,False,0.7,matched,,True,True,True,True,seqslam+dinov2,2025-02-28T06:26:01.481526+00:00,2024-04-13T09:14:23.978219+00:00
1118,1018.0,1018.0,1018.0,False,1.3945838098115555,-0.14732023213053558,2.0,0.0,0.9298701298701298,1057.0,,0.0,False,False,0.7,matched,,True,True,True,True,seqslam+dinov2,2025-02-28T06:26:01.578323+00:00,2024-04-13T09:14:24.077921+00:00
1119,1019.0,1019.0,1019.0,False,1.3945226745942052,-0.10552200033771197,2.0,0.0,0.9324675324675324,1173.0,,0.0,False,False,0.7,matched,,True,True,True,True,seqslam+dinov2,2025-02-28T06:26:01.676287+00:00,2024-04-13T09:14:24.178959+00:00
1120,1020.0,1020.0,1020.0,False,1.3603297440252633,-0.3346887283881699,2.0,0.0,0.9363636363636364,1055.0,,0.0,False,False,0.7,matched,,True,True,True,True,seqslam+dinov2,2025-02-28T06:26:01.774927+00:00,2024-04-13T09:14:24.278570+00:00
1121,1021.0,1021.0,1021.0,False,1.3222550704485847,-0.056785727051556156,2.0,0.0,0.9415584415584416,1171.0,,0.0,False,False,0.7,matched,,True,True,True,True,seqslam+dinov2,2025-02-28T06:26:01.878280+00:00,2024-04-13T09:14:24.377946+00:00
1122,1022.0,1022.0,1022.0,False,1.2508992651821629,0.030233429943835155,2.0,0.0,0.948051948051948,1.0,,0.0,False,False,0.7,matched,,True,True,True,True,seqslam+dinov2,2025-02-28T06:26:01.979608+00:00,2024-04-13T09:14:24.484324+00:00
1123,1023.0,1023.0,1023.0,False,1.1742719147034566,0.1429541641870744,2.0,0.0,0.9558441558441558,0.0,,0.0,False,False,0.7,matched,,True,True,True,True,seqslam+dinov2,2025-02-28T06:26:02.075655+00:00,2024-04-13T09:14:24.577849+00:00
1124,1024.0,1024.0,1024.0,False,1.1192201373364838,-0.022062059215367524,2.0,0.0,0.964935064935065,795.0,,0.0,False,False,0.7,matched,,True,True,True,True,seqslam+dinov2,2025-02-28T06:26:02.175073+00:00,2024-04-13T09:14:24.680007+00:00
1125,1025.0,1025.0,1025.0,False,1.0517121966697163,-0.1824666757965101,2.0,0.0,0.9753246753246754,1011.0,,0.0,False,False,0.7,matched,,True,True,True,True,seqslam+dinov2,2025-02-28T06:26:02.275161+00:00,2024-04-13T09:14:24.779895+00:00
1126,1026.0,1026.0,1026.0,False,1.018794382020099,-0.23509404808083656,2.0,0.0,0.987012987012987,374.0,,0.0,False,False,0.7,matched,,True,True,True,True,seqslam+dinov2,2025-02-28T06:26:02.377445+00:00,2024-04-13T09:14:24.880806+00:00
1127,1027.0,1027.0,1027.0,False,0.9560589219432862,-0.6312665014753053,2.0,0.0,1.0,803.0,,0.0,False,False,0.4,matched,,True,True,True,True,seqslam+dinov2,2025-02-28T06:26:02.474453+00:00,2024-04-13T09:14:24.977865+00:00
1128,1028.0,1028.0,1028.0,False,0.9202149461055746,-0.9609789933191937,2.0,0.0,1.0,810.0,,0.0,False,False,0.4,matched,,True,True,True,True,seqslam+dinov2,2025-02-28T06:26:02.575307+00:00,2024-04-13T09:14:25.082377+00:00
1129,1029.0,1029.0,1029.0,False,0.8904111851741615,-0.6498580468592766,2.0,0.0,1.0,9.0,,0.0,False,False,0.4,matched,,True,True,True,True,seqslam+dinov2,2025-02-28T06:26:02.675526+00:00,2024-04-13T09:14:25.178376+00:00
1130,1030.0,1030.0,1030.0,False,0.9228096537651925,-0.8010307113152901,2.0,0.0,1.0,812.0,,0.0,False,False,0.4,matched,,True,True,True,True,seqslam+dinov2,2025-02-28T06:26:02.779682+00:00,2024-04-13T09:14:25.279612+00:00
1131,1031.0,1031.0,1031.0,False,0.948332485829951,-0.42196828544869136,2.0,0.0,1.0,7.0,,0.0,False,False,0.4,matched,,True,True,True,True,seqslam+dinov2,2025-02-28T06:26:02.880012+00:00,2024-04-13T09:14:25.383604+00:00
1132,1032.0,1032.0,1032.0,False,0.9915731478591272,-0.6808614272018307,2.0,0.0,1.0,735.0,,0.0,False,False,0.4,matched,,True,True,True,True,seqslam+dinov2,2025-02-28T06:26:02.974346+00:00,2024-04-13T09:14:25.484289+00:00
1133,1033.0,1033.0,1033.0,False,1.0922347525397775,-0.48707861658658014,2.0,0.0,1.0,736.0,,0.0,False,False,0.7,matched,,True,True,True,True,seqslam+dinov2,2025-02-28T06:26:03.079737+00:00,2024-04-13T09:14:25.577804+00:00
1134,1034.0,1034.0,1034.0,False,1.1864124545425125,-0.359849794994634,2.0,0.0,1.0,811.0,,0.0,False,False,0.7,matched,,True,True,True,True,seqslam+dinov2,2025-02-28T06:26:03.175926+00:00,2024-04-13T09:14:25.678105+00:00
1135,1035.0,1035.0,1035.0,False,1.2719782053853654,0.2920491881144438,2.0,0.0,1.0,0.0,,0.0,False,False,0.7,matched,,True,True,True,True,seqslam+dinov2,2025-02-28T06:26:03.278597+00:00,2024-04-13T09:14:25.778440+00:00
1136,1036.0,1036.0,1036.0,False,1.340207105523705,0.08191154673055512,2.0,0.0,1.0,2.0,,0.0,False,False,0.7,matched,,True,True,True,True,seqslam+dinov2,2025-02-28T06:26:03.375488+00:00,2024-04-13T09:14:25.881559+00:00
1137,1037.0,1037.0,1037.0,False,1.3917495915521478,0.2029537840403821,2.0,0.0,1.0,0.0,,0.0,False,False,0.7,matched,,True,True,True,True,seqslam+dinov2,2025-02-28T06:26:03.482340+00:00,2024-04-13T09:14:25.977653+00:00
1138,1038.0,1038.0,1038.0,False,1.4549342388758646,0.36200756615624075,2.0,0.0,1.0,0.0,,0.0,False,False,0.7,matched,,True,True,True,True,seqslam+dinov2,2025-02-28T06:26:03.576528+00:00,2024-04-13T09:14:26.077482+00:00
1139,1039.0,1039.0,1039.0,False,1.4720651405791267,0.24610537723255121,2.0,0.0,1.0,0.0,,0.0,False,False,0.7,matched,,True,True,True,True,seqslam+dinov2,2025-02-28T06:26:03.675766+00:00,2024-04-13T09:14:26.178019+00:00
1140,1040.0,1040.0,1040.0,False,1.492482550571001,0.2670921943671498,2.0,0.0,1.0,0.0,,0.0,False,False,0.7,matched,,True,True,True,True,seqslam+dinov2,2025-02-28T06:26:03.774413+00:00,2024-04-13T09:14:26.279699+00:00
1141,1041.0,1041.0,1041.0,False,1.4577464681013639,0.1861249455740328,2.0,0.0,1.0,0.0,,0.0,False,False,0.7,matched,,True,True,True,True,seqslam+dinov2,2025-02-28T06:26:03.876042+00:00,2024-04-13T09:14:26.381446+00:00
1142,1042.0,1042.0,1042.0,False,1.4648739502209944,0.11855442666205662,2.0,0.0,1.0,0.0,,0.0,False,False,0.7,matched,,True,True,True,True,seqslam+dinov2,2025-02-28T06:26:03.979833+00:00,2024-04-13T09:14:26.478306+00:00
1143,1043.0,1043.0,1043.0,False,1.4453060349471916,0.24067811318680188,2.0,0.0,1.0,0.0,,0.0,False,False,0.7,matched,,True,True,True,True,seqslam+dinov2,2025-02-28T06:26:04.074638+00:00,2024-04-13T09:14:26.577557+00:00
1144,1044.0,1044.0,1044.0,False,1.3931401736194855,-0.1751813024761406,2.0,0.0,1.0,6.0,,0.0,False,False,0.7,matched,,True,True,True,True,seqslam+dinov2,2025-02-28T06:26:04.174847+00:00,2024-04-13T09:14:26.677987+00:00
1145,1045.0,1045.0,1045.0,False,1.3701975113237554,-0.0035569827106249896,2.0,0.0,1.0,324.0,,0.0,False,False,0.7,matched,,True,True,True,True,seqslam+dinov2,2025-02-28T06:26:04.274344+00:00,2024-04-13T09:14:26.782731+00:00
1146,1046.0,1046.0,1046.0,False,1.3650001162062453,-0.113879308079047,2.0,0.0,1.0,747.0,,0.0,False,False,0.7,matched,,True,True,True,True,seqslam+dinov2,2025-02-28T06:26:04.374782+00:00,2024-04-13T09:14:26.878708+00:00
1147,1047.0,1047.0,1047.0,False,1.4103999371981575,0.2607293066743095,2.0,0.0,1.0,0.0,,0.0,False,False,0.7,matched,,True,True,True,True,seqslam+dinov2,2025-02-28T06:26:04.475527+00:00,2024-04-13T09:14:26.979792+00:00
1148,1048.0,1048.0,1048.0,False,1.4212309536554122,-0.16289364524966743,2.0,0.0,1.0,819.0,,0.0,False,False,0.7,matched,,True,True,True,True,seqslam+dinov2,2025-02-28T06:26:04.577985+00:00,2024-04-13T09:14:27.077992+00:00
1149,1049.0,1049.0,1049.0,False,1.4373117039677252,-0.260105171987407,2.0,0.0,1.0,3.0,,0.0,False,False,0.7,matched,,True,True,True,True,seqslam+dinov2,2025-02-28T06:26:04.681399+00:00,2024-04-13T09:14:27.181114+00:00
1150,1050.0,1050.0,1050.0,False,1.5030643050702621,-0.11397422684449632,2.0,0.0,1.0,2.0,,0.0,False,False,0.9,matched,,True,True,True,True,seqslam+dinov2,2025-02-28T06:26:04.775475+00:00,2024-04-13T09:14:27.283198+00:00
1151,1051.0,1051.0,1051.0,False,1.5266996074686467,0.16359003496520086,2.0,0.0,1.0,1.0,,0.0,False,False,0.9,matched,,True,True,True,True,seqslam+dinov2,2025-02-28T06:26:04.875609+00:00,2024-04-13T09:14:27.378503+00:00
1152,1052.0,1052.0,1052.0,False,1.5887865895307092,0.24415358464515724,2.0,0.0,1.0,0.0,,0.0,False,False,0.9,matched,,True,True,True,True,seqslam+dinov2,2025-02-28T06:26:04.976058+00:00,2024-04-13T09:14:27.479668+00:00
1153,1053.0,1053.0,1053.0,False,1.6127892180833223,-0.08000300261710147,2.0,0.0,1.0,1.0,,0.0,False,False,0.9,matched,,True,True,True,True,seqslam+dinov2,2025-02-28T06:26:05.075842+00:00,2024-04-13T09:14:27.577601+00:00
1154,1054.0,1054.0,1054.0,False,1.6587062513182844,-0.0032297605559106213,2.0,0.0,1.0,1.0,,0.0,False,False,0.9,matched,,True,True,True,True,seqslam+dinov2,2025-02-28T06:26:05.174880+00:00,2024-04-13T09:14:27.677694+00:00
1155,1055.0,1055.0,1055.0,False,1.7030408900070588,0.2946883092987804,2.0,0.0,1.0,2.0,,0.0,False,False,0.9,matched,,True,True,True,True,seqslam+dinov2,2025-02-28T06:26:05.274356+00:00,2024-04-13T09:14:27.777596+00:00
1156,1056.0,1056.0,1056.0,False,1.7669302561366154,0.022719303763470755,2.0,0.0,1.0,1.0,,0.0,False,False,0.9,matched,,True,True,True,True,seqslam+dinov2,2025-02-28T06:26:05.376981+00:00,2024-04-13T09:14:27.879277+00:00
1157,1057.0,1057.0,1057.0,False,1.7942804712730984,0.4332771490822309,2.0,0.0,1.0,0.0,,0.0,False,False,0.9,matched,,True,True,True,True,seqslam+dinov2,2025-02-28T06:26:05.475441+00:00,2024-04-13T09:14:27.979993+00:00
1158,1058.0,1058.0,1058.0,False,1.8195784222797498,0.3073255849530472,2.0,0.0,1.0,1.0,,0.0,False,False,0.9,matched,,True,True,True,True,seqslam+dinov2,2025-02-28T06:26:05.574800+00:00,2024-04-13T09:14:28.082378+00:00
1159,1059.0,1059.0,1059.0,False,1.8869766337049625,0.4691385919010813,2.0,0.0,1.0,2.0,,0.0,False,False,0.9,matched,,True,True,True,True,seqslam+dinov2,2025-02-28T06:26:05.678238+00:00,2024-04-13T09:14:28.179690+00:00
1160,1060.0,1060.0,1060.0,False,1.9195651583275364,0.3072078464488166,2.0,0.0,0.987012987012987,1.0,,0.0,False,False,0.9,matched,,True,True,True,True,seqslam+dinov2,2025-02-28T06:26:05.775561+00:00,2024-04-13T09:14:28.280573+00:00
1161,1061.0,1061.0,1061.0,False,1.9115517642064648,0.7043205484753954,2.0,0.0,0.9753246753246754,1.0,,0.0,False,False,0.9,matched,,True,True,True,True,seqslam+dinov2,2025-02-28T06:26:05.881532+00:00,2024-04-13T09:14:28.378459+00:00
1162,1062.0,1062.0,1062.0,False,1.9293183704676347,0.3826651411123303,2.0,0.0,0.964935064935065,1.0,,0.0,False,False,0.9,matched,,True,True,True,True,seqslam+dinov2,2025-02-28T06:26:05.974828+00:00,2024-04-13T09:14:28.478278+00:00
1163,1063.0,1063.0,1063.0,False,1.9205526569516023,0.604618636559678,2.0,0.0,0.9558441558441558,0.0,,0.0,False,False,0.9,matched,,True,True,True,True,seqslam+dinov2,2025-02-28T06:26:06.075249+00:00,2024-04-13T09:14:28.581162+00:00
1164,1064.0,1064.0,1064.0,False,1.9461564260942317,0.7159829973395377,3.0,0.0,0.948051948051948,0.0,,0.0,False,False,0.9,matched,,True,True,True,True,seqslam+dinov2,2025-02-28T06:26:06.180820+00:00,2024-04-13T09:14:28.678303+00:00
1165,1065.0,1065.0,1065.0,False,1.9308756822126651,0.28044344985603153,3.0,0.0,0.9415584415584416,0.0,,0.0,False,False,0.9,matched,,True,True,True,True,seqslam+dinov2,2025-02-28T06:26:06.275425+00:00,2024-04-13T09:14:28.779945+00:00
1166,1066.0,1066.0,1066.0,False,1.9264770738188466,0.3733863867325198,3.0,0.0,0.9363636363636364,2.0,,0.0,False,False,0.9,matched,,True,True,True,True,seqslam+dinov2,2025-02-28T06:26:06.375651+00:00,2024-04-13T09:14:28.877760+00:00
1167,1067.0,1067.0,1067.0,False,1.890942020094193,0.07573807954376144,4.0,0.0,0.9324675324675324,2.0,,0.0,False,False,0.7,matched,,True,True,True,True,seqslam+dinov2,2025-02-28T06:26:06.474760+00:00,2024-04-13T09:14:28.980135+00:00
1168,1068.0,1068.0,1068.0,False,1.8644561843662537,0.31532078469815694,4.0,0.0,0.9298701298701298,1.0,,0.0,False,False,0.7,matched,,True,True,True,True,seqslam+dinov2,2025-02-28T06:26:06.574730+00:00,2024-04-13T09:14:29.081980+00:00
1169,1069.0,1069.0,1069.0,False,1.8292688544036295,0.5208100705237209,5.0,0.0,0.9285714285714286,0.0,,0.0,False,False,0.7,matched,,True,True,True,True,seqslam+dinov2,2025-02-28T06:26:06.677273+00:00,2024-04-13T09:14:29.180715+00:00
1170,1069.0,1069.0,1069.0,False,1.7982840673711538,0.2377833861002172,5.0,1.0,0.9285714285714286,5.0,,0.0,False,False,0.7,matched,,True,True,True,True,seqslam+dinov2,2025-02-28T06:26:06.774411+00:00,2024-04-13T09:14:29.180715+00:00
1171,1070.0,1070.0,1070.0,False,1.787975346097405,0.0668814015326149,5.0,1.0,0.9298701298701298,5.0,,0.0,False,False,0.7,matched,,True,True,True,True,seqslam+dinov2,2025-02-28T06:26:06.874255+00:00,2024-04-13T09:14:29.278672+00:00
1172,1071.0,1071.0,1071.0,False,1.785061302955018,0.09822857230666715,5.0,1.0,0.9324675324675324,6.0,,0.0,False,False,0.7,matched,,True,True,True,True,seqslam+dinov2,2025-02-28T06:26:06.977680+00:00,2024-04-13T09:14:29.380807+00:00
1173,1072.0,1072.0,1072.0,False,1.7834167869398805,-0.0006725769899074141,5.0,1.0,0.9363636363636364,5.0,,0.0,False,False,0.7,matched,,True,True,True,True,seqslam+dinov2,2025-02-28T06:26:07.076593+00:00,2024-04-13T09:14:29.478576+00:00
1174,1073.0,1073.0,1073.0,False,1.7622220402957354,0.13913194409845175,5.0,1.0,0.9415584415584416,7.0,,0.0,False,False,0.7,matched,,True,True,True,True,seqslam+dinov2,2025-02-28T06:26:07.175087+00:00,2024-04-13T09:14:29.578006+00:00
1175,1074.0,1074.0,1074.0,False,1.72482324232133,0.2360370726471388,5.0,1.0,0.948051948051948,7.0,,0.0,False,False,0.7,matched,,True,True,True,True,seqslam+dinov2,2025-02-28T06:26:07.275576+00:00,2024-04-13T09:14:29.678385+00:00
1176,1075.0,1075.0,1075.0,False,1.7230437840943613,0.3100500364046652,5.0,1.0,0.9558441558441558,6.0,,0.0,False,False,0.7,matched,,True,True,True,True,seqslam+dinov2,2025-02-28T06:26:07.376367+00:00,2024-04-13T09:14:29.777480+00:00
1177,1076.0,1076.0,1076.0,False,1.7315141875204951,0.1391228604850192,5.0,1.0,0.964935064935065,4.0,,0.0,False,False,0.7,matched,,True,True,True,True,seqslam+dinov2,2025-02-28T06:26:07.476011+00:00,2024-04-13T09:14:29.879198+00:00
1178,1077.0,1077.0,1077.0,False,1.7539880272074344,0.12472074197717631,5.0,1.0,0.9753246753246754,4.0,,0.0,False,False,0.7,matched,,True,True,True,True,seqslam+dinov2,2025-02-28T06:26:07.574533+00:00,2024-04-13T09:14:29.978227+00:00
1179,1078.0,1078.0,1078.0,False,1.7902323207309323,0.13108677012970338,5.0,1.0,0.987012987012987,4.0,,0.0,False,False,0.7,matched,,True,True,True,True,seqslam+dinov2,2025-02-28T06:26:07.678996+00:00,2024-04-13T09:14:30.077706+00:00
1180,1079.0,1079.0,1079.0,False,1.8122949298629862,0.14169665894132,5.0,1.0,1.0,4.0,,0.0,False,False,0.7,matched,,True,True,True,True,seqslam+dinov2,2025-02-28T06:26:07.774871+00:00,2024-04-13T09:14:30.177893+00:00
1181,1080.0,1080.0,1080.0,False,1.8135738046385612,0.05534100999559821,5.0,1.0,1.0,4.0,,0.0,False,False,0.7,matched,,True,True,True,True,seqslam+dinov2,2025-02-28T06:26:07.875020+00:00,2024-04-13T09:14:30.279473+00:00
1182,1081.0,1081.0,1081.0,False,1.8178033260796886,0.16980877806265604,4.0,1.0,1.0,1.0,,0.0,False,False,0.7,matched,,True,True,True,True,seqslam+dinov2,2025-02-28T06:26:07.976282+00:00,2024-04-13T09:14:30.378504+00:00
1183,1082.0,1082.0,1082.0,False,1.8284355125024818,0.3633093321852243,3.0,1.0,1.0,0.0,,0.0,False,False,0.9,matched,,True,True,True,True,seqslam+dinov2,2025-02-28T06:26:08.077624+00:00,2024-04-13T09:14:30.486603+00:00
1184,1083.0,1083.0,1083.0,False,1.846137076246965,0.537233262075079,3.0,1.0,1.0,0.0,,0.0,False,False,0.9,matched,,True,True,True,True,seqslam+dinov2,2025-02-28T06:26:08.175177+00:00,2024-04-13T09:14:30.578701+00:00
1185,1084.0,1084.0,1084.0,False,1.8451289061816913,0.5600891999249309,3.0,1.0,1.0,0.0,,0.0,False,False,0.9,matched,,True,True,True,True,seqslam+dinov2,2025-02-28T06:26:08.274678+00:00,2024-04-13T09:14:30.678148+00:00
1186,1085.0,1085.0,1085.0,False,1.8418777648871378,0.30787155111137454,3.0,1.0,1.0,0.0,,0.0,False,False,0.9,matched,,True,True,True,True,seqslam+dinov2,2025-02-28T06:26:08.375664+00:00,2024-04-13T09:14:30.780354+00:00
1187,1086.0,1086.0,1086.0,False,1.8409183247616054,0.3886739091152607,3.0,1.0,1.0,0.0,,0.0,False,False,0.9,matched,,True,True,True,True,seqslam+dinov2,2025-02-28T06:26:08.476178+00:00,2024-04-13T09:14:30.879870+00:00
1188,1087.0,1087.0,1087.0,False,1.8301917004161965,0.2951889922549644,3.0,1.0,1.0,0.0,,0.0,False,False,0.9,matched,,True,True,True,True,seqslam+dinov2,2025-02-28T06:26:08.576937+00:00,2024-04-13T09:14:30.977905+00:00
1189,1088.0,1088.0,1088.0,False,1.7960016200929096,0.3263086634330321,3.0,1.0,1.0,0.0,,0.0,False,False,0.9,matched,,True,True,True,True,seqslam+dinov2,2025-02-28T06:26:08.676002+00:00,2024-04-13T09:14:31.083887+00:00
1190,1089.0,1089.0,1089.0,False,1.7839625877156458,-0.09979843881582484,3.0,1.0,1.0,499.0,,0.0,False,False,0.9,matched,,True,True,True,True,seqslam+dinov2,2025-02-28T06:26:08.774576+00:00,2024-04-13T09:14:31.179128+00:00
1191,1090.0,1090.0,1090.0,False,1.7513011292613732,0.2199264733782651,3.0,1.0,1.0120481927710843,0.0,,0.0,False,False,0.9,matched,,True,True,True,True,seqslam+dinov2,2025-02-28T06:26:08.876894+00:00,2024-04-13T09:14:31.281547+00:00
1192,1091.0,1091.0,1091.0,False,1.7160553824940423,0.08649291042242302,3.0,1.0,1.0234263465282283,3.0,,0.0,False,False,0.9,matched,,True,True,True,True,seqslam+dinov2,2025-02-28T06:26:08.976531+00:00,2024-04-13T09:14:31.378932+00:00
1193,1092.0,1092.0,1092.0,False,1.6761337625727928,0.17853459791850224,3.0,1.0,1.0339960238568588,2.0,,0.0,False,False,0.9,matched,,True,True,True,True,seqslam+dinov2,2025-02-28T06:26:09.075152+00:00,2024-04-13T09:14:31.481563+00:00
1194,1093.0,1093.0,1093.0,False,1.6286047832888266,0.09650355753470219,3.0,1.0,1.0436191762322755,1.0,,0.0,False,False,0.9,matched,,True,True,True,True,seqslam+dinov2,2025-02-28T06:26:09.175051+00:00,2024-04-13T09:14:31.581343+00:00
1195,1094.0,1094.0,1094.0,False,1.5668028016474231,0.27942883441442223,3.0,1.0,1.0521619766643788,0.0,,0.0,False,False,0.9,matched,,True,True,True,True,seqslam+dinov2,2025-02-28T06:26:09.275319+00:00,2024-04-13T09:14:31.678609+00:00
1196,1095.0,1095.0,1095.0,False,1.52684637626283,-0.0538609615615393,3.0,1.0,1.0594989561586639,979.0,,0.0,False,False,0.9,matched,,True,True,True,True,seqslam+dinov2,2025-02-28T06:26:09.376127+00:00,2024-04-13T09:14:31.781236+00:00
1197,1096.0,1096.0,1096.0,False,1.4703870594265767,-0.02261786604944427,3.0,1.0,1.0655172413793101,89.0,,0.0,False,False,0.7,matched,,True,True,True,True,seqslam+dinov2,2025-02-28T06:26:09.476063+00:00,2024-04-13T09:14:31.878409+00:00
1198,1097.0,1097.0,1097.0,False,1.4354771462923344,-0.21426048003169496,3.0,1.0,1.070120652945351,978.0,,0.0,False,False,0.7,matched,,True,True,True,True,seqslam+dinov2,2025-02-28T06:26:09.575739+00:00,2024-04-13T09:14:31.985054+00:00
1199,1098.0,1098.0,1098.0,False,1.4207611098210815,-0.23098092207256382,3.0,1.0,1.0732334047109209,869.0,,0.0,False,False,0.7,matched,,True,True,True,True,seqslam+dinov2,2025-02-28T06:26:09.680876+00:00,2024-04-13T09:14:32.081671+00:00
1200,1099.0,1099.0,1100.0,False,1.4379787001372426,-0.3384689502055749,3.0,0.0,1.0748031496062993,871.0,,1.0,True,False,0.7,ambiguous_range,,True,True,True,True,seqslam+dinov2,2025-02-28T06:26:09.781241+00:00,2024-04-13T09:14:32.178063+00:00
1201,1101.0,1101.0,1101.0,False,1.3931360877140666,-0.3587517271688956,3.0,0.0,1.0732334047109209,872.0,,0.0,False,False,0.7,matched,,True,True,True,True,seqslam+dinov2,2025-02-28T06:26:09.875415+00:00,2024-04-13T09:14:32.381997+00:00
1202,1102.0,1102.0,1102.0,False,1.366720533461867,-0.6254768397403878,2.0,0.0,1.0701206529453513,873.0,,0.0,False,False,0.7,matched,,True,True,True,True,seqslam+dinov2,2025-02-28T06:26:09.974752+00:00,2024-04-13T09:14:32.479875+00:00
1203,1103.0,1103.0,1103.0,False,1.3565895488798012,-0.27798327036383275,2.0,0.0,1.080078125,874.0,,0.0,False,False,0.7,matched,,True,True,True,True,seqslam+dinov2,2025-02-28T06:26:10.074654+00:00,2024-04-13T09:14:32.578884+00:00
1204,1104.0,1104.0,1104.0,False,1.3493403555654275,-0.08053085898179768,2.0,0.0,1.087428487604518,3.0,,0.0,False,False,0.7,matched,,True,True,True,True,seqslam+dinov2,2025-02-28T06:26:10.176651+00:00,2024-04-13T09:14:32.684330+00:00
1205,1105.0,1105.0,1105.0,False,1.3632059771813831,0.19046166057467273,2.0,0.0,1.091937869822485,0.0,,0.0,False,False,0.7,matched,,True,True,True,True,seqslam+dinov2,2025-02-28T06:26:10.275738+00:00,2024-04-13T09:14:32.778013+00:00
1206,1106.0,1106.0,1106.0,False,1.3880330579025504,-0.21871027181124636,2.0,0.0,1.0934579439252337,877.0,,0.0,False,False,0.7,matched,,True,True,True,True,seqslam+dinov2,2025-02-28T06:26:10.375849+00:00,2024-04-13T09:14:32.877662+00:00
1207,1107.0,1107.0,1107.0,False,1.4079178437231323,-0.28780897986757914,2.0,0.0,1.091937869822485,878.0,,0.0,False,False,0.7,matched,,True,True,True,True,seqslam+dinov2,2025-02-28T06:26:10.479129+00:00,2024-04-13T09:14:32.977849+00:00
1208,1108.0,1108.0,1108.0,False,1.4224988286769458,-0.11746773491299778,2.0,0.0,1.087428487604518,879.0,,0.0,False,False,0.7,matched,,True,True,True,True,seqslam+dinov2,2025-02-28T06:26:10.578429+00:00,2024-04-13T09:14:33.082217+00:00
1209,1109.0,1109.0,1109.0,False,1.4295688123666765,-0.2450275906134527,1.0,0.0,1.080078125,1366.0,,0.0,False,False,0.7,matched,,True,True,True,True,seqslam+dinov2,2025-02-28T06:26:10.678565+00:00,2024-04-13T09:14:33.181608+00:00
1210,1110.0,1110.0,1110.0,False,1.4381890322520763,-0.0793320873515917,1.0,0.0,1.070120652945351,879.0,,0.0,False,False,0.7,matched,,True,True,True,True,seqslam+dinov2,2025-02-28T06:26:10.775965+00:00,2024-04-13T09:14:33.282409+00:00
1211,1111.0,1111.0,1111.0,False,1.4134621299776622,-0.029095459564107085,1.0,0.0,1.0732334047109209,882.0,,0.0,False,False,0.7,matched,,True,True,True,True,seqslam+dinov2,2025-02-28T06:26:10.874457+00:00,2024-04-13T09:14:33.384771+00:00
1212,1112.0,1112.0,1113.0,False,1.4254399253386898,-0.3318727225148512,1.0,1.0,1.0748031496062993,884.0,,1.0,True,False,0.7,ambiguous_range,,True,True,True,True,seqslam+dinov2,2025-02-28T06:26:10.977080+00:00,2024-04-13T09:14:33.480606+00:00
1213,1114.0,1114.0,1114.0,False,1.4359873324903367,-0.5921357960458653,1.0,1.0,1.0732334047109209,885.0,,0.0,False,False,0.7,matched,,True,True,True,True,seqslam+dinov2,2025-02-28T06:26:11.074785+00:00,2024-04-13T09:14:33.678018+00:00
1214,1115.0,1115.0,1115.0,False,1.4440419979419798,-0.34826705369348,1.0,1.0,1.0701206529453513,892.0,,0.0,False,False,0.7,matched,,True,True,True,True,seqslam+dinov2,2025-02-28T06:26:11.175085+00:00,2024-04-13T09:14:33.777537+00:00
1215,1116.0,1116.0,1116.0,False,1.455711302984727,-0.10015879711346987,1.0,1.0,1.0655172413793101,887.0,,0.0,False,False,0.7,matched,,True,True,True,True,seqslam+dinov2,2025-02-28T06:26:11.274480+00:00,2024-04-13T09:14:33.878436+00:00
1216,1117.0,1117.0,1117.0,False,1.4818641246708688,-0.1889536983060276,1.0,1.0,1.0594989561586639,893.0,,0.0,False,False,0.7,matched,,True,True,True,True,seqslam+dinov2,2025-02-28T06:26:11.377954+00:00,2024-04-13T09:14:33.983427+00:00
1217,1118.0,1118.0,1118.0,False,1.5024111164626377,-0.32703642899012597,1.0,1.0,1.0521619766643788,889.0,,0.0,False,False,0.9,matched,,True,True,True,True,seqslam+dinov2,2025-02-28T06:26:11.475053+00:00,2024-04-13T09:14:34.082112+00:00
1218,1119.0,1119.0,1119.0,False,1.526213321028834,-0.27487756019592036,1.0,1.0,1.0436191762322753,901.0,,0.0,False,False,0.9,matched,,True,True,True,True,seqslam+dinov2,2025-02-28T06:26:11.576139+00:00,2024-04-13T09:14:34.182871+00:00
1219,1120.0,1120.0,1120.0,False,1.575303330237617,-0.21023022881889775,1.0,1.0,1.0474278715296679,896.0,,0.0,False,False,0.9,matched,,True,True,True,True,seqslam+dinov2,2025-02-28T06:26:11.675956+00:00,2024-04-13T09:14:34.278830+00:00
1220,1121.0,1121.0,1121.0,False,1.5980495908771153,-0.20316219832063798,1.0,1.0,1.0487106017191976,812.0,,0.0,False,False,0.9,matched,,True,True,True,True,seqslam+dinov2,2025-02-28T06:26:11.774957+00:00,2024-04-13T09:14:34.381511+00:00
1221,1122.0,1122.0,1122.0,False,1.5889865732501405,-0.18475326604884534,0.0,1.0,1.0474278715296679,851.0,,0.0,False,False,0.9,matched,,True,True,True,True,seqslam+dinov2,2025-02-28T06:26:11.875009+00:00,2024-04-13T09:14:34.478326+00:00
1222,1123.0,1123.0,1123.0,False,1.597739934365969,-0.15113702819446417,0.0,1.0,1.0436191762322755,900.0,,0.0,False,False,0.9,matched,,True,True,True,True,seqslam+dinov2,2025-02-28T06:26:11.975296+00:00,2024-04-13T09:14:34.581459+00:00
1223,1124.0,1124.0,1124.0,False,1.614872392081046,-0.07894178625371118,0.0,1.0,1.0521619766643788,900.0,,0.0,False,False,0.9,matched,,True,True,True,True,seqslam+dinov2,2025-02-28T06:26:12.077364+00:00,2024-04-13T09:14:34.678734+00:00
1224,1125.0,1125.0,1125.0,False,1.6269695085425973,0.09304609204877279,0.0,1.0,1.0594989561586639,0.0,,0.0,False,False,0.9,matched,,True,True,True,True,seqslam+dinov2,2025-02-28T06:26:12.177557+00:00,2024-04-13T09:14:34.778748+00:00
1225,1126.0,1126.0,1126.0,False,1.6368822238641096,-0.04124893292031251,0.0,1.0,1.0655172413793101,847.0,,0.0,False,False,0.9,matched,,True,True,True,True,seqslam+dinov2,2025-02-28T06:26:12.278687+00:00,2024-04-13T09:14:34.877806+00:00
1226,1127.0,1127.0,1127.0,False,1.663516621785214,-0.24178967975073729,0.0,1.0,1.070120652945351,898.0,,0.0,False,False,0.9,matched,,True,True,True,True,seqslam+dinov2,2025-02-28T06:26:12.376595+00:00,2024-04-13T09:14:34.978425+00:00
1227,1128.0,1128.0,1128.0,False,1.659263399115712,-0.22427666717658634,0.0,1.0,1.0732334047109209,905.0,,0.0,False,False,0.9,matched,,True,True,True,True,seqslam+dinov2,2025-02-28T06:26:12.478344+00:00,2024-04-13T09:14:35.081436+00:00
1228,1129.0,1129.0,1130.0,False,1.6740951430072852,-0.10849368116735825,1.0,2.0,1.0748031496062993,1.0,,1.0,True,False,0.9,ambiguous_range,,True,True,True,True,seqslam+dinov2,2025-02-28T06:26:12.579821+00:00,2024-04-13T09:14:35.182737+00:00
1229,1131.0,1131.0,1131.0,False,1.6998074052230299,-0.05645350265163507,1.0,2.0,1.0732334047109209,907.0,,0.0,False,False,0.9,matched,,True,True,True,True,seqslam+dinov2,2025-02-28T06:26:12.676101+00:00,2024-04-13T09:14:35.380020+00:00
1230,1132.0,1132.0,1132.0,False,1.7276191819632236,-0.20935067346841296,1.0,2.0,1.0701206529453513,906.0,,0.0,False,False,0.9,matched,,True,True,True,True,seqslam+dinov2,2025-02-28T06:26:12.776682+00:00,2024-04-13T09:14:35.482809+00:00
1231,1133.0,1133.0,1133.0,False,1.7591932125961198,-0.07812873112402463,1.0,2.0,1.0655172413793101,907.0,,0.0,False,False,0.9,matched,,True,True,True,True,seqslam+dinov2,2025-02-28T06:26:12.874234+00:00,2024-04-13T09:14:35.577370+00:00
1232,1134.0,1134.0,1134.0,False,1.780481295387156,-0.1512443924928788,1.0,2.0,1.0594989561586639,911.0,,0.0,False,False,0.9,matched,,True,True,True,True,seqslam+dinov2,2025-02-28T06:26:12.976306+00:00,2024-04-13T09:14:35.680078+00:00
1233,1135.0,1135.0,1135.0,False,1.8062758430421122,0.08822020726167712,1.0,2.0,1.0521619766643788,0.0,,0.0,False,False,0.9,matched,,True,True,True,True,seqslam+dinov2,2025-02-28T06:26:13.074873+00:00,2024-04-13T09:14:35.777526+00:00
1234,1136.0,1136.0,1136.0,False,1.786262900491803,0.13110155212049923,1.0,2.0,1.0436191762322753,0.0,,0.0,False,False,0.9,matched,,True,True,True,True,seqslam+dinov2,2025-02-28T06:26:13.177336+00:00,2024-04-13T09:14:35.878468+00:00
1235,1137.0,1137.0,1137.0,False,1.761035599248036,0.34687052910129634,1.0,2.0,1.0339960238568588,0.0,,0.0,False,False,0.9,matched,,True,True,True,True,seqslam+dinov2,2025-02-28T06:26:13.278268+00:00,2024-04-13T09:14:35.978734+00:00
1236,1138.0,1138.0,1138.0,False,1.7054431097717109,0.29278821741491656,1.0,2.0,1.0234263465282283,0.0,,0.0,False,False,0.9,matched,,True,True,True,True,seqslam+dinov2,2025-02-28T06:26:13.378276+00:00,2024-04-13T09:14:36.077965+00:00
1237,1139.0,1139.0,1139.0,False,1.6202940330108484,-0.17846218706778139,1.0,2.0,1.0120481927710843,913.0,,0.0,False,False,0.9,matched,,True,True,True,True,seqslam+dinov2,2025-02-28T06:26:13.475878+00:00,2024-04-13T09:14:36.177970+00:00
1238,1140.0,1140.0,1140.0,False,1.5674146136926839,0.05018370019673157,1.0,2.0,1.0,0.0,,0.0,False,False,0.9,matched,,True,True,True,True,seqslam+dinov2,2025-02-28T06:26:13.578796+00:00,2024-04-13T09:14:36.277824+00:00
1239,1141.0,1141.0,1141.0,False,1.5486682032552925,-0.3975830776143294,1.0,2.0,1.0,915.0,,0.0,False,False,0.9,matched,,True,True,True,True,seqslam+dinov2,2025-02-28T06:26:13.678398+00:00,2024-04-13T09:14:36.380170+00:00
1240,1142.0,1142.0,1142.0,False,1.5581541127944631,-0.47675552705375357,1.0,2.0,1.0,916.0,,0.0,False,False,0.9,matched,,True,True,True,True,seqslam+dinov2,2025-02-28T06:26:13.775675+00:00,2024-04-13T09:14:36.478212+00:00
1241,1143.0,1143.0,1143.0,False,1.5166854610448768,-0.7887103767184256,1.0,2.0,1.0,914.0,,0.0,False,False,0.9,matched,,True,True,True,True,seqslam+dinov2,2025-02-28T06:26:13.874268+00:00,2024-04-13T09:14:36.578013+00:00
1242,1144.0,1144.0,1144.0,False,1.4701267761210834,-0.7759588778721562,1.0,2.0,1.0,918.0,,0.0,False,False,0.7,matched,,True,True,True,True,seqslam+dinov2,2025-02-28T06:26:13.978353+00:00,2024-04-13T09:14:36.678226+00:00
1243,1145.0,1145.0,1145.0,False,1.476739315953445,-0.4891776233474159,1.0,2.0,1.0,922.0,,0.0,False,False,0.7,matched,,True,True,True,True,seqslam+dinov2,2025-02-28T06:26:14.076286+00:00,2024-04-13T09:14:36.781182+00:00
1244,1146.0,1146.0,1146.0,False,1.4792689924239075,0.046492428829631116,1.0,2.0,0.987012987012987,1.0,,0.0,False,False,0.7,matched,,True,True,True,True,seqslam+dinov2,2025-02-28T06:26:14.174951+00:00,2024-04-13T09:14:36.877727+00:00
1245,1147.0,1147.0,1147.0,False,1.5436314165309921,0.27132540698603114,1.0,2.0,0.9753246753246754,0.0,,0.0,False,False,0.9,matched,,True,True,True,True,seqslam+dinov2,2025-02-28T06:26:14.274475+00:00,2024-04-13T09:14:36.977607+00:00
1246,1148.0,1148.0,1148.0,False,1.609255521444297,-0.02752716695599533,1.0,2.0,0.964935064935065,1.0,,0.0,False,False,0.9,matched,,True,True,True,True,seqslam+dinov2,2025-02-28T06:26:14.375541+00:00,2024-04-13T09:14:37.077745+00:00
1247,1149.0,1149.0,1149.0,False,1.6960778418026061,-0.22594051279436944,1.0,2.0,0.9558441558441558,1044.0,,0.0,False,False,0.9,matched,,True,True,True,True,seqslam+dinov2,2025-02-28T06:26:14.475185+00:00,2024-04-13T09:14:37.177904+00:00
1248,1150.0,1150.0,1150.0,False,1.7994095577892808,0.06497239727679793,1.0,2.0,0.948051948051948,0.0,,0.0,False,False,0.9,matched,,True,True,True,True,seqslam+dinov2,2025-02-28T06:26:14.577663+00:00,2024-04-13T09:14:37.279927+00:00
1249,1151.0,1151.0,1151.0,False,1.8852655641263754,0.2228889308374189,1.0,2.0,0.9415584415584416,1.0,,0.0,False,False,0.9,matched,,True,True,True,True,seqslam+dinov2,2025-02-28T06:26:14.674592+00:00,2024-04-13T09:14:37.384720+00:00
1250,1152.0,1152.0,1152.0,False,1.927711903362516,0.5636174541442207,1.0,2.0,0.9363636363636364,0.0,,0.0,False,False,0.9,matched,,True,True,True,True,seqslam+dinov2,2025-02-28T06:26:14.779145+00:00,2024-04-13T09:14:37.479133+00:00
1251,1153.0,1153.0,1153.0,False,1.9268003751250418,0.5110504457153668,1.0,2.0,0.9324675324675324,0.0,,0.0,False,False,0.9,matched,,True,True,True,True,seqslam+dinov2,2025-02-28T06:26:14.874946+00:00,2024-04-13T09:14:37.581639+00:00
1252,1154.0,1154.0,1154.0,False,1.9580531939975487,0.5179586328020476,1.0,2.0,0.9298701298701298,1.0,,0.0,False,False,0.9,matched,,True,True,True,True,seqslam+dinov2,2025-02-28T06:26:14.981323+00:00,2024-04-13T09:14:37.679851+00:00
1253,1155.0,1155.0,1155.0,False,1.9904902236185231,0.6481744911395284,1.0,2.0,0.9285714285714286,0.0,,0.0,False,False,0.9,matched,,True,True,True,True,seqslam+dinov2,2025-02-28T06:26:15.078844+00:00,2024-04-13T09:14:37.779658+00:00
1254,1155.0,1155.0,1155.0,False,1.9913812795903716,0.6625429803025786,0.0,1.0,0.9285714285714286,0.0,,0.0,False,False,0.9,matched,,True,True,True,True,seqslam+dinov2,2025-02-28T06:26:15.175337+00:00,2024-04-13T09:14:37.779658+00:00
1255,1156.0,1156.0,1156.0,False,1.9925844567475606,0.8119401801046275,0.0,1.0,0.9298701298701298,0.0,,0.0,False,False,0.9,matched,,True,True,True,True,seqslam+dinov2,2025-02-28T06:26:15.278260+00:00,2024-04-13T09:14:37.883123+00:00
1256,1157.0,1157.0,1157.0,False,1.9573680723328444,0.5562741064913252,0.0,1.0,0.9324675324675324,0.0,,0.0,False,False,0.9,matched,,True,True,True,True,seqslam+dinov2,2025-02-28T06:26:15.375840+00:00,2024-04-13T09:14:37.980890+00:00
1257,1158.0,1158.0,1158.0,False,1.9178284738147797,0.4139040258006832,1.0,1.0,0.9363636363636364,0.0,,0.0,False,False,0.9,matched,,True,True,True,True,seqslam+dinov2,2025-02-28T06:26:15.478650+00:00,2024-04-13T09:14:38.082209+00:00
1258,1159.0,1159.0,1159.0,False,1.8726964492555724,0.3245123384949644,1.0,1.0,0.9415584415584416,0.0,,0.0,False,False,0.9,matched,,True,True,True,True,seqslam+dinov2,2025-02-28T06:26:15.574350+00:00,2024-04-13T09:14:38.177863+00:00
1259,1160.0,1160.0,1160.0,False,1.8038385594598454,0.25105196882575953,1.0,1.0,0.935064935064935,0.0,,0.0,False,False,0.9,matched,,True,True,True,True,seqslam+dinov2,2025-02-28T06:26:15.674650+00:00,2024-04-13T09:14:38.277888+00:00
1260,1161.0,1161.0,1161.0,False,1.7472651590541795,0.36956042078883033,1.0,1.0,0.9311688311688312,0.0,,0.0,False,False,0.9,matched,,True,True,True,True,seqslam+dinov2,2025-02-28T06:26:15.776573+00:00,2024-04-13T09:14:38.377908+00:00
1261,1162.0,1162.0,1162.0,False,1.6656241025175775,0.3522511859484354,1.0,1.0,0.9298701298701298,0.0,,0.0,False,False,0.9,matched,,True,True,True,True,seqslam+dinov2,2025-02-28T06:26:15.875052+00:00,2024-04-13T09:14:38.483646+00:00
1262,1163.0,1163.0,1163.0,False,1.5964341846930052,0.22092894562342047,1.0,1.0,0.9311688311688312,2.0,,0.0,False,False,0.9,matched,,True,True,True,True,seqslam+dinov2,2025-02-28T06:26:15.975399+00:00,2024-04-13T09:14:38.583120+00:00
1263,1164.0,1164.0,1164.0,False,1.5280704032418655,-0.046457281193325706,1.0,1.0,0.935064935064935,3.0,,0.0,False,False,0.9,matched,,True,True,True,True,seqslam+dinov2,2025-02-28T06:26:16.074312+00:00,2024-04-13T09:14:38.682704+00:00
1264,1165.0,1165.0,1165.0,False,1.4495920251038763,-0.4028759784224525,1.0,1.0,0.9415584415584416,824.0,,0.0,False,False,0.7,matched,,True,True,True,True,seqslam+dinov2,2025-02-28T06:26:16.174180+00:00,2024-04-13T09:14:38.783461+00:00
1265,1166.0,1166.0,1166.0,False,1.338461821745161,-0.021578409787399666,1.0,1.0,0.9363636363636364,942.0,,0.0,False,False,0.7,matched,,True,True,True,True,seqslam+dinov2,2025-02-28T06:26:16.275663+00:00,2024-04-13T09:14:38.877791+00:00
1266,1167.0,1167.0,1167.0,False,1.2076090092649918,-0.46812350308306216,1.0,1.0,0.9324675324675324,945.0,,0.0,False,False,0.7,matched,,True,True,True,True,seqslam+dinov2,2025-02-28T06:26:16.383686+00:00,2024-04-13T09:14:38.978316+00:00
1267,1168.0,1168.0,1168.0,False,1.142949487034649,-0.3176515821555368,1.0,1.0,0.9298701298701298,938.0,,0.0,False,False,0.7,matched,,True,True,True,True,seqslam+dinov2,2025-02-28T06:26:16.476170+00:00,2024-04-13T09:14:39.078097+00:00
1268,1169.0,1169.0,1169.0,False,1.1051164739584627,-0.49926797207341833,1.0,1.0,0.9285714285714286,946.0,,0.0,False,False,0.7,matched,,True,True,True,True,seqslam+dinov2,2025-02-28T06:26:16.576797+00:00,2024-04-13T09:14:39.183672+00:00
1269,1169.0,1169.0,1169.0,False,1.0817977076549463,-0.6026385402741284,2.0,0.0,0.9285714285714286,940.0,,0.0,False,False,0.7,matched,,True,True,True,True,seqslam+dinov2,2025-02-28T06:26:16.674450+00:00,2024-04-13T09:14:39.183672+00:00
1270,1170.0,1170.0,1170.0,False,1.0953318797351173,-0.9314047973455383,2.0,0.0,0.9298701298701298,941.0,,0.0,False,False,0.7,matched,,True,True,True,True,seqslam+dinov2,2025-02-28T06:26:16.775653+00:00,2024-04-13T09:14:39.283135+00:00
1271,1171.0,1171.0,1171.0,False,1.0889129666111763,-1.245981104069241,2.0,0.0,0.9324675324675324,942.0,,0.0,False,False,0.7,matched,,True,True,True,True,seqslam+dinov2,2025-02-28T06:26:16.880274+00:00,2024-04-13T09:14:39.381229+00:00
1272,1172.0,1172.0,1172.0,False,1.106884039483487,-0.5417884311800387,2.0,0.0,0.9363636363636364,943.0,,0.0,False,False,0.7,matched,,True,True,True,True,seqslam+dinov2,2025-02-28T06:26:16.977372+00:00,2024-04-13T09:14:39.480317+00:00
1273,1173.0,1173.0,1173.0,False,1.135368397523015,-0.3333924261919621,2.0,0.0,0.9415584415584416,944.0,,0.0,False,False,0.7,matched,,True,True,True,True,seqslam+dinov2,2025-02-28T06:26:17.080170+00:00,2024-04-13T09:14:39.580168+00:00
1274,1174.0,1174.0,1174.0,False,1.1757433963407913,-0.3565755096180361,2.0,0.0,0.948051948051948,945.0,,0.0,False,False,0.7,matched,,True,True,True,True,seqslam+dinov2,2025-02-28T06:26:17.175488+00:00,2024-04-13T09:14:39.678444+00:00
1275,1175.0,1175.0,1175.0,False,1.2430429299275603,-0.23589024134492065,2.0,0.0,0.9558441558441558,946.0,,0.0,False,False,0.7,matched,,True,True,True,True,seqslam+dinov2,2025-02-28T06:26:17.277691+00:00,2024-04-13T09:14:39.778081+00:00
1276,1176.0,1176.0,1176.0,False,1.3239563988394978,-0.18288895916761927,2.0,0.0,0.964935064935065,814.0,,0.0,False,False,0.7,matched,,True,True,True,True,seqslam+dinov2,2025-02-28T06:26:17.374776+00:00,2024-04-13T09:14:39.878186+00:00
1277,1177.0,1177.0,1177.0,False,1.4346781444062293,-0.28031401240283116,2.0,0.0,0.9753246753246754,959.0,,0.0,False,False,0.7,matched,,True,True,True,True,seqslam+dinov2,2025-02-28T06:26:17.474619+00:00,2024-04-13T09:14:39.985771+00:00
1278,1178.0,1178.0,1178.0,False,1.4785569620399628,-0.07626807057009422,2.0,0.0,0.987012987012987,496.0,,0.0,False,False,0.7,matched,,True,True,True,True,seqslam+dinov2,2025-02-28T06:26:17.576096+00:00,2024-04-13T09:14:40.077996+00:00
1279,1179.0,1179.0,1179.0,False,1.5357089965556676,0.10600203314446777,2.0,0.0,1.0,0.0,,0.0,False,False,0.9,matched,,True,True,True,True,seqslam+dinov2,2025-02-28T06:26:17.677810+00:00,2024-04-13T09:14:40.182662+00:00
1280,1180.0,1180.0,1180.0,False,1.593102097197208,0.2675815202835059,2.0,0.0,1.0,0.0,,0.0,False,False,0.9,matched,,True,True,True,True,seqslam+dinov2,2025-02-28T06:26:17.774625+00:00,2024-04-13T09:14:40.280197+00:00
1281,1181.0,1181.0,1181.0,False,1.6150238096824494,-0.26620387095070197,2.0,0.0,1.0,959.0,,0.0,False,False,0.9,matched,,True,True,True,True,seqslam+dinov2,2025-02-28T06:26:17.875100+00:00,2024-04-13T09:14:40.378464+00:00
1282,1182.0,1182.0,1182.0,False,1.6401089595359168,-0.043471695633114704,2.0,0.0,1.0,960.0,,0.0,False,False,0.9,matched,,True,True,True,True,seqslam+dinov2,2025-02-28T06:26:17.975256+00:00,2024-04-13T09:14:40.478775+00:00
1283,1183.0,1183.0,1183.0,False,1.6743095483378432,-0.23390355259379225,2.0,0.0,1.0,961.0,,0.0,False,False,0.9,matched,,True,True,True,True,seqslam+dinov2,2025-02-28T06:26:18.077591+00:00,2024-04-13T09:14:40.579040+00:00
1284,1184.0,1184.0,1184.0,False,1.6748468305323778,0.10302434676246985,2.0,0.0,1.0,0.0,,0.0,False,False,0.9,matched,,True,True,True,True,seqslam+dinov2,2025-02-28T06:26:18.179213+00:00,2024-04-13T09:14:40.678765+00:00
1285,1185.0,1185.0,1185.0,False,1.6539936247041935,0.26667643339224867,2.0,0.0,1.0,0.0,,0.0,False,False,0.9,matched,,True,True,True,True,seqslam+dinov2,2025-02-28T06:26:18.276910+00:00,2024-04-13T09:14:40.782153+00:00
1286,1186.0,1186.0,1186.0,False,1.6526513132425984,0.017079786087332183,2.0,0.0,1.0,0.0,,0.0,False,False,0.9,matched,,True,True,True,True,seqslam+dinov2,2025-02-28T06:26:18.374566+00:00,2024-04-13T09:14:40.881420+00:00
1287,1187.0,1187.0,1187.0,False,1.6759554759315056,0.03373690766746451,2.0,0.0,1.0,0.0,,0.0,False,False,0.9,matched,,True,True,True,True,seqslam+dinov2,2025-02-28T06:26:18.475377+00:00,2024-04-13T09:14:40.978737+00:00
1288,1188.0,1188.0,1188.0,False,1.698757446203738,0.29544087006213693,2.0,0.0,1.0,0.0,,0.0,False,False,0.9,matched,,True,True,True,True,seqslam+dinov2,2025-02-28T06:26:18.574476+00:00,2024-04-13T09:14:41.078638+00:00
1289,1189.0,1189.0,1189.0,False,1.721949863974384,0.037045498611089744,2.0,0.0,1.0,0.0,,0.0,False,False,0.9,matched,,True,True,True,True,seqslam+dinov2,2025-02-28T06:26:18.675820+00:00,2024-04-13T09:14:41.178105+00:00
1290,1190.0,1190.0,1190.0,False,1.680738739085382,-0.20166914623066345,2.0,0.0,1.0,966.0,,0.0,False,False,0.9,matched,,True,True,True,True,seqslam+dinov2,2025-02-28T06:26:18.774628+00:00,2024-04-13T09:14:41.278968+00:00
1291,1191.0,1191.0,1191.0,False,1.66163501529003,0.06438103812106988,2.0,0.0,1.0,0.0,,0.0,False,False,0.9,matched,,True,True,True,True,seqslam+dinov2,2025-02-28T06:26:18.874851+00:00,2024-04-13T09:14:41.379218+00:00
1292,1192.0,1192.0,1192.0,False,1.6473540431287335,0.1038717904644979,2.0,0.0,1.0,0.0,,0.0,False,False,0.9,matched,,True,True,True,True,seqslam+dinov2,2025-02-28T06:26:18.975257+00:00,2024-04-13T09:14:41.483659+00:00
1293,1193.0,1193.0,1193.0,False,1.6365207997150832,0.43654004493539666,3.0,0.0,1.0,0.0,,0.0,False,False,0.9,matched,,True,True,True,True,seqslam+dinov2,2025-02-28T06:26:19.074901+00:00,2024-04-13T09:14:41.581863+00:00
1294,1194.0,1194.0,1194.0,False,1.5912139383415882,0.05052685016950176,4.0,0.0,1.0,0.0,,0.0,False,False,0.7,matched,,True,True,True,True,seqslam+dinov2,2025-02-28T06:26:19.174285+00:00,2024-04-13T09:14:41.685461+00:00
1295,1195.0,1195.0,1195.0,False,1.5705314458886612,-0.18793690572160937,4.0,0.0,1.0,37.0,,0.0,False,False,0.7,matched,,True,True,True,True,seqslam+dinov2,2025-02-28T06:26:19.277601+00:00,2024-04-13T09:14:41.781426+00:00
1296,1196.0,1196.0,1196.0,False,1.57013287822569,-0.021392448571725176,4.0,0.0,1.0,972.0,,0.0,False,False,0.7,matched,,True,True,True,True,seqslam+dinov2,2025-02-28T06:26:19.374660+00:00,2024-04-13T09:14:41.878390+00:00
1297,1197.0,1197.0,1197.0,False,1.5424174868965013,-0.10228072692705426,4.0,0.0,1.0,777.0,,0.0,False,False,0.7,matched,,True,True,True,True,seqslam+dinov2,2025-02-28T06:26:19.476326+00:00,2024-04-13T09:14:41.981103+00:00
1298,1198.0,1198.0,1198.0,False,1.5324881057681814,-0.15168721813486075,4.0,0.0,1.0,974.0,,0.0,False,False,0.7,matched,,True,True,True,True,seqslam+dinov2,2025-02-28T06:26:19.576730+00:00,2024-04-13T09:14:42.079437+00:00
1299,1199.0,1199.0,1199.0,False,1.4963915129455723,-0.14020717370794755,4.0,0.0,1.0,964.0,,0.0,False,False,0.7,matched,,True,True,True,True,seqslam+dinov2,2025-02-28T06:26:19.676363+00:00,2024-04-13T09:14:42.179839+00:00
1300,1200.0,1200.0,1200.0,False,1.465886296730668,-0.1934263087294925,4.0,0.0,1.0,971.0,,0.0,False,False,0.7,matched,,True,True,True,True,seqslam+dinov2,2025-02-28T06:26:19.778558+00:00,2024-04-13T09:14:42.278967+00:00
1301,1201.0,1201.0,1201.0,False,1.4681443254632198,-0.23023673765866914,4.0,0.0,1.0,788.0,,0.0,False,False,0.7,matched,,True,True,True,True,seqslam+dinov2,2025-02-28T06:26:19.875223+00:00,2024-04-13T09:14:42.378399+00:00
1302,1202.0,1202.0,1202.0,False,1.4561943636053665,-0.32223828137448374,4.0,0.0,1.0,973.0,,0.0,False,False,0.7,matched,,True,True,True,True,seqslam+dinov2,2025-02-28T06:26:19.974365+00:00,2024-04-13T09:14:42.477755+00:00
1303,1203.0,1203.0,1203.0,False,1.4476629285447893,0.057884639791293324,4.0,0.0,1.0,0.0,,0.0,False,False,0.7,matched,,True,True,True,True,seqslam+dinov2,2025-02-28T06:26:20.074492+00:00,2024-04-13T09:14:42.578308+00:00
1304,1204.0,1204.0,1204.0,False,1.429756875499307,0.0023118516852222992,4.0,0.0,1.0,0.0,,0.0,False,False,0.7,matched,,True,True,True,True,seqslam+dinov2,2025-02-28T06:26:20.178567+00:00,2024-04-13T09:14:42.682045+00:00
1305,1205.0,1205.0,1205.0,False,1.4357656967212458,0.04031980776005706,4.0,0.0,1.0,0.0,,0.0,False,False,0.7,matched,,True,True,True,True,seqslam+dinov2,2025-02-28T06:26:20.275552+00:00,2024-04-13T09:14:42.777872+00:00
1306,1206.0,1206.0,1206.0,False,1.4522936136975988,-0.05526130494589654,4.0,0.0,1.0,977.0,,0.0,False,False,0.7,matched,,True,True,True,True,seqslam+dinov2,2025-02-28T06:26:20.374232+00:00,2024-04-13T09:14:42.879261+00:00
1307,1207.0,1207.0,1207.0,False,1.4709972967938076,-0.15434150719996875,4.0,0.0,1.0,782.0,,0.0,False,False,0.7,matched,,True,True,True,True,seqslam+dinov2,2025-02-28T06:26:20.475733+00:00,2024-04-13T09:14:42.980331+00:00
1308,1208.0,1208.0,1208.0,False,1.4912505956415723,-0.13799271096885168,4.0,0.0,1.0,38.0,,0.0,False,False,0.7,matched,,True,True,True,True,seqslam+dinov2,2025-02-28T06:26:20.574677+00:00,2024-04-13T09:14:43.080624+00:00
1309,1209.0,1209.0,1209.0,False,1.4940773632829996,-0.12820511289396008,4.0,0.0,1.0,52.0,,0.0,False,False,0.7,matched,,True,True,True,True,seqslam+dinov2,2025-02-28T06:26:20.674410+00:00,2024-04-13T09:14:43.181974+00:00
1310,1210.0,1210.0,1210.0,False,1.5142798463915967,-0.07009988229928643,4.0,0.0,1.0,901.0,,0.0,False,False,0.7,matched,,True,True,True,True,seqslam+dinov2,2025-02-28T06:26:20.779189+00:00,2024-04-13T09:14:43.278952+00:00
1311,1211.0,1211.0,1211.0,False,1.5545844859357858,-0.13014297543973008,4.0,0.0,1.0,36.0,,0.0,False,False,0.7,matched,,True,True,True,True,seqslam+dinov2,2025-02-28T06:26:20.874394+00:00,2024-04-13T09:14:43.384151+00:00
1312,1212.0,1212.0,1212.0,False,1.5820310329373,-0.23520761100725318,4.0,0.0,1.0,36.0,,0.0,False,False,0.7,matched,,True,True,True,True,seqslam+dinov2,2025-02-28T06:26:20.978450+00:00,2024-04-13T09:14:43.483685+00:00
1313,1213.0,1213.0,1213.0,False,1.557957692289448,-0.011321537978234986,3.0,0.0,1.0,36.0,,0.0,False,False,0.9,matched,,True,True,True,True,seqslam+dinov2,2025-02-28T06:26:21.075109+00:00,2024-04-13T09:14:43.579949+00:00
1314,1214.0,1214.0,1214.0,False,1.5420131323500614,0.03191806627433724,3.0,0.0,1.0,0.0,,0.0,False,False,0.9,matched,,True,True,True,True,seqslam+dinov2,2025-02-28T06:26:21.178326+00:00,2024-04-13T09:14:43.682414+00:00
1315,1215.0,1215.0,1215.0,False,1.5315399310684883,0.1860419811227474,3.0,0.0,1.0,0.0,,0.0,False,False,0.9,matched,,True,True,True,True,seqslam+dinov2,2025-02-28T06:26:21.275233+00:00,2024-04-13T09:14:43.780888+00:00
1316,1216.0,1216.0,1216.0,False,1.4933555317432379,0.11665831007768901,3.0,0.0,1.0,0.0,,0.0,False,False,0.7,matched,,True,True,True,True,seqslam+dinov2,2025-02-28T06:26:21.377827+00:00,2024-04-13T09:14:43.878158+00:00
1317,1217.0,1217.0,1217.0,False,1.4324967299375746,0.19139679325186654,3.0,0.0,1.0,0.0,,0.0,False,False,0.7,matched,,True,True,True,True,seqslam+dinov2,2025-02-28T06:26:21.477571+00:00,2024-04-13T09:14:43.981502+00:00
1318,1218.0,1218.0,1218.0,False,1.4053846161656791,-0.5883641242520834,3.0,0.0,0.987012987012987,35.0,,0.0,False,False,0.7,matched,,True,True,True,True,seqslam+dinov2,2025-02-28T06:26:21.577841+00:00,2024-04-13T09:14:44.082251+00:00
1319,1219.0,1219.0,1219.0,False,1.3875630600796633,-0.37992845614126103,3.0,0.0,0.9753246753246754,33.0,,0.0,False,False,0.7,matched,,True,True,True,True,seqslam+dinov2,2025-02-28T06:26:21.676089+00:00,2024-04-13T09:14:44.177840+00:00
1320,1220.0,1220.0,1220.0,False,1.3883666517164464,-0.33612505042593144,3.0,0.0,0.964935064935065,69.0,,0.0,False,False,0.7,matched,,True,True,True,True,seqslam+dinov2,2025-02-28T06:26:21.775450+00:00,2024-04-13T09:14:44.279262+00:00
1321,1221.0,1221.0,1221.0,False,1.3986870230201474,-0.6686459589074882,3.0,0.0,0.9558441558441558,768.0,,0.0,False,False,0.7,matched,,True,True,True,True,seqslam+dinov2,2025-02-28T06:26:21.875555+00:00,2024-04-13T09:14:44.380089+00:00
1322,1222.0,1222.0,1222.0,False,1.4046860557238074,-0.6046675436994062,3.0,0.0,0.948051948051948,917.0,,0.0,False,False,0.7,matched,,True,True,True,True,seqslam+dinov2,2025-02-28T06:26:21.977026+00:00,2024-04-13T09:14:44.480043+00:00
1323,1223.0,1223.0,1223.0,False,1.435919881047946,-0.11935636241030823,3.0,0.0,0.9415584415584416,914.0,,0.0,False,False,0.7,matched,,True,True,True,True,seqslam+dinov2,2025-02-28T06:26:22.074498+00:00,2024-04-13T09:14:44.577837+00:00
1324,1224.0,1224.0,1224.0,False,1.4766562280569986,-0.0265963767505919,3.0,0.0,0.9363636363636364,3.0,,0.0,False,False,0.7,matched,,True,True,True,True,seqslam+dinov2,2025-02-28T06:26:22.174387+00:00,2024-04-13T09:14:44.678074+00:00
1325,1225.0,1225.0,1225.0,False,1.522899396679331,0.1698497103923562,3.0,0.0,0.9324675324675324,0.0,,0.0,False,False,0.9,matched,,True,True,True,True,seqslam+dinov2,2025-02-28T06:26:22.274934+00:00,2024-04-13T09:14:44.780028+00:00
1326,1226.0,1226.0,1226.0,False,1.5429994815868937,0.2174034188981968,3.0,0.0,0.9298701298701298,0.0,,0.0,False,False,0.9,matched,,True,True,True,True,seqslam+dinov2,2025-02-28T06:26:22.377501+00:00,2024-04-13T09:14:44.877724+00:00
1327,1227.0,1227.0,1227.0,False,1.59004554714098,0.545353656883153,3.0,0.0,0.9285714285714286,0.0,,0.0,False,False,0.9,matched,,True,True,True,True,seqslam+dinov2,2025-02-28T06:26:22.474300+00:00,2024-04-13T09:14:44.977642+00:00
1328,1227.0,1227.0,1227.0,False,1.6488751471932666,0.7374449461899402,4.0,1.0,0.9285714285714286,0.0,,0.0,False,False,0.7,matched,,True,True,True,True,seqslam+dinov2,2025-02-28T06:26:22.574644+00:00,2024-04-13T09:14:44.977642+00:00
1329,1228.0,1228.0,1228.0,False,1.6762546413272401,0.2518289178451514,4.0,1.0,0.9298701298701298,1.0,,0.0,False,False,0.7,matched,,True,True,True,True,seqslam+dinov2,2025-02-28T06:26:22.677285+00:00,2024-04-13T09:14:45.081580+00:00
1330,1229.0,1229.0,1229.0,False,1.711113625433257,0.1195678026004674,4.0,1.0,0.9324675324675324,0.0,,0.0,False,False,0.7,matched,,True,True,True,True,seqslam+dinov2,2025-02-28T06:26:22.775935+00:00,2024-04-13T09:14:45.183027+00:00
1331,1230.0,1230.0,1230.0,False,1.7160269715661507,-0.11554475074691695,4.0,1.0,0.9363636363636364,1006.0,,0.0,False,False,0.7,matched,,True,True,True,True,seqslam+dinov2,2025-02-28T06:26:22.877401+00:00,2024-04-13T09:14:45.283243+00:00
1332,1231.0,1231.0,1231.0,False,1.7238199711863857,0.02463509603020131,4.0,1.0,0.9415584415584416,0.0,,0.0,False,False,0.7,matched,,True,True,True,True,seqslam+dinov2,2025-02-28T06:26:22.976886+00:00,2024-04-13T09:14:45.381820+00:00
1333,1232.0,1232.0,1232.0,False,1.7381591704004349,0.008365404852649139,4.0,1.0,0.948051948051948,5.0,,0.0,False,False,0.7,matched,,True,True,True,True,seqslam+dinov2,2025-02-28T06:26:23.075892+00:00,2024-04-13T09:14:45.485764+00:00
1334,1233.0,1233.0,1233.0,False,1.7313359180792403,0.21632972769475423,4.0,1.0,0.9558441558441558,0.0,,0.0,False,False,0.7,matched,,True,True,True,True,seqslam+dinov2,2025-02-28T06:26:23.174469+00:00,2024-04-13T09:14:45.579482+00:00
1335,1234.0,1234.0,1234.0,False,1.7312293064983422,0.27910990870606933,3.0,1.0,0.964935064935065,0.0,,0.0,False,False,0.9,matched,,True,True,True,True,seqslam+dinov2,2025-02-28T06:26:23.276186+00:00,2024-04-13T09:14:45.680414+00:00
1336,1235.0,1235.0,1235.0,False,1.6976566188827702,0.10606779808521427,2.0,1.0,0.986873811033608,2.0,,0.0,False,False,0.9,matched,,True,True,True,True,seqslam+dinov2,2025-02-28T06:26:23.379156+00:00,2024-04-13T09:14:45.781738+00:00
1337,1236.0,1236.0,1236.0,False,1.7003696624214795,0.47807202592084863,2.0,1.0,1.020334928229665,0.0,,0.0,False,False,0.9,matched,,True,True,True,True,seqslam+dinov2,2025-02-28T06:26:23.475657+00:00,2024-04-13T09:14:45.882345+00:00
1338,1237.0,1237.0,1237.0,False,1.6852278568348469,0.46490605719171874,2.0,1.0,1.0556867101791416,0.0,,0.0,False,False,0.9,matched,,True,True,True,True,seqslam+dinov2,2025-02-28T06:26:23.576124+00:00,2024-04-13T09:14:45.981893+00:00
1339,1238.0,1238.0,1238.0,False,1.6903308888897752,0.48752340838451014,2.0,1.0,1.076417004048583,0.0,,0.0,False,False,0.9,matched,,True,True,True,True,seqslam+dinov2,2025-02-28T06:26:23.675652+00:00,2024-04-13T09:14:46.082188+00:00
1340,1239.0,1239.0,1239.0,False,1.7000941670715726,0.09514668472637444,2.0,1.0,1.095816464237517,0.0,,0.0,False,False,0.9,matched,,True,True,True,True,seqslam+dinov2,2025-02-28T06:26:23.775134+00:00,2024-04-13T09:14:46.179648+00:00
1341,1240.0,1240.0,1240.0,False,1.723039256453099,-0.21853446692904144,2.0,1.0,1.113390092879257,835.0,,0.0,False,False,0.9,matched,,True,True,True,True,seqslam+dinov2,2025-02-28T06:26:23.874408+00:00,2024-04-13T09:14:46.277535+00:00
1342,1241.0,1241.0,1241.0,False,1.7612737921150723,0.03593612391975265,2.0,1.0,1.128637303227858,11.0,,0.0,False,False,0.9,matched,,True,True,True,True,seqslam+dinov2,2025-02-28T06:26:23.975427+00:00,2024-04-13T09:14:46.381637+00:00
1343,1242.0,1242.0,1242.0,False,1.7405876646561182,-0.1008034028985012,2.0,1.0,1.1410818713450293,11.0,,0.0,False,False,0.9,matched,,True,True,True,True,seqslam+dinov2,2025-02-28T06:26:24.076891+00:00,2024-04-13T09:14:46.480569+00:00
1344,1243.0,1243.0,1243.0,False,1.7079103381191885,0.01635994273492236,2.0,1.0,1.1503052301600394,11.0,,0.0,False,False,0.9,matched,,True,True,True,True,seqslam+dinov2,2025-02-28T06:26:24.174364+00:00,2024-04-13T09:14:46.578115+00:00
1345,1245.0,1244.0,1246.0,False,1.7126981725621009,0.20729116766463518,2.0,1.0,1.155979347101932,1.0,,2.0,True,False,0.9,ambiguous_range,,True,True,True,True,seqslam+dinov2,2025-02-28T06:26:24.277858+00:00,2024-04-13T09:14:46.778029+00:00
1346,1247.0,1247.0,1247.0,False,1.7481078510266892,0.4820281754532614,2.0,1.0,1.1682545083361686,0.0,,0.0,False,False,0.9,matched,,True,True,True,True,seqslam+dinov2,2025-02-28T06:26:24.376600+00:00,2024-04-13T09:14:46.978863+00:00
1347,1248.0,1248.0,1248.0,False,1.835340254341957,0.500779678713144,2.0,2.0,1.1755080950740615,0.0,,0.0,False,False,0.9,matched,,True,True,True,True,seqslam+dinov2,2025-02-28T06:26:24.480252+00:00,2024-04-13T09:14:47.078215+00:00
1348,1249.0,1249.0,1249.0,False,1.8564370612385626,0.12268684675533237,2.0,3.0,1.1773496890117485,2.0,,0.0,False,False,0.9,matched,,True,True,True,True,seqslam+dinov2,2025-02-28T06:26:24.575413+00:00,2024-04-13T09:14:47.181399+00:00
1349,1250.0,1250.0,1250.0,False,1.8517283964006082,-0.14239877387541444,2.0,3.0,1.1736778846153844,825.0,,0.0,False,False,0.9,matched,,True,True,True,True,seqslam+dinov2,2025-02-28T06:26:24.677373+00:00,2024-04-13T09:14:47.285165+00:00
1350,1251.0,1251.0,1251.0,False,1.778245369386636,0.40406929201189623,2.0,3.0,1.1646939465674668,0.0,,0.0,False,False,0.9,matched,,True,True,True,True,seqslam+dinov2,2025-02-28T06:26:24.774255+00:00,2024-04-13T09:14:47.380542+00:00
1351,1252.0,1252.0,1252.0,False,1.712690705332181,0.4375416479792107,2.0,3.0,1.1508748761967647,0.0,,0.0,False,False,0.9,matched,,True,True,True,True,seqslam+dinov2,2025-02-28T06:26:24.877621+00:00,2024-04-13T09:14:47.478560+00:00
1352,1253.0,1253.0,1253.0,False,1.6358908426298635,0.7637374824051408,2.0,3.0,1.1329124040920715,0.0,,0.0,False,False,0.9,matched,,True,True,True,True,seqslam+dinov2,2025-02-28T06:26:24.974451+00:00,2024-04-13T09:14:47.584071+00:00
1353,1254.0,1254.0,1254.0,False,1.5284583066546473,0.17675429801550946,2.0,3.0,1.1116318377381684,0.0,,0.0,False,False,0.9,matched,,True,True,True,True,seqslam+dinov2,2025-02-28T06:26:25.075447+00:00,2024-04-13T09:14:47.681921+00:00
1354,1255.0,1255.0,1255.0,False,1.4750496898594172,-0.4283655131663462,3.0,3.0,1.087907249779865,1029.0,,0.0,False,False,0.7,matched,,True,True,True,True,seqslam+dinov2,2025-02-28T06:26:25.181428+00:00,2024-04-13T09:14:47.778476+00:00
1355,1256.0,1256.0,1257.0,False,1.4216223881481633,-0.9098031614172177,3.0,4.0,1.0748031496062993,1027.0,,1.0,True,False,0.7,ambiguous_range,,True,True,True,True,seqslam+dinov2,2025-02-28T06:26:25.274581+00:00,2024-04-13T09:14:47.879735+00:00
1356,1258.0,1258.0,1258.0,False,1.330653835099796,-0.5808439317963539,3.0,4.0,1.0732334047109209,813.0,,0.0,False,False,0.7,matched,,True,True,True,True,seqslam+dinov2,2025-02-28T06:26:25.374661+00:00,2024-04-13T09:14:48.078120+00:00
1357,1259.0,1259.0,1259.0,False,1.263047945572957,-0.5294278090414863,3.0,4.0,1.0701206529453513,819.0,,0.0,False,False,0.7,matched,,True,True,True,True,seqslam+dinov2,2025-02-28T06:26:25.486103+00:00,2024-04-13T09:14:48.178068+00:00
1358,1260.0,1260.0,1260.0,False,1.1543034861745258,-0.6712812018197186,3.0,4.0,1.0655172413793101,816.0,,0.0,False,False,0.7,matched,,True,True,True,True,seqslam+dinov2,2025-02-28T06:26:25.575547+00:00,2024-04-13T09:14:48.278656+00:00
1359,1261.0,1261.0,1261.0,False,1.105593764797274,-0.525403263404608,4.0,4.0,1.0594989561586639,817.0,,0.0,False,False,0.7,matched,,True,True,True,True,seqslam+dinov2,2025-02-28T06:26:25.677294+00:00,2024-04-13T09:14:48.379329+00:00
1360,1262.0,1262.0,1262.0,False,1.1056346761399236,-0.6308011348901925,4.0,4.0,1.0521619766643788,813.0,,0.0,False,False,0.7,matched,,True,True,True,True,seqslam+dinov2,2025-02-28T06:26:25.774269+00:00,2024-04-13T09:14:48.478641+00:00
1361,1263.0,1263.0,1263.0,False,1.1743698934699667,-0.8783020752104889,4.0,4.0,1.0436191762322753,815.0,,0.0,False,False,0.7,matched,,True,True,True,True,seqslam+dinov2,2025-02-28T06:26:25.875458+00:00,2024-04-13T09:14:48.579175+00:00
1362,1264.0,1264.0,1264.0,False,1.1793314760668667,-0.4817758439129254,4.0,4.0,1.0339960238568588,814.0,,0.0,False,False,0.7,matched,,True,True,True,True,seqslam+dinov2,2025-02-28T06:26:25.975377+00:00,2024-04-13T09:14:48.677987+00:00
1363,1265.0,1265.0,1265.0,False,1.1588618275694667,-0.7565872473358448,4.0,4.0,1.0234263465282283,813.0,,0.0,False,False,0.7,matched,,True,True,True,True,seqslam+dinov2,2025-02-28T06:26:26.074641+00:00,2024-04-13T09:14:48.777980+00:00
1364,1266.0,1266.0,1266.0,False,1.1825944986515737,-0.5093774171358387,4.0,4.0,1.0120481927710843,812.0,,0.0,False,False,0.7,matched,,True,True,True,True,seqslam+dinov2,2025-02-28T06:26:26.174264+00:00,2024-04-13T09:14:48.878881+00:00
1365,1267.0,1267.0,1267.0,False,1.1939285041904861,-0.2372597572586712,4.0,4.0,1.0,1042.0,,0.0,False,False,0.7,matched,,True,True,True,True,seqslam+dinov2,2025-02-28T06:26:26.276947+00:00,2024-04-13T09:14:48.978734+00:00
1366,1268.0,1268.0,1268.0,False,1.1730532191652656,-0.04343375576225217,4.0,4.0,1.0,804.0,,0.0,False,False,0.7,matched,,True,True,True,True,seqslam+dinov2,2025-02-28T06:26:26.375071+00:00,2024-04-13T09:14:49.080426+00:00
1367,1269.0,1269.0,1269.0,False,1.1603649481469849,-0.42264191752442026,4.0,4.0,1.0,1043.0,,0.0,False,False,0.7,matched,,True,True,True,True,seqslam+dinov2,2025-02-28T06:26:26.475714+00:00,2024-04-13T09:14:49.177510+00:00
1368,1270.0,1270.0,1270.0,False,1.1806105123645063,-0.4429654498796044,4.0,4.0,1.0,803.0,,0.0,False,False,0.7,matched,,True,True,True,True,seqslam+dinov2,2025-02-28T06:26:26.578419+00:00,2024-04-13T09:14:49.282927+00:00
1369,1271.0,1271.0,1271.0,False,1.2161700341134885,-0.23621986874931755,4.0,4.0,1.0,804.0,,0.0,False,False,0.7,matched,,True,True,True,True,seqslam+dinov2,2025-02-28T06:26:26.675114+00:00,2024-04-13T09:14:49.380062+00:00
1370,1272.0,1272.0,1272.0,False,1.2431635803415602,-0.34925400359512637,4.0,4.0,1.0,1226.0,,0.0,False,False,0.7,matched,,True,True,True,True,seqslam+dinov2,2025-02-28T06:26:26.776935+00:00,2024-04-13T09:14:49.480131+00:00
1371,1273.0,1273.0,1273.0,False,1.2495102689475905,-0.6951888042718586,4.0,4.0,0.987012987012987,618.0,,0.0,False,False,0.7,matched,,True,True,True,True,seqslam+dinov2,2025-02-28T06:26:26.877768+00:00,2024-04-13T09:14:49.583706+00:00
1372,1274.0,1274.0,1274.0,False,1.2191819769650734,-0.6094483532383772,4.0,4.0,0.9753246753246754,27.0,,0.0,False,False,0.7,matched,,True,True,True,True,seqslam+dinov2,2025-02-28T06:26:26.976025+00:00,2024-04-13T09:14:49.680421+00:00
1373,1275.0,1275.0,1275.0,False,1.2443600299771298,0.15287753495220202,4.0,4.0,0.964935064935065,1.0,,0.0,False,False,0.7,matched,,True,True,True,True,seqslam+dinov2,2025-02-28T06:26:27.076818+00:00,2024-04-13T09:14:49.781812+00:00
1374,1276.0,1276.0,1276.0,False,1.257403483239564,0.19251578611393771,4.0,4.0,0.9558441558441558,0.0,,0.0,False,False,0.7,matched,,True,True,True,True,seqslam+dinov2,2025-02-28T06:26:27.174355+00:00,2024-04-13T09:14:49.878270+00:00
1375,1277.0,1277.0,1277.0,False,1.3054750305952978,0.14714681280087105,4.0,4.0,0.948051948051948,1.0,,0.0,False,False,0.7,matched,,True,True,True,True,seqslam+dinov2,2025-02-28T06:26:27.277043+00:00,2024-04-13T09:14:49.977948+00:00
1376,1278.0,1278.0,1278.0,False,1.349464017574409,-0.05774993144395557,4.0,4.0,0.9415584415584416,6.0,,0.0,False,False,0.7,matched,,True,True,True,True,seqslam+dinov2,2025-02-28T06:26:27.374650+00:00,2024-04-13T09:14:50.078284+00:00
1377,1279.0,1279.0,1279.0,False,1.390696054902207,-0.32455269284222243,4.0,4.0,0.9363636363636364,3.0,,0.0,False,False,0.7,matched,,True,True,True,True,seqslam+dinov2,2025-02-28T06:26:27.476100+00:00,2024-04-13T09:14:50.178163+00:00
1378,1280.0,1280.0,1280.0,False,1.4394527697021493,-0.22300985587068234,4.0,4.0,0.9324675324675324,2.0,,0.0,False,False,0.7,matched,,True,True,True,True,seqslam+dinov2,2025-02-28T06:26:27.574773+00:00,2024-04-13T09:14:50.284016+00:00
1379,1281.0,1281.0,1281.0,False,1.43517529221766,-0.4167012448085683,4.0,4.0,0.9298701298701298,2.0,,0.0,False,False,0.7,matched,,True,True,True,True,seqslam+dinov2,2025-02-28T06:26:27.674715+00:00,2024-04-13T09:14:50.377709+00:00
1380,1282.0,1282.0,1282.0,False,1.433300298363573,0.09704612286642833,4.0,4.0,0.9155844155844156,0.0,,0.0,False,False,0.7,matched,,True,True,True,True,seqslam+dinov2,2025-02-28T06:26:27.775400+00:00,2024-04-13T09:14:50.480478+00:00
1381,1282.0,1282.0,1282.0,False,1.4241631410899573,0.1903058278534906,4.0,3.0,0.9038961038961039,2.0,,0.0,False,False,0.7,matched,,True,True,True,True,seqslam+dinov2,2025-02-28T06:26:27.879126+00:00,2024-04-13T09:14:50.480478+00:00
1382,1283.0,1283.0,1283.0,False,1.4396491358613057,0.04329765529445151,4.0,3.0,0.8948051948051948,2.0,,0.0,False,False,0.7,matched,,True,True,True,True,seqslam+dinov2,2025-02-28T06:26:27.975433+00:00,2024-04-13T09:14:50.582853+00:00
1383,1284.0,1284.0,1284.0,False,1.4913515039303276,-0.14223827858966653,4.0,3.0,0.8883116883116883,1046.0,,0.0,False,False,0.7,matched,,True,True,True,True,seqslam+dinov2,2025-02-28T06:26:28.074425+00:00,2024-04-13T09:14:50.684020+00:00
1384,1285.0,1285.0,1285.0,False,1.5351615758827948,-0.12306376836535438,4.0,3.0,0.8844155844155844,48.0,,0.0,False,False,0.7,matched,,True,True,True,True,seqslam+dinov2,2025-02-28T06:26:28.174382+00:00,2024-04-13T09:14:50.781694+00:00
1385,1286.0,1286.0,1286.0,False,1.5913880774074647,0.010342875968460952,4.0,3.0,0.8831168831168831,4.0,,0.0,False,False,0.7,matched,,True,True,True,True,seqslam+dinov2,2025-02-28T06:26:28.275919+00:00,2024-04-13T09:14:50.878483+00:00
1386,1287.0,1287.0,1287.0,False,1.577224881878351,-0.2746456475624699,4.0,3.0,0.8844155844155844,1.0,,0.0,False,False,0.7,matched,,True,True,True,True,seqslam+dinov2,2025-02-28T06:26:28.374618+00:00,2024-04-13T09:14:50.977661+00:00
1387,1288.0,1288.0,1288.0,False,1.5660885549734225,0.07929912861309507,4.0,3.0,0.8883116883116883,4.0,,0.0,False,False,0.7,matched,,True,True,True,True,seqslam+dinov2,2025-02-28T06:26:28.481772+00:00,2024-04-13T09:14:51.077472+00:00
1388,1289.0,1289.0,1289.0,False,1.5951807281113057,0.2388830516290108,4.0,3.0,0.8948051948051948,0.0,,0.0,False,False,0.7,matched,,True,True,True,True,seqslam+dinov2,2025-02-28T06:26:28.578502+00:00,2024-04-13T09:14:51.182254+00:00
1389,1290.0,1290.0,1290.0,False,1.622200186286333,0.4615591391209104,4.0,3.0,0.9038961038961039,0.0,,0.0,False,False,0.7,matched,,True,True,True,True,seqslam+dinov2,2025-02-28T06:26:28.680713+00:00,2024-04-13T09:14:51.278312+00:00
1390,1290.0,1290.0,1290.0,False,1.6226171336895974,-0.08066607104158963,4.0,2.0,0.9155844155844156,788.0,,0.0,False,False,0.7,matched,,True,True,True,True,seqslam+dinov2,2025-02-28T06:26:28.780161+00:00,2024-04-13T09:14:51.278312+00:00
1391,1291.0,1291.0,1291.0,False,1.625703919546182,0.008247713111194876,4.0,2.0,0.9298701298701298,2.0,,0.0,False,False,0.7,matched,,True,True,True,True,seqslam+dinov2,2025-02-28T06:26:28.877948+00:00,2024-04-13T09:14:51.381539+00:00
1392,1292.0,1292.0,1292.0,False,1.6601735792553776,0.04800910091933819,4.0,2.0,0.9324675324675324,1.0,,0.0,False,False,0.7,matched,,True,True,True,True,seqslam+dinov2,2025-02-28T06:26:28.974665+00:00,2024-04-13T09:14:51.480383+00:00
1393,1293.0,1293.0,1293.0,False,1.6692012227568076,0.08398981211208811,4.0,2.0,0.9363636363636364,0.0,,0.0,False,False,0.7,matched,,True,True,True,True,seqslam+dinov2,2025-02-28T06:26:29.078831+00:00,2024-04-13T09:14:51.578436+00:00
1394,1294.0,1294.0,1294.0,False,1.667475010093874,0.008955917206348696,4.0,1.0,0.9415584415584416,1.0,,0.0,False,False,0.7,matched,,True,True,True,True,seqslam+dinov2,2025-02-28T06:26:29.174644+00:00,2024-04-13T09:14:51.678505+00:00
1395,1295.0,1295.0,1295.0,False,1.660869276540825,-0.1541916704914712,4.0,1.0,0.948051948051948,2.0,,0.0,False,False,0.7,matched,,True,True,True,True,seqslam+dinov2,2025-02-28T06:26:29.276068+00:00,2024-04-13T09:14:51.778264+00:00
1396,1296.0,1296.0,1296.0,False,1.6480983892869099,0.010609371963886227,4.0,1.0,0.9558441558441558,2.0,,0.0,False,False,0.7,matched,,True,True,True,True,seqslam+dinov2,2025-02-28T06:26:29.375314+00:00,2024-04-13T09:14:51.882020+00:00
1397,1297.0,1297.0,1297.0,False,1.6693864958208096,0.2710734480788304,4.0,1.0,0.964935064935065,2.0,,0.0,False,False,0.7,matched,,True,True,True,True,seqslam+dinov2,2025-02-28T06:26:29.479770+00:00,2024-04-13T09:14:51.981741+00:00
1398,1298.0,1298.0,1298.0,False,1.6934085338582074,0.15724750608040905,4.0,1.0,0.9753246753246754,2.0,,0.0,False,False,0.7,matched,,True,True,True,True,seqslam+dinov2,2025-02-28T06:26:29.576498+00:00,2024-04-13T09:14:52.082654+00:00
1399,1299.0,1299.0,1299.0,False,1.7010225907459189,0.30035838856098174,4.0,1.0,0.987012987012987,2.0,,0.0,False,False,0.7,matched,,True,True,True,True,seqslam+dinov2,2025-02-28T06:26:29.679412+00:00,2024-04-13T09:14:52.182496+00:00
1400,1300.0,1300.0,1300.0,False,1.7127207228472088,0.20900181818115082,4.0,0.0,1.0,2.0,,0.0,False,False,0.7,matched,,True,True,True,True,seqslam+dinov2,2025-02-28T06:26:29.779689+00:00,2024-04-13T09:14:52.282224+00:00
1401,1301.0,1301.0,1301.0,False,1.7239411521170211,-0.16787403502466258,4.0,0.0,1.0,2.0,,0.0,False,False,0.7,matched,,True,True,True,True,seqslam+dinov2,2025-02-28T06:26:29.878208+00:00,2024-04-13T09:14:52.378441+00:00
1402,1302.0,1302.0,1302.0,False,1.7375297114723827,0.10703178132088476,3.0,1.0,1.0,2.0,,0.0,False,False,0.9,matched,,True,True,True,True,seqslam+dinov2,2025-02-28T06:26:29.978620+00:00,2024-04-13T09:14:52.482698+00:00
1403,1303.0,1303.0,1303.0,False,1.741721580100361,0.14183682857676772,3.0,1.0,1.0,0.0,,0.0,False,False,0.9,matched,,True,True,True,True,seqslam+dinov2,2025-02-28T06:26:30.076138+00:00,2024-04-13T09:14:52.582153+00:00
1404,1304.0,1304.0,1304.0,False,1.769625054965041,0.2516462939647597,3.0,1.0,1.0,1.0,,0.0,False,False,0.9,matched,,True,True,True,True,seqslam+dinov2,2025-02-28T06:26:30.174633+00:00,2024-04-13T09:14:52.687550+00:00
1405,1305.0,1305.0,1305.0,False,1.7783677032508258,0.27482082509854,3.0,1.0,1.0120481927710843,1.0,,0.0,False,False,0.9,matched,,True,True,True,True,seqslam+dinov2,2025-02-28T06:26:30.276491+00:00,2024-04-13T09:14:52.780163+00:00
1406,1306.0,1306.0,1306.0,False,1.7813576368550619,0.05586233863196721,3.0,1.0,1.0234263465282283,1.0,,0.0,False,False,0.9,matched,,True,True,True,True,seqslam+dinov2,2025-02-28T06:26:30.375363+00:00,2024-04-13T09:14:52.877969+00:00
1407,1307.0,1307.0,1307.0,False,1.7993688757886763,-0.1426608916190284,3.0,1.0,1.0339960238568588,771.0,,0.0,False,False,0.9,matched,,True,True,True,True,seqslam+dinov2,2025-02-28T06:26:30.474782+00:00,2024-04-13T09:14:52.977882+00:00
1408,1308.0,1308.0,1308.0,False,1.8016714431208045,-0.179732669673063,2.0,0.0,1.0436191762322755,772.0,,0.0,False,False,0.9,matched,,True,True,True,True,seqslam+dinov2,2025-02-28T06:26:30.575032+00:00,2024-04-13T09:14:53.079450+00:00
1409,1309.0,1309.0,1309.0,False,1.8129713675668326,0.4664466592169849,2.0,0.0,1.0521619766643788,0.0,,0.0,False,False,0.9,matched,,True,True,True,True,seqslam+dinov2,2025-02-28T06:26:30.676746+00:00,2024-04-13T09:14:53.179047+00:00
1410,1310.0,1310.0,1310.0,False,1.8221838111634079,0.291651472257068,2.0,0.0,1.0594989561586639,0.0,,0.0,False,False,0.9,matched,,True,True,True,True,seqslam+dinov2,2025-02-28T06:26:30.779950+00:00,2024-04-13T09:14:53.279617+00:00
1411,1311.0,1311.0,1311.0,False,1.8152575566681186,0.34944020337777726,2.0,0.0,1.0655172413793101,0.0,,0.0,False,False,0.9,matched,,True,True,True,True,seqslam+dinov2,2025-02-28T06:26:30.876502+00:00,2024-04-13T09:14:53.378116+00:00
1412,1312.0,1312.0,1312.0,False,1.8386303297660305,0.2904712310329416,2.0,0.0,1.070120652945351,0.0,,0.0,False,False,0.9,matched,,True,True,True,True,seqslam+dinov2,2025-02-28T06:26:30.974569+00:00,2024-04-13T09:14:53.482173+00:00
1413,1313.0,1313.0,1313.0,False,1.8355404290575394,0.28703856264298366,2.0,0.0,1.0732334047109209,0.0,,0.0,False,False,0.9,matched,,True,True,True,True,seqslam+dinov2,2025-02-28T06:26:31.074712+00:00,2024-04-13T09:14:53.578233+00:00
1414,1315.0,1314.0,1315.0,False,1.826040639823455,0.47669388282321346,2.0,1.0,1.0748031496062993,0.0,,1.0,True,False,0.9,ambiguous_range,,True,True,True,True,seqslam+dinov2,2025-02-28T06:26:31.174683+00:00,2024-04-13T09:14:53.780186+00:00
1415,1316.0,1316.0,1316.0,False,1.8164195856038625,0.4669559527490117,2.0,0.0,1.0732334047109209,1.0,,0.0,False,False,0.9,matched,,True,True,True,True,seqslam+dinov2,2025-02-28T06:26:31.278501+00:00,2024-04-13T09:14:53.882250+00:00
1416,1317.0,1317.0,1317.0,False,1.7771413403514353,0.3040901487710592,2.0,0.0,1.0701206529453513,1.0,,0.0,False,False,0.9,matched,,True,True,True,True,seqslam+dinov2,2025-02-28T06:26:31.375830+00:00,2024-04-13T09:14:53.978446+00:00
1417,1318.0,1318.0,1318.0,False,1.7601887781581917,0.36960896186545256,2.0,0.0,1.0655172413793101,0.0,,0.0,False,False,0.9,matched,,True,True,True,True,seqslam+dinov2,2025-02-28T06:26:31.475809+00:00,2024-04-13T09:14:54.080197+00:00
1418,1319.0,1319.0,1319.0,False,1.76926297935289,0.06641005281820522,2.0,0.0,1.0594989561586639,0.0,,0.0,False,False,0.9,matched,,True,True,True,True,seqslam+dinov2,2025-02-28T06:26:31.575125+00:00,2024-04-13T09:14:54.179760+00:00
1419,1320.0,1320.0,1320.0,False,1.7681928240156315,0.15888309974025105,2.0,0.0,1.0521619766643788,0.0,,0.0,False,False,0.9,matched,,True,True,True,True,seqslam+dinov2,2025-02-28T06:26:31.675394+00:00,2024-04-13T09:14:54.278219+00:00
1420,1321.0,1321.0,1321.0,False,1.7179501241545159,0.0826007880622599,4.0,0.0,1.0436191762322753,0.0,,0.0,False,False,0.7,matched,,True,True,True,True,seqslam+dinov2,2025-02-28T06:26:31.776048+00:00,2024-04-13T09:14:54.379520+00:00
1421,1322.0,1322.0,1322.0,False,1.708860870617626,-0.36322933812253977,4.0,0.0,1.0339960238568588,312.0,,0.0,False,False,0.7,matched,,True,True,True,True,seqslam+dinov2,2025-02-28T06:26:31.879238+00:00,2024-04-13T09:14:54.481897+00:00
1422,1323.0,1323.0,1323.0,False,1.658736154725478,-0.08555330458936239,5.0,0.0,1.0234263465282283,1.0,,0.0,False,False,0.7,matched,,True,True,True,True,seqslam+dinov2,2025-02-28T06:26:31.974219+00:00,2024-04-13T09:14:54.578013+00:00
1423,1324.0,1324.0,1324.0,False,1.5876337559507083,0.30760503116867555,5.0,0.0,1.0120481927710843,0.0,,0.0,False,False,0.7,matched,,True,True,True,True,seqslam+dinov2,2025-02-28T06:26:32.074788+00:00,2024-04-13T09:14:54.681305+00:00
1424,1325.0,1325.0,1325.0,False,1.5338119481708985,0.29351729572939544,5.0,0.0,1.0,1.0,,0.0,False,False,0.7,matched,,True,True,True,True,seqslam+dinov2,2025-02-28T06:26:32.175678+00:00,2024-04-13T09:14:54.777677+00:00
1425,1326.0,1326.0,1326.0,False,1.4770552600174198,0.05527586739187296,5.0,0.0,1.0,2.0,,0.0,False,False,0.7,matched,,True,True,True,True,seqslam+dinov2,2025-02-28T06:26:32.276990+00:00,2024-04-13T09:14:54.886039+00:00
1426,1327.0,1327.0,1327.0,False,1.3727300453866929,0.393175650134195,5.0,0.0,1.0,0.0,,0.0,False,False,0.7,matched,,True,True,True,True,seqslam+dinov2,2025-02-28T06:26:32.377693+00:00,2024-04-13T09:14:54.982956+00:00
1427,1328.0,1328.0,1328.0,False,1.3426474241781108,-0.2609742907216308,5.0,0.0,1.0,684.0,,0.0,False,False,0.7,matched,,True,True,True,True,seqslam+dinov2,2025-02-28T06:26:32.477518+00:00,2024-04-13T09:14:55.077834+00:00
1428,1329.0,1329.0,1329.0,False,1.3066707068545993,-0.4230660364352832,5.0,0.0,1.0,681.0,,0.0,False,False,0.7,matched,,True,True,True,True,seqslam+dinov2,2025-02-28T06:26:32.575184+00:00,2024-04-13T09:14:55.184389+00:00
1429,1330.0,1330.0,1330.0,False,1.2466454151899793,-0.5283195215316414,5.0,0.0,1.0,682.0,,0.0,False,False,0.7,matched,,True,True,True,True,seqslam+dinov2,2025-02-28T06:26:32.674860+00:00,2024-04-13T09:14:55.278824+00:00
1430,1331.0,1331.0,1331.0,False,1.2171335049295875,-0.5187226926611512,5.0,0.0,1.0,681.0,,0.0,False,False,0.7,matched,,True,True,True,True,seqslam+dinov2,2025-02-28T06:26:32.774440+00:00,2024-04-13T09:14:55.381688+00:00
1431,1332.0,1332.0,1332.0,False,1.2264860123179602,-0.7922708236360647,5.0,0.0,1.0,738.0,,0.0,False,False,0.7,matched,,True,True,True,True,seqslam+dinov2,2025-02-28T06:26:32.879418+00:00,2024-04-13T09:14:55.479548+00:00
1432,1333.0,1333.0,1333.0,False,1.2123049810724307,-0.47401009480872935,5.0,0.0,1.0,798.0,,0.0,False,False,0.7,matched,,True,True,True,True,seqslam+dinov2,2025-02-28T06:26:32.979957+00:00,2024-04-13T09:14:55.580403+00:00
1433,1334.0,1334.0,1334.0,False,1.2789581023906702,-0.4290249602989691,5.0,0.0,1.0,797.0,,0.0,False,False,0.7,matched,,True,True,True,True,seqslam+dinov2,2025-02-28T06:26:33.076223+00:00,2024-04-13T09:14:55.679155+00:00
1434,1335.0,1335.0,1335.0,False,1.3616928119237854,-0.33161000902634497,5.0,0.0,1.0,299.0,,0.0,False,False,0.7,matched,,True,True,True,True,seqslam+dinov2,2025-02-28T06:26:33.175193+00:00,2024-04-13T09:14:55.779147+00:00
1435,1336.0,1336.0,1336.0,False,1.4337622661117047,-0.027733908438503763,5.0,0.0,1.0,795.0,,0.0,False,False,0.7,matched,,True,True,True,True,seqslam+dinov2,2025-02-28T06:26:33.275428+00:00,2024-04-13T09:14:55.882116+00:00
1436,1337.0,1337.0,1337.0,False,1.5051686509638094,0.07909340342855908,5.0,0.0,1.0,0.0,,0.0,False,False,0.7,matched,,True,True,True,True,seqslam+dinov2,2025-02-28T06:26:33.374297+00:00,2024-04-13T09:14:55.981058+00:00
1437,1338.0,1338.0,1338.0,False,1.6250211941862547,0.28631790530360046,5.0,0.0,1.0,0.0,,0.0,False,False,0.7,matched,,True,True,True,True,seqslam+dinov2,2025-02-28T06:26:33.474403+00:00,2024-04-13T09:14:56.080937+00:00
1438,1339.0,1339.0,1339.0,False,1.7108943645677157,0.5049124503189422,5.0,0.0,1.0,0.0,,0.0,False,False,0.7,matched,,True,True,True,True,seqslam+dinov2,2025-02-28T06:26:33.574378+00:00,2024-04-13T09:14:56.178731+00:00
1439,1340.0,1340.0,1340.0,False,1.784171087467367,0.5493825177973348,5.0,0.0,1.0,0.0,,0.0,False,False,0.7,matched,,True,True,True,True,seqslam+dinov2,2025-02-28T06:26:33.676630+00:00,2024-04-13T09:14:56.277501+00:00
1440,1341.0,1341.0,1341.0,False,1.839458136603234,0.22286037228025735,5.0,0.0,1.0,0.0,,0.0,False,False,0.7,matched,,True,True,True,True,seqslam+dinov2,2025-02-28T06:26:33.774497+00:00,2024-04-13T09:14:56.377516+00:00
1441,1342.0,1342.0,1342.0,False,1.8621572410937626,0.09466564769611363,5.0,0.0,1.0,1.0,,0.0,False,False,0.7,matched,,True,True,True,True,seqslam+dinov2,2025-02-28T06:26:33.876564+00:00,2024-04-13T09:14:56.477623+00:00
1442,1343.0,1343.0,1343.0,False,1.887426141386682,0.4585997681295333,5.0,0.0,1.0,0.0,,0.0,False,False,0.7,matched,,True,True,True,True,seqslam+dinov2,2025-02-28T06:26:33.974414+00:00,2024-04-13T09:14:56.577655+00:00
1443,1344.0,1344.0,1344.0,False,1.8864344423574835,0.45348981233807795,5.0,0.0,1.0,0.0,,0.0,False,False,0.7,matched,,True,True,True,True,seqslam+dinov2,2025-02-28T06:26:34.074345+00:00,2024-04-13T09:14:56.680913+00:00
1444,1345.0,1345.0,1345.0,False,1.8553865176495585,0.49099214743688435,5.0,1.0,1.0,0.0,,0.0,False,False,0.7,matched,,True,True,True,True,seqslam+dinov2,2025-02-28T06:26:34.174525+00:00,2024-04-13T09:14:56.777730+00:00
1445,1346.0,1346.0,1346.0,False,1.8465441170784194,0.44202995171525816,5.0,1.0,1.0,1.0,,0.0,False,False,0.7,matched,,True,True,True,True,seqslam+dinov2,2025-02-28T06:26:34.276502+00:00,2024-04-13T09:14:56.880363+00:00
1446,1347.0,1347.0,1347.0,False,1.8400745277070705,0.34678472966864704,5.0,1.0,1.0,1.0,,0.0,False,False,0.7,matched,,True,True,True,True,seqslam+dinov2,2025-02-28T06:26:34.375252+00:00,2024-04-13T09:14:56.978296+00:00
1447,1348.0,1348.0,1348.0,False,1.8169987230206905,0.22748527646552552,5.0,1.0,1.0,1.0,,0.0,False,False,0.7,matched,,True,True,True,True,seqslam+dinov2,2025-02-28T06:26:34.478271+00:00,2024-04-13T09:14:57.078787+00:00
1448,1349.0,1349.0,1349.0,False,1.7749854837259635,0.15217197580728992,5.0,1.0,1.0,1.0,,0.0,False,False,0.7,matched,,True,True,True,True,seqslam+dinov2,2025-02-28T06:26:34.576071+00:00,2024-04-13T09:14:57.180041+00:00
1449,1350.0,1350.0,1350.0,False,1.7353167756951864,-0.1824770263866089,5.0,1.0,1.0,1.0,,0.0,False,False,0.7,matched,,True,True,True,True,seqslam+dinov2,2025-02-28T06:26:34.678524+00:00,2024-04-13T09:14:57.284819+00:00
1450,1351.0,1351.0,1351.0,False,1.697415796108558,0.1368396197801287,5.0,1.0,1.0,0.0,,0.0,False,False,0.7,matched,,True,True,True,True,seqslam+dinov2,2025-02-28T06:26:34.779146+00:00,2024-04-13T09:14:57.381240+00:00
1451,1352.0,1352.0,1352.0,False,1.662885197143587,0.1436604583977492,5.0,1.0,1.0,1.0,,0.0,False,False,0.7,matched,,True,True,True,True,seqslam+dinov2,2025-02-28T06:26:34.875269+00:00,2024-04-13T09:14:57.481319+00:00
1452,1353.0,1353.0,1353.0,False,1.6152259899449175,0.24124342435197055,5.0,1.0,1.0,1.0,,0.0,False,False,0.7,matched,,True,True,True,True,seqslam+dinov2,2025-02-28T06:26:34.974625+00:00,2024-04-13T09:14:57.582472+00:00
1453,1354.0,1354.0,1354.0,False,1.5585803593136318,-0.008939051756394978,5.0,1.0,1.0,1.0,,0.0,False,False,0.7,matched,,True,True,True,True,seqslam+dinov2,2025-02-28T06:26:35.075543+00:00,2024-04-13T09:14:57.678282+00:00
1454,1355.0,1355.0,1355.0,False,1.5259443606653675,0.11415898440115968,5.0,1.0,1.0,1.0,,0.0,False,False,0.7,matched,,True,True,True,True,seqslam+dinov2,2025-02-28T06:26:35.174679+00:00,2024-04-13T09:14:57.779554+00:00
1455,1356.0,1356.0,1356.0,False,1.49804750773515,-0.25050665816179274,5.0,1.0,1.0,275.0,,0.0,False,False,0.7,matched,,True,True,True,True,seqslam+dinov2,2025-02-28T06:26:35.276258+00:00,2024-04-13T09:14:57.882414+00:00
1456,1357.0,1357.0,1357.0,False,1.4594406239561828,-0.19245961173425608,5.0,1.0,1.0,841.0,,0.0,False,False,0.7,matched,,True,True,True,True,seqslam+dinov2,2025-02-28T06:26:35.375163+00:00,2024-04-13T09:14:57.983990+00:00
1457,1358.0,1358.0,1358.0,False,1.4244219450098257,-0.17224498517028786,5.0,1.0,1.0,276.0,,0.0,False,False,0.7,matched,,True,True,True,True,seqslam+dinov2,2025-02-28T06:26:35.477466+00:00,2024-04-13T09:14:58.084577+00:00
1458,1359.0,1359.0,1359.0,False,1.405119989291653,-0.3055519643386493,5.0,1.0,1.0,630.0,,0.0,False,False,0.7,matched,,True,True,True,True,seqslam+dinov2,2025-02-28T06:26:35.576385+00:00,2024-04-13T09:14:58.183823+00:00
1459,1360.0,1360.0,1360.0,False,1.3891514485909415,-0.04349590581944485,5.0,1.0,1.0,1134.0,,0.0,False,False,0.7,matched,,True,True,True,True,seqslam+dinov2,2025-02-28T06:26:35.678220+00:00,2024-04-13T09:14:58.281555+00:00
1460,1361.0,1361.0,1361.0,False,1.3764042306724393,-0.15409793130726857,5.0,1.0,1.0,1137.0,,0.0,False,False,0.7,matched,,True,True,True,True,seqslam+dinov2,2025-02-28T06:26:35.774317+00:00,2024-04-13T09:14:58.378651+00:00
1461,1362.0,1362.0,1362.0,False,1.3665020290629089,0.1762691416659583,5.0,1.0,1.0,0.0,,0.0,False,False,0.7,matched,,True,True,True,True,seqslam+dinov2,2025-02-28T06:26:35.878188+00:00,2024-04-13T09:14:58.477993+00:00
1462,1363.0,1363.0,1363.0,False,1.3774037809189468,-0.08772883952934074,5.0,1.0,1.0,771.0,,0.0,False,False,0.7,matched,,True,True,True,True,seqslam+dinov2,2025-02-28T06:26:35.974311+00:00,2024-04-13T09:14:58.578742+00:00
1463,1364.0,1364.0,1364.0,False,1.3932442521715955,-0.10285903822759712,5.0,1.0,1.0,829.0,,0.0,False,False,0.7,matched,,True,True,True,True,seqslam+dinov2,2025-02-28T06:26:36.079273+00:00,2024-04-13T09:14:58.677943+00:00
1464,1365.0,1365.0,1365.0,False,1.4473019301303462,-0.011381933743944472,6.0,1.0,1.0,5.0,,0.0,False,False,0.4,matched,,True,True,True,True,seqslam+dinov2,2025-02-28T06:26:36.174430+00:00,2024-04-13T09:14:58.779695+00:00
1465,1366.0,1366.0,1366.0,False,1.4820730595967824,0.027253482275688246,6.0,1.0,1.0,4.0,,0.0,False,False,0.4,matched,,True,True,True,True,seqslam+dinov2,2025-02-28T06:26:36.275756+00:00,2024-04-13T09:14:58.886147+00:00
1466,1367.0,1367.0,1367.0,False,1.5237551522966262,-0.044544298485263756,6.0,1.0,1.0,1079.0,,0.0,False,False,0.4,matched,,True,True,True,True,seqslam+dinov2,2025-02-28T06:26:36.374729+00:00,2024-04-13T09:14:58.978024+00:00
1467,1368.0,1368.0,1368.0,False,1.557424731936443,0.04527508284123671,6.0,1.0,1.0,1.0,,0.0,False,False,0.4,matched,,True,True,True,True,seqslam+dinov2,2025-02-28T06:26:36.475128+00:00,2024-04-13T09:14:59.078577+00:00
1468,1369.0,1369.0,1369.0,False,1.594205170934322,-0.1280717062872232,6.0,1.0,1.0,1.0,,0.0,False,False,0.4,matched,,True,True,True,True,seqslam+dinov2,2025-02-28T06:26:36.577482+00:00,2024-04-13T09:14:59.178906+00:00
1469,1370.0,1370.0,1370.0,False,1.6280354878582899,0.4484839111463177,5.0,0.0,1.0,0.0,,0.0,False,False,0.7,matched,,True,True,True,True,seqslam+dinov2,2025-02-28T06:26:36.675741+00:00,2024-04-13T09:14:59.280025+00:00
1470,1371.0,1371.0,1371.0,False,1.6656528637013552,0.24091010646518263,5.0,0.0,1.0,0.0,,0.0,False,False,0.7,matched,,True,True,True,True,seqslam+dinov2,2025-02-28T06:26:36.780407+00:00,2024-04-13T09:14:59.377872+00:00
1471,1372.0,1372.0,1372.0,False,1.6850459652759837,0.27962885753460087,5.0,0.0,1.0,0.0,,0.0,False,False,0.7,matched,,True,True,True,True,seqslam+dinov2,2025-02-28T06:26:36.878766+00:00,2024-04-13T09:14:59.480431+00:00
1472,1373.0,1373.0,1373.0,False,1.658466991204689,0.5218928443438535,5.0,0.0,1.0,0.0,,0.0,False,False,0.7,matched,,True,True,True,True,seqslam+dinov2,2025-02-28T06:26:36.975345+00:00,2024-04-13T09:14:59.582772+00:00
1473,1374.0,1374.0,1374.0,False,1.6249988611787571,0.585285701877998,5.0,0.0,1.0,0.0,,0.0,False,False,0.7,matched,,True,True,True,True,seqslam+dinov2,2025-02-28T06:26:37.078507+00:00,2024-04-13T09:14:59.684455+00:00
1474,1375.0,1375.0,1375.0,False,1.621709037877065,0.31334798323707846,5.0,0.0,1.0,1.0,,0.0,False,False,0.7,matched,,True,True,True,True,seqslam+dinov2,2025-02-28T06:26:37.175346+00:00,2024-04-13T09:14:59.778572+00:00
1475,1376.0,1376.0,1376.0,False,1.579716427577543,0.4995944920030755,5.0,0.0,1.0,0.0,,0.0,False,False,0.7,matched,,True,True,True,True,seqslam+dinov2,2025-02-28T06:26:37.275188+00:00,2024-04-13T09:14:59.879631+00:00
1476,1377.0,1377.0,1377.0,False,1.5370915429968435,0.24442969854355123,6.0,0.0,1.0,0.0,,0.0,False,False,0.4,matched,,True,True,True,True,seqslam+dinov2,2025-02-28T06:26:37.377529+00:00,2024-04-13T09:14:59.980124+00:00
1477,1378.0,1378.0,1378.0,False,1.4976476405236234,-0.14732417058609037,6.0,0.0,1.0,8.0,,0.0,False,False,0.4,matched,,True,True,True,True,seqslam+dinov2,2025-02-28T06:26:37.479188+00:00,2024-04-13T09:15:00.078954+00:00
1478,1379.0,1379.0,1379.0,False,1.439709230597884,-0.27576474925283945,6.0,0.0,1.0,762.0,,0.0,False,False,0.4,matched,,True,True,True,True,seqslam+dinov2,2025-02-28T06:26:37.574393+00:00,2024-04-13T09:15:00.178230+00:00
1479,1380.0,1380.0,1380.0,False,1.3976588007918247,-0.18905557067704426,6.0,0.0,1.0120481927710843,750.0,,0.0,False,False,0.4,matched,,True,True,True,True,seqslam+dinov2,2025-02-28T06:26:37.677757+00:00,2024-04-13T09:15:00.278139+00:00
1480,1381.0,1381.0,1381.0,False,1.387052960126461,-0.051508827141536484,6.0,0.0,1.0234263465282283,794.0,,0.0,False,False,0.4,matched,,True,True,True,True,seqslam+dinov2,2025-02-28T06:26:37.778385+00:00,2024-04-13T09:15:00.379278+00:00
1481,1382.0,1382.0,1382.0,False,1.3779815296276174,-0.24507026028833767,6.0,0.0,1.0339960238568588,790.0,,0.0,False,False,0.4,matched,,True,True,True,True,seqslam+dinov2,2025-02-28T06:26:37.874868+00:00,2024-04-13T09:15:00.481348+00:00
1482,1383.0,1383.0,1383.0,False,1.3680561689962125,-0.044154119770018596,6.0,0.0,1.0436191762322755,7.0,,0.0,False,False,0.4,matched,,True,True,True,True,seqslam+dinov2,2025-02-28T06:26:37.975137+00:00,2024-04-13T09:15:00.578686+00:00
1483,1384.0,1384.0,1384.0,False,1.4301111821469377,-0.3455558155888323,6.0,0.0,1.0521619766643788,687.0,,0.0,False,False,0.4,matched,,True,True,True,True,seqslam+dinov2,2025-02-28T06:26:38.074568+00:00,2024-04-13T09:15:00.678481+00:00
1484,1385.0,1385.0,1385.0,False,1.4854678436119293,-0.09405240183744601,6.0,0.0,1.0594989561586639,1.0,,0.0,False,False,0.4,matched,,True,True,True,True,seqslam+dinov2,2025-02-28T06:26:38.174423+00:00,2024-04-13T09:15:00.778757+00:00
1485,1386.0,1386.0,1386.0,False,1.5225272893867043,0.07140903636668683,6.0,0.0,1.0655172413793101,0.0,,0.0,False,False,0.4,matched,,True,True,True,True,seqslam+dinov2,2025-02-28T06:26:38.274537+00:00,2024-04-13T09:15:00.879715+00:00
1486,1387.0,1387.0,1387.0,False,1.5355496788790155,0.3946418975174053,6.0,0.0,1.070120652945351,0.0,,0.0,False,False,0.4,matched,,True,True,True,True,seqslam+dinov2,2025-02-28T06:26:38.379141+00:00,2024-04-13T09:15:00.982378+00:00
1487,1388.0,1388.0,1388.0,False,1.5383034392612736,0.09615425165134783,5.0,0.0,1.0732334047109209,1.0,,0.0,False,False,0.7,matched,,True,True,True,True,seqslam+dinov2,2025-02-28T06:26:38.474680+00:00,2024-04-13T09:15:01.082387+00:00
1488,1390.0,1389.0,1390.0,False,1.525981845433688,0.4411420045935781,5.0,1.0,1.0748031496062993,0.0,,1.0,True,False,0.7,ambiguous_range,,True,True,True,True,seqslam+dinov2,2025-02-28T06:26:38.574956+00:00,2024-04-13T09:15:01.277905+00:00
1489,1391.0,1391.0,1391.0,False,1.5120892328301403,0.369465420599685,5.0,1.0,1.0732334047109209,0.0,,0.0,False,False,0.7,matched,,True,True,True,True,seqslam+dinov2,2025-02-28T06:26:38.674659+00:00,2024-04-13T09:15:01.380572+00:00
1490,1392.0,1392.0,1392.0,False,1.5208455373810759,0.09533264433197464,5.0,0.0,1.0847803881511746,1.0,,0.0,False,False,0.7,matched,,True,True,True,True,seqslam+dinov2,2025-02-28T06:26:38.776525+00:00,2024-04-13T09:15:01.479285+00:00
1491,1393.0,1393.0,1393.0,False,1.5149808292815095,-0.14658731566919658,5.0,0.0,1.0937824603056832,802.0,,0.0,False,False,0.7,matched,,True,True,True,True,seqslam+dinov2,2025-02-28T06:26:38.876973+00:00,2024-04-13T09:15:01.578011+00:00
1492,1394.0,1394.0,1394.0,False,1.4936558768082902,-0.3306669206276347,5.0,0.0,1.09995497523638,803.0,,0.0,False,False,0.7,matched,,True,True,True,True,seqslam+dinov2,2025-02-28T06:26:38.974694+00:00,2024-04-13T09:15:01.684109+00:00
1493,1395.0,1395.0,1395.0,False,1.5013585198593196,-0.09383575247945597,5.0,0.0,1.1030943396226416,28.0,,0.0,False,False,0.7,matched,,True,True,True,True,seqslam+dinov2,2025-02-28T06:26:39.077932+00:00,2024-04-13T09:15:01.784102+00:00
1494,1396.0,1396.0,1396.0,False,1.4612556218412267,-0.40967653757924327,5.0,0.0,1.1030943396226416,322.0,,0.0,False,False,0.7,matched,,True,True,True,True,seqslam+dinov2,2025-02-28T06:26:39.175406+00:00,2024-04-13T09:15:01.877788+00:00
1495,1397.0,1397.0,1397.0,False,1.4719666378732044,0.08615534156284133,5.0,0.0,1.09995497523638,0.0,,0.0,False,False,0.7,matched,,True,True,True,True,seqslam+dinov2,2025-02-28T06:26:39.280719+00:00,2024-04-13T09:15:01.980266+00:00
1496,1398.0,1398.0,1398.0,False,1.479997378247196,0.025834210164951132,5.0,0.0,1.0937824603056832,0.0,,0.0,False,False,0.7,matched,,True,True,True,True,seqslam+dinov2,2025-02-28T06:26:39.374798+00:00,2024-04-13T09:15:02.080969+00:00
1497,1399.0,1399.0,1399.0,False,1.5004394060247555,-0.014309753440896023,5.0,0.0,1.0847803881511746,1.0,,0.0,False,False,0.7,matched,,True,True,True,True,seqslam+dinov2,2025-02-28T06:26:39.478880+00:00,2024-04-13T09:15:02.178970+00:00
1498,1400.0,1400.0,1400.0,False,1.5474741654329653,-0.02609767186573153,4.0,0.0,1.0874284876045182,319.0,,0.0,False,False,0.7,matched,,True,True,True,True,seqslam+dinov2,2025-02-28T06:26:39.580585+00:00,2024-04-13T09:15:02.278455+00:00
1499,1402.0,1401.0,1402.0,False,1.592836143272524,-0.371418776453744,4.0,1.0,1.1156756756756756,320.0,,1.0,True,False,0.7,ambiguous_range,,True,True,True,True,seqslam+dinov2,2025-02-28T06:26:39.674570+00:00,2024-04-13T09:15:02.477452+00:00
1500,1403.0,1403.0,1403.0,False,1.634500577407315,0.25967044138554174,4.0,1.0,1.1257663889325578,0.0,,0.0,False,False,0.7,matched,,True,True,True,True,seqslam+dinov2,2025-02-28T06:26:39.774545+00:00,2024-04-13T09:15:02.585044+00:00
1501,1404.0,1404.0,1404.0,False,1.579365589867236,0.34936123689153953,4.0,1.0,1.1326968973747018,0.0,,0.0,False,False,0.7,matched,,True,True,True,True,seqslam+dinov2,2025-02-28T06:26:39.875224+00:00,2024-04-13T09:15:02.678904+00:00
1502,1405.0,1405.0,1405.0,False,1.5116170114201695,-0.03885252602380129,5.0,1.0,1.1362253881863293,324.0,,0.0,False,False,0.7,matched,,True,True,True,True,seqslam+dinov2,2025-02-28T06:26:39.974103+00:00,2024-04-13T09:15:02.778155+00:00
1503,1406.0,1406.0,1406.0,False,1.4891164562822752,0.20584020271205494,5.0,0.0,1.1362253881863293,0.0,,0.0,False,False,0.7,matched,,True,True,True,True,seqslam+dinov2,2025-02-28T06:26:40.077499+00:00,2024-04-13T09:15:02.877926+00:00
1504,1407.0,1407.0,1407.0,False,1.4657881006252254,0.2861410494488823,5.0,1.0,1.1326968973747016,0.0,,0.0,False,False,0.7,matched,,True,True,True,True,seqslam+dinov2,2025-02-28T06:26:40.174797+00:00,2024-04-13T09:15:02.984367+00:00
1505,1408.0,1408.0,1408.0,False,1.4733232643205412,-0.05069509778669645,6.0,1.0,1.1423020883924233,1137.0,,0.0,False,False,0.4,matched,,True,True,True,True,seqslam+dinov2,2025-02-28T06:26:40.275215+00:00,2024-04-13T09:15:03.078966+00:00
1506,1409.0,1409.0,1410.0,False,1.4356235987099564,-0.5161396035419319,5.0,0.0,1.1472317491425772,761.0,,1.0,True,False,0.7,ambiguous_range,,True,True,True,True,seqslam+dinov2,2025-02-28T06:26:40.374645+00:00,2024-04-13T09:15:03.178143+00:00
1507,1411.0,1411.0,1411.0,False,1.405554841420631,-0.5775902146928003,5.0,0.0,1.1423020883924233,822.0,,0.0,False,False,0.7,matched,,True,True,True,True,seqslam+dinov2,2025-02-28T06:26:40.474413+00:00,2024-04-13T09:15:03.377717+00:00
1508,1412.0,1412.0,1412.0,False,1.4072172884371736,-0.10560304916128427,5.0,0.0,1.1326968973747018,4.0,,0.0,False,False,0.7,matched,,True,True,True,True,seqslam+dinov2,2025-02-28T06:26:40.584079+00:00,2024-04-13T09:15:03.480032+00:00
1509,1413.0,1413.0,1413.0,False,1.3970606007859863,0.08127218511303713,5.0,0.0,1.1362253881863293,3.0,,0.0,False,False,0.7,matched,,True,True,True,True,seqslam+dinov2,2025-02-28T06:26:40.676259+00:00,2024-04-13T09:15:03.577743+00:00
1510,1414.0,1414.0,1414.0,False,1.3756565428028704,0.2394061138008885,6.0,0.0,1.1362253881863293,0.0,,0.0,False,False,0.4,matched,,True,True,True,True,seqslam+dinov2,2025-02-28T06:26:40.778332+00:00,2024-04-13T09:15:03.680700+00:00
1511,1415.0,1415.0,1415.0,False,1.3497312165078155,0.07337741153135591,6.0,0.0,1.1492708504014417,0.0,,0.0,False,False,0.4,matched,,True,True,True,True,seqslam+dinov2,2025-02-28T06:26:40.875993+00:00,2024-04-13T09:15:03.778902+00:00
1512,1416.0,1416.0,1416.0,False,1.4032691241367419,0.09041282804365336,6.0,0.0,1.157741559953434,0.0,,0.0,False,False,0.4,matched,,True,True,True,True,seqslam+dinov2,2025-02-28T06:26:40.974284+00:00,2024-04-13T09:15:03.877944+00:00
1513,1418.0,1417.0,1418.0,False,1.4268148191721675,0.18439502363415117,5.0,1.0,1.1594662218515432,0.0,,1.0,True,False,0.7,ambiguous_range,,True,True,True,True,seqslam+dinov2,2025-02-28T06:26:41.074416+00:00,2024-04-13T09:15:04.079269+00:00
1514,1419.0,1419.0,1419.0,False,1.4319253323493142,0.15495045945344432,8.0,1.0,1.1526289764298665,0.0,,0.0,False,False,0.4,matched,,True,True,True,True,seqslam+dinov2,2025-02-28T06:26:41.174990+00:00,2024-04-13T09:15:04.181351+00:00
1515,1420.0,1420.0,1420.0,False,1.4129516677563183,0.21442705397235273,8.0,0.0,1.1410463426449216,0.0,,0.0,False,False,0.4,matched,,True,True,True,True,seqslam+dinov2,2025-02-28T06:26:41.274936+00:00,2024-04-13T09:15:04.282052+00:00
1516,1421.0,1421.0,1421.0,False,1.4248144245066467,-0.4162566859144383,8.0,0.0,1.1428571428571428,600.0,,0.0,False,False,0.4,matched,,True,True,True,True,seqslam+dinov2,2025-02-28T06:26:41.374228+00:00,2024-04-13T09:15:04.378680+00:00
1517,1422.0,1422.0,1422.0,False,1.4295229853911655,0.09185362105167938,8.0,0.0,1.1579341317365268,0.0,,0.0,False,False,0.4,matched,,True,True,True,True,seqslam+dinov2,2025-02-28T06:26:41.474197+00:00,2024-04-13T09:15:04.481792+00:00
1518,1423.0,1423.0,1423.0,False,1.4348849409440636,-0.25047690532582334,8.0,0.0,1.1684451219512193,360.0,,0.0,False,False,0.4,matched,,True,True,True,True,seqslam+dinov2,2025-02-28T06:26:41.576528+00:00,2024-04-13T09:15:04.580940+00:00
1519,1424.0,1424.0,1425.0,False,1.4357302371701985,-0.3376021249867518,7.0,1.0,1.173846153846154,182.0,,1.0,True,False,0.5,ambiguous_range,,True,True,True,True,seqslam+dinov2,2025-02-28T06:26:41.676742+00:00,2024-04-13T09:15:04.680855+00:00
1520,1426.0,1426.0,1426.0,False,1.3865237612004426,-0.4342404138451901,7.0,1.0,1.1684451219512193,362.0,,0.0,False,False,0.4,matched,,True,True,True,True,seqslam+dinov2,2025-02-28T06:26:41.778494+00:00,2024-04-13T09:15:04.880460+00:00
1521,1427.0,1427.0,1427.0,False,1.3826908571646879,0.2770714375551868,7.0,1.0,1.1579341317365268,0.0,,0.0,False,False,0.4,matched,,True,True,True,True,seqslam+dinov2,2025-02-28T06:26:41.875524+00:00,2024-04-13T09:15:04.981125+00:00
1522,1428.0,1428.0,1428.0,False,1.4176171967153928,0.08240939905130218,7.0,1.0,1.159466221851543,0.0,,0.0,False,False,0.4,matched,,True,True,True,True,seqslam+dinov2,2025-02-28T06:26:41.975268+00:00,2024-04-13T09:15:05.081526+00:00
1523,1429.0,1429.0,1429.0,False,1.4240385605646801,0.16657814678668847,7.0,0.0,1.1736455306785163,0.0,,0.0,False,False,0.4,matched,,True,True,True,True,seqslam+dinov2,2025-02-28T06:26:42.075686+00:00,2024-04-13T09:15:05.180871+00:00
1524,1430.0,1430.0,1430.0,False,1.4645476693114687,0.29820686206235614,7.0,0.0,1.1828675577156742,0.0,,0.0,False,False,0.4,matched,,True,True,True,True,seqslam+dinov2,2025-02-28T06:26:42.176073+00:00,2024-04-13T09:15:05.281909+00:00
1525,1431.0,1431.0,1432.0,False,1.5061757773055888,-0.519455671627052,6.0,1.0,1.1847466480933313,1.0,,1.0,True,False,0.5,ambiguous_range,,True,True,True,True,seqslam+dinov2,2025-02-28T06:26:42.275191+00:00,2024-04-13T09:15:05.382896+00:00
1526,1433.0,1433.0,1433.0,False,1.5673171734923477,-0.0882567489680317,7.0,1.0,1.1773000859845226,1215.0,,0.0,False,False,0.4,matched,,True,True,True,True,seqslam+dinov2,2025-02-28T06:26:42.378079+00:00,2024-04-13T09:15:05.577537+00:00
1527,1434.0,1434.0,1434.0,False,1.586355586126575,0.0019148310647099098,7.0,1.0,1.1647029119676822,0.0,,0.0,False,False,0.4,matched,,True,True,True,True,seqslam+dinov2,2025-02-28T06:26:42.482884+00:00,2024-04-13T09:15:05.680980+00:00
1528,1435.0,1435.0,1435.0,False,1.6055874666013692,-0.056407933616570594,7.0,1.0,1.1647029119676822,367.0,,0.0,False,False,0.4,matched,,True,True,True,True,seqslam+dinov2,2025-02-28T06:26:42.586480+00:00,2024-04-13T09:15:05.784668+00:00
1529,1436.0,1436.0,1436.0,False,1.6230717599152533,0.08329652716631264,8.0,1.0,1.1773000859845226,1.0,,0.0,False,False,0.4,matched,,True,True,True,True,seqslam+dinov2,2025-02-28T06:26:42.678710+00:00,2024-04-13T09:15:05.882662+00:00
1530,1438.0,1437.0,1438.0,False,1.6387766122114222,0.24790120814611938,8.0,0.0,1.1866375545851529,0.0,,1.0,True,False,0.5,ambiguous_range,,True,True,True,True,seqslam+dinov2,2025-02-28T06:26:42.782065+00:00,2024-04-13T09:15:06.082101+00:00
1531,1439.0,1439.0,1439.0,False,1.7016676080973634,0.23327453811886545,7.0,0.0,1.1828675577156742,0.0,,0.0,False,False,0.4,matched,,True,True,True,True,seqslam+dinov2,2025-02-28T06:26:42.876781+00:00,2024-04-13T09:15:06.177815+00:00
1532,1440.0,1440.0,1440.0,False,1.7261987465455564,0.25825802609164583,7.0,0.0,1.1736455306785163,0.0,,0.0,False,False,0.4,matched,,True,True,True,True,seqslam+dinov2,2025-02-28T06:26:42.974711+00:00,2024-04-13T09:15:06.278162+00:00
1533,1441.0,1441.0,1441.0,False,1.7390870444342306,0.36369820350380255,7.0,0.0,1.1768953068592058,0.0,,0.0,False,False,0.4,matched,,True,True,True,True,seqslam+dinov2,2025-02-28T06:26:43.075610+00:00,2024-04-13T09:15:06.377996+00:00
1534,1442.0,1442.0,1442.0,False,1.7504200338635039,0.15376542663054482,7.0,0.0,1.1736455306785163,0.0,,0.0,False,False,0.4,matched,,True,True,True,True,seqslam+dinov2,2025-02-28T06:26:43.175044+00:00,2024-04-13T09:15:06.481397+00:00
1535,1443.0,1443.0,1443.0,False,1.744600976069845,0.12363412667399332,7.0,1.0,1.1828675577156742,0.0,,0.0,False,False,0.4,matched,,True,True,True,True,seqslam+dinov2,2025-02-28T06:26:43.275429+00:00,2024-04-13T09:15:06.582242+00:00
1536,1444.0,1444.0,1445.0,False,1.733026576271014,0.3004419299757537,6.0,0.0,1.1847466480933313,1.0,,1.0,True,False,0.5,ambiguous_range,,True,True,True,True,seqslam+dinov2,2025-02-28T06:26:43.374409+00:00,2024-04-13T09:15:06.680084+00:00
1537,1446.0,1446.0,1446.0,False,1.747863396924957,0.1985577533813403,6.0,0.0,1.1773000859845226,0.0,,0.0,False,False,0.4,matched,,True,True,True,True,seqslam+dinov2,2025-02-28T06:26:43.477535+00:00,2024-04-13T09:15:06.879576+00:00
1538,1447.0,1447.0,1447.0,False,1.765313614678127,0.22735963345201338,6.0,0.0,1.1822519083969465,0.0,,0.0,False,False,0.4,matched,,True,True,True,True,seqslam+dinov2,2025-02-28T06:26:43.575634+00:00,2024-04-13T09:15:06.977993+00:00
1539,1448.0,1448.0,1448.0,False,1.7867019102606767,0.2022003599685369,6.0,1.0,1.1805915931499738,0.0,,0.0,False,False,0.4,matched,,True,True,True,True,seqslam+dinov2,2025-02-28T06:26:43.675032+00:00,2024-04-13T09:15:07.083492+00:00
1540,1449.0,1449.0,1449.0,False,1.792215564932189,0.0301450497836091,5.0,0.0,1.1919619249074562,1.0,,0.0,False,False,0.7,matched,,True,True,True,True,seqslam+dinov2,2025-02-28T06:26:43.778892+00:00,2024-04-13T09:15:07.178110+00:00
1541,1450.0,1450.0,1451.0,False,1.7993339155141954,0.017907996379242785,5.0,0.0,1.1978109983982916,1.0,,1.0,True,False,0.7,ambiguous_range,,True,True,True,True,seqslam+dinov2,2025-02-28T06:26:43.877934+00:00,2024-04-13T09:15:07.282578+00:00
1542,1452.0,1452.0,1452.0,False,1.7972738483791348,0.4785427471017605,5.0,0.0,1.1919619249074562,0.0,,0.0,False,False,0.7,matched,,True,True,True,True,seqslam+dinov2,2025-02-28T06:26:43.978274+00:00,2024-04-13T09:15:07.483314+00:00
1543,1453.0,1453.0,1453.0,False,1.7998936207890956,0.5555121464763133,5.0,0.0,1.1805915931499742,0.0,,0.0,False,False,0.7,matched,,True,True,True,True,seqslam+dinov2,2025-02-28T06:26:44.077418+00:00,2024-04-13T09:15:07.583307+00:00
1544,1454.0,1454.0,1454.0,False,1.8152785025290123,0.6110848953716081,6.0,0.0,1.1822519083969465,0.0,,0.0,False,False,0.4,matched,,True,True,True,True,seqslam+dinov2,2025-02-28T06:26:44.176519+00:00,2024-04-13T09:15:07.677941+00:00
1545,1455.0,1455.0,1455.0,False,1.8043963248595423,0.5166892705469504,6.0,0.0,1.1773000859845226,0.0,,0.0,False,False,0.4,matched,,True,True,True,True,seqslam+dinov2,2025-02-28T06:26:44.275651+00:00,2024-04-13T09:15:07.777689+00:00
1546,1457.0,1456.0,1457.0,False,1.8056779483810983,0.4622945867344779,5.0,0.0,1.1866375545851529,0.0,,1.0,True,False,0.7,ambiguous_range,,True,True,True,True,seqslam+dinov2,2025-02-28T06:26:44.374884+00:00,2024-04-13T09:15:07.980878+00:00
1547,1458.0,1458.0,1458.0,False,1.7858721773068333,0.16216335542288207,5.0,0.0,1.1828675577156742,0.0,,0.0,False,False,0.7,matched,,True,True,True,True,seqslam+dinov2,2025-02-28T06:26:44.477329+00:00,2024-04-13T09:15:08.084987+00:00
1548,1459.0,1459.0,1459.0,False,1.7536894537867118,0.12740583842990572,5.0,1.0,1.1736455306785163,0.0,,0.0,False,False,0.7,matched,,True,True,True,True,seqslam+dinov2,2025-02-28T06:26:44.578497+00:00,2024-04-13T09:15:08.180816+00:00
1549,1460.0,1460.0,1460.0,False,1.6838964614948067,0.25359028718530685,5.0,1.0,1.1768953068592058,0.0,,0.0,False,False,0.7,matched,,True,True,True,True,seqslam+dinov2,2025-02-28T06:26:44.677579+00:00,2024-04-13T09:15:08.279851+00:00
1550,1461.0,1461.0,1461.0,False,1.617976125261223,0.014907967225077368,5.0,1.0,1.1736455306785163,0.0,,0.0,False,False,0.7,matched,,True,True,True,True,seqslam+dinov2,2025-02-28T06:26:44.776323+00:00,2024-04-13T09:15:08.385831+00:00
1551,1462.0,1462.0,1462.0,False,1.591342723162119,0.030797195927842136,5.0,1.0,1.1828675577156742,0.0,,0.0,False,False,0.7,matched,,True,True,True,True,seqslam+dinov2,2025-02-28T06:26:44.878384+00:00,2024-04-13T09:15:08.479638+00:00
1552,1464.0,1463.0,1464.0,False,1.5334852106952388,0.04894175395121647,4.0,1.0,1.1847466480933313,0.0,,1.0,True,False,0.7,ambiguous_range,,True,True,True,True,seqslam+dinov2,2025-02-28T06:26:44.975660+00:00,2024-04-13T09:15:08.678305+00:00
1553,1465.0,1465.0,1465.0,False,1.4997218399246344,0.339586288918553,4.0,1.0,1.1773000859845226,0.0,,0.0,False,False,0.7,matched,,True,True,True,True,seqslam+dinov2,2025-02-28T06:26:45.076242+00:00,2024-04-13T09:15:08.778135+00:00
1554,1466.0,1466.0,1466.0,False,1.475563529558893,-0.03761868338783092,4.0,1.0,1.1822519083969465,1.0,,0.0,False,False,0.7,matched,,True,True,True,True,seqslam+dinov2,2025-02-28T06:26:45.176408+00:00,2024-04-13T09:15:08.878029+00:00
1555,1467.0,1467.0,1467.0,False,1.4154799716013526,0.07572770292925068,4.0,1.0,1.1805915931499738,0.0,,0.0,False,False,0.7,matched,,True,True,True,True,seqslam+dinov2,2025-02-28T06:26:45.274761+00:00,2024-04-13T09:15:08.979974+00:00
1556,1468.0,1468.0,1468.0,False,1.4017750024283382,0.11165325297516793,4.0,1.0,1.1919619249074562,0.0,,0.0,False,False,0.7,matched,,True,True,True,True,seqslam+dinov2,2025-02-28T06:26:45.374400+00:00,2024-04-13T09:15:09.081729+00:00
1557,1469.0,1469.0,1470.0,False,1.3812640016950926,-0.059083341326114036,3.0,0.0,1.1978109983982916,1.0,,1.0,True,False,0.7,ambiguous_range,,True,True,True,True,seqslam+dinov2,2025-02-28T06:26:45.474679+00:00,2024-04-13T09:15:09.180618+00:00
1558,1471.0,1471.0,1471.0,False,1.3880806496408988,-0.13731857009102288,3.0,0.0,1.1919619249074562,138.0,,0.0,False,False,0.7,matched,,True,True,True,True,seqslam+dinov2,2025-02-28T06:26:45.574414+00:00,2024-04-13T09:15:09.381551+00:00
1559,1472.0,1472.0,1472.0,False,1.3451308624491416,0.006449639695288445,3.0,0.0,1.19892952720785,0.0,,0.0,False,False,0.7,matched,,True,True,True,True,seqslam+dinov2,2025-02-28T06:26:45.675147+00:00,2024-04-13T09:15:09.479953+00:00
1560,1473.0,1473.0,1473.0,False,1.3385169148497733,-0.23501620894332653,3.0,1.0,1.19892952720785,447.0,,0.0,False,False,0.7,matched,,True,True,True,True,seqslam+dinov2,2025-02-28T06:26:45.776653+00:00,2024-04-13T09:15:09.579787+00:00
1561,1474.0,1474.0,1474.0,False,1.3197963441361336,0.0174648400308397,3.0,1.0,1.1919619249074562,0.0,,0.0,False,False,0.7,matched,,True,True,True,True,seqslam+dinov2,2025-02-28T06:26:45.875424+00:00,2024-04-13T09:15:09.680901+00:00
1562,1475.0,1475.0,1476.0,False,1.292759228990472,-0.2684831142939945,2.0,0.0,1.1978109983982916,615.0,,1.0,True,False,0.7,ambiguous_range,,True,True,True,True,seqslam+dinov2,2025-02-28T06:26:45.978287+00:00,2024-04-13T09:15:09.782817+00:00
1563,1477.0,1477.0,1477.0,False,1.2583275883631562,0.13112818834141415,2.0,0.0,1.1919619249074562,0.0,,0.0,False,False,0.7,matched,,True,True,True,True,seqslam+dinov2,2025-02-28T06:26:46.082918+00:00,2024-04-13T09:15:09.977801+00:00
1564,1478.0,1478.0,1478.0,False,1.2502278026588312,-0.31324003848101456,2.0,0.0,1.1805915931499742,125.0,,0.0,False,False,0.7,matched,,True,True,True,True,seqslam+dinov2,2025-02-28T06:26:46.175375+00:00,2024-04-13T09:15:10.084148+00:00
1565,1479.0,1479.0,1479.0,False,1.2580679229162703,-0.27820683505464605,2.0,0.0,1.1643109540636043,616.0,,0.0,False,False,0.7,matched,,True,True,True,True,seqslam+dinov2,2025-02-28T06:26:46.276026+00:00,2024-04-13T09:15:10.181540+00:00
1566,1480.0,1480.0,1480.0,False,1.264296791808039,-0.26824007017656437,2.0,1.0,1.1439357038480271,1226.0,,0.0,False,False,0.7,matched,,True,True,True,True,seqslam+dinov2,2025-02-28T06:26:46.378429+00:00,2024-04-13T09:15:10.279512+00:00
1567,1481.0,1481.0,1482.0,False,1.2598683210665618,-0.29997797761001244,1.0,0.0,1.159079539769885,619.0,,1.0,True,False,0.7,ambiguous_range,,True,True,True,True,seqslam+dinov2,2025-02-28T06:26:46.478764+00:00,2024-04-13T09:15:10.379724+00:00
1568,1483.0,1483.0,1483.0,False,1.2649537968019489,-0.6125388162840513,1.0,0.0,1.159079539769885,620.0,,0.0,False,False,0.7,matched,,True,True,True,True,seqslam+dinov2,2025-02-28T06:26:46.578268+00:00,2024-04-13T09:15:10.577910+00:00
1569,1484.0,1484.0,1484.0,False,1.2487497907403122,-0.3064575798395617,1.0,0.0,1.1539414972731779,1230.0,,0.0,False,False,0.7,matched,,True,True,True,True,seqslam+dinov2,2025-02-28T06:26:46.676291+00:00,2024-04-13T09:15:10.679825+00:00
1570,1485.0,1485.0,1485.0,False,1.2278842429906787,0.0967646639882509,1.0,0.0,1.1439357038480271,0.0,,0.0,False,False,0.7,matched,,True,True,True,True,seqslam+dinov2,2025-02-28T06:26:46.778571+00:00,2024-04-13T09:15:10.780285+00:00
1571,1486.0,1486.0,1486.0,False,1.2401479947195597,-0.017023508294569112,2.0,0.0,1.1295681063122924,1.0,,0.0,False,False,0.7,matched,,True,True,True,True,seqslam+dinov2,2025-02-28T06:26:46.875355+00:00,2024-04-13T09:15:10.877994+00:00
1572,1487.0,1487.0,1487.0,False,1.2666659218791343,-0.016788078155038022,3.0,1.0,1.1439357038480271,624.0,,0.0,False,False,0.7,matched,,True,True,True,True,seqslam+dinov2,2025-02-28T06:26:46.976284+00:00,2024-04-13T09:15:10.977971+00:00
1573,1488.0,1488.0,1488.0,False,1.290743416002619,-0.23419342446605418,3.0,1.0,1.1539414972731779,625.0,,0.0,False,False,0.7,matched,,True,True,True,True,seqslam+dinov2,2025-02-28T06:26:47.074518+00:00,2024-04-13T09:15:11.080267+00:00
1574,1489.0,1489.0,1489.0,False,1.310702362157667,-0.15009341007380606,3.0,1.0,1.159079539769885,911.0,,0.0,False,False,0.7,matched,,True,True,True,True,seqslam+dinov2,2025-02-28T06:26:47.174382+00:00,2024-04-13T09:15:11.182477+00:00
1575,1490.0,1490.0,1491.0,False,1.3285108775271377,-0.6771014930619016,3.0,0.0,1.1539414972731779,684.0,,1.0,True,False,0.7,ambiguous_range,,True,True,True,True,seqslam+dinov2,2025-02-28T06:26:47.276487+00:00,2024-04-13T09:15:11.284232+00:00
1576,1492.0,1492.0,1492.0,False,1.2812051207998607,-0.08881564452814761,2.0,0.0,1.1439357038480271,2.0,,0.0,False,False,0.7,matched,,True,True,True,True,seqslam+dinov2,2025-02-28T06:26:47.375170+00:00,2024-04-13T09:15:11.479448+00:00
1577,1493.0,1493.0,1493.0,False,1.2692621235596147,-0.017030725717618544,2.0,0.0,1.1476066002287209,1.0,,0.0,False,False,0.7,matched,,True,True,True,True,seqslam+dinov2,2025-02-28T06:26:47.474154+00:00,2024-04-13T09:15:11.577778+00:00
1578,1494.0,1494.0,1494.0,False,1.2118269307412892,0.1431691376513713,2.0,0.0,1.1476066002287209,0.0,,0.0,False,False,0.7,matched,,True,True,True,True,seqslam+dinov2,2025-02-28T06:26:47.574480+00:00,2024-04-13T09:15:11.680507+00:00
1579,1495.0,1495.0,1495.0,False,1.1864029034306818,-0.42459714468743215,2.0,0.0,1.1612012715409068,674.0,,0.0,False,False,0.7,matched,,True,True,True,True,seqslam+dinov2,2025-02-28T06:26:47.677568+00:00,2024-04-13T09:15:11.779940+00:00
1580,1497.0,1496.0,1497.0,False,1.1698946040554499,0.14431153746420078,2.0,1.0,1.1736455306785165,0.0,,1.0,True,False,0.7,ambiguous_range,,True,True,True,True,seqslam+dinov2,2025-02-28T06:26:47.777696+00:00,2024-04-13T09:15:11.981822+00:00
1581,1498.0,1498.0,1498.0,False,1.1827849454212633,-0.3262537911917578,2.0,1.0,1.1718350655989098,673.0,,0.0,False,False,0.7,matched,,True,True,True,True,seqslam+dinov2,2025-02-28T06:26:47.875138+00:00,2024-04-13T09:15:12.077840+00:00
1582,1499.0,1499.0,1499.0,False,1.147818580613759,-0.19728392957186802,2.0,1.0,1.1647029119676822,640.0,,0.0,False,False,0.7,matched,,True,True,True,True,seqslam+dinov2,2025-02-28T06:26:47.977173+00:00,2024-04-13T09:15:12.179499+00:00
1583,1500.0,1500.0,1500.0,False,1.1000774282093846,-0.7883877230517269,2.0,1.0,1.1526289764298665,693.0,,0.0,False,False,0.7,matched,,True,True,True,True,seqslam+dinov2,2025-02-28T06:26:48.078575+00:00,2024-04-13T09:15:12.281585+00:00
1584,1501.0,1501.0,1501.0,False,1.097790513336501,-0.6199852289041814,1.0,1.0,1.1362253881863293,386.0,,0.0,False,False,0.7,matched,,True,True,True,True,seqslam+dinov2,2025-02-28T06:26:48.176335+00:00,2024-04-13T09:15:12.378705+00:00
1585,1502.0,1502.0,1502.0,False,1.1383734958806284,-0.24293400071261306,1.0,2.0,1.1326968973747016,115.0,,0.0,False,False,0.7,matched,,True,True,True,True,seqslam+dinov2,2025-02-28T06:26:48.274415+00:00,2024-04-13T09:15:12.481480+00:00
1586,1503.0,1503.0,1503.0,False,1.1559621451080955,-0.35891261002040253,1.0,2.0,1.1257663889325578,642.0,,0.0,False,False,0.7,matched,,True,True,True,True,seqslam+dinov2,2025-02-28T06:26:48.376398+00:00,2024-04-13T09:15:12.581854+00:00
1587,1504.0,1504.0,1505.0,False,1.164496394734911,-0.3797393356037482,0.0,2.0,1.1027614305115438,920.0,,1.0,True,False,0.7,ambiguous_range,,True,True,True,True,seqslam+dinov2,2025-02-28T06:26:48.476724+00:00,2024-04-13T09:15:12.678042+00:00
1588,1506.0,1506.0,1506.0,False,1.1640138955330672,-0.5353701616221137,0.0,2.0,1.1027614305115438,1.0,,0.0,False,False,0.7,matched,,True,True,True,True,seqslam+dinov2,2025-02-28T06:26:48.576055+00:00,2024-04-13T09:15:12.879704+00:00
1589,1507.0,1507.0,1507.0,False,1.2328683307418655,-0.016631849212732197,0.0,1.0,1.0985630893578804,646.0,,0.0,False,False,0.7,matched,,True,True,True,True,seqslam+dinov2,2025-02-28T06:26:48.677944+00:00,2024-04-13T09:15:12.981205+00:00
1590,1508.0,1508.0,1508.0,False,1.2538660124286236,-0.24903871294855384,0.0,1.0,1.10643789857273,645.0,,0.0,False,False,0.7,matched,,True,True,True,True,seqslam+dinov2,2025-02-28T06:26:48.774861+00:00,2024-04-13T09:15:13.081883+00:00
1591,1509.0,1509.0,1509.0,False,1.2763154931910707,0.0031221889986574602,0.0,1.0,1.1112727829682951,0.0,,0.0,False,False,0.7,matched,,True,True,True,True,seqslam+dinov2,2025-02-28T06:26:48.875262+00:00,2024-04-13T09:15:13.177803+00:00
1592,1510.0,1510.0,1510.0,False,1.2438941624350663,-0.4493929743939251,0.0,0.0,1.1277839203917233,646.0,,0.0,False,False,0.7,matched,,True,True,True,True,seqslam+dinov2,2025-02-28T06:26:48.979082+00:00,2024-04-13T09:15:13.283102+00:00
1593,1511.0,1511.0,1511.0,False,1.2672867109079544,-0.2920902462878807,0.0,0.0,1.1404557944076288,103.0,,0.0,False,False,0.7,matched,,True,True,True,True,seqslam+dinov2,2025-02-28T06:26:49.076501+00:00,2024-04-13T09:15:13.380967+00:00
1594,1512.0,1512.0,1512.0,False,1.2836862770333568,0.014279679058340822,0.0,0.0,1.1486796785304247,1.0,,0.0,False,False,0.7,matched,,True,True,True,True,seqslam+dinov2,2025-02-28T06:26:49.178632+00:00,2024-04-13T09:15:13.480947+00:00
1595,1513.0,1513.0,1513.0,False,1.2454239695055753,-0.23962909281066103,1.0,0.0,1.152037617554859,1260.0,,0.0,False,False,0.7,matched,,True,True,True,True,seqslam+dinov2,2025-02-28T06:26:49.279507+00:00,2024-04-13T09:15:13.583192+00:00
1596,1514.0,1514.0,1514.0,False,1.1696986219074132,0.04159060019638927,1.0,0.0,1.150353676591545,0.0,,0.0,False,False,0.7,matched,,True,True,True,True,seqslam+dinov2,2025-02-28T06:26:49.375218+00:00,2024-04-13T09:15:13.678193+00:00
1597,1515.0,1515.0,1516.0,False,1.099513476092516,-0.600421691956909,1.0,1.0,1.151111111111111,681.0,,1.0,True,False,0.7,ambiguous_range,,True,True,True,True,seqslam+dinov2,2025-02-28T06:26:49.477862+00:00,2024-04-13T09:15:13.777682+00:00
1598,1517.0,1517.0,1517.0,False,1.0979894774488432,-0.37338846150434146,1.0,1.0,1.1548782507868147,900.0,,0.0,False,False,0.7,matched,,True,True,True,True,seqslam+dinov2,2025-02-28T06:26:49.574962+00:00,2024-04-13T09:15:13.981159+00:00
1599,1518.0,1518.0,1518.0,False,1.1064739327806374,-0.3300834344548069,1.0,1.0,1.1548782507868147,657.0,,0.0,False,False,0.7,matched,,True,True,True,True,seqslam+dinov2,2025-02-28T06:26:49.675795+00:00,2024-04-13T09:15:14.077263+00:00
1600,1520.0,1519.0,1520.0,False,1.0436994004140174,-0.39358235905297145,2.0,2.0,1.1779252110977079,661.0,,1.0,True,False,0.7,ambiguous_range,,True,True,True,True,seqslam+dinov2,2025-02-28T06:26:49.774153+00:00,2024-04-13T09:15:14.280452+00:00
1601,1521.0,1521.0,1521.0,False,0.9982569526346918,-0.5506644941861131,2.0,2.0,1.1816368996011792,1265.0,,0.0,False,False,0.4,matched,,True,True,True,True,seqslam+dinov2,2025-02-28T06:26:49.875082+00:00,2024-04-13T09:15:14.377623+00:00
1602,1522.0,1522.0,1522.0,False,1.0039237129262022,-0.8407833583358588,2.0,2.0,1.1797752808988766,1261.0,,0.0,False,False,0.7,matched,,True,True,True,True,seqslam+dinov2,2025-02-28T06:26:49.978656+00:00,2024-04-13T09:15:14.479649+00:00
1603,1523.0,1523.0,1523.0,False,1.0273914271543096,-0.5568902918898355,3.0,2.0,1.1724432303226906,818.0,,0.0,False,False,0.7,matched,,True,True,True,True,seqslam+dinov2,2025-02-28T06:26:50.077510+00:00,2024-04-13T09:15:14.578688+00:00
1604,1524.0,1524.0,1524.0,False,0.9956607699072912,-0.14346062174148333,1.0,2.0,1.1600367708507437,32.0,,0.0,False,False,0.4,matched,,True,True,True,True,seqslam+dinov2,2025-02-28T06:26:50.174643+00:00,2024-04-13T09:15:14.679405+00:00
1605,1525.0,1525.0,1525.0,False,1.0072944493280749,-0.7998453274282362,1.0,2.0,1.1431932500405646,31.0,,0.0,False,False,0.7,matched,,True,True,True,True,seqslam+dinov2,2025-02-28T06:26:50.279091+00:00,2024-04-13T09:15:14.779572+00:00
1606,1526.0,1526.0,1526.0,False,1.0070018303112271,-0.6087035301659358,1.0,1.0,1.1388799485033794,617.0,,0.0,False,False,0.7,matched,,True,True,True,True,seqslam+dinov2,2025-02-28T06:26:50.375212+00:00,2024-04-13T09:15:14.878562+00:00
1607,1527.0,1527.0,1527.0,False,1.0406909824662822,-0.25038345115102567,1.0,1.0,1.1453923803321393,76.0,,0.0,False,False,0.7,matched,,True,True,True,True,seqslam+dinov2,2025-02-28T06:26:50.477643+00:00,2024-04-13T09:15:14.978411+00:00
1608,1529.0,1528.0,1529.0,False,1.0232942459550776,-0.5464715709340102,1.0,2.0,1.1437499999999998,666.0,,1.0,True,False,0.7,ambiguous_range,,True,True,True,True,seqslam+dinov2,2025-02-28T06:26:50.575430+00:00,2024-04-13T09:15:15.178218+00:00
1609,1530.0,1530.0,1530.0,False,1.0190484319645208,-0.7200828577267395,1.0,2.0,1.1356799999999998,667.0,,0.0,False,False,0.7,matched,,True,True,True,True,seqslam+dinov2,2025-02-28T06:26:50.680932+00:00,2024-04-13T09:15:15.277760+00:00
1610,1531.0,1531.0,1531.0,False,0.9978205158624838,-0.26416257768242213,0.0,2.0,1.1410463426449216,612.0,,0.0,False,False,0.4,matched,,True,True,True,True,seqslam+dinov2,2025-02-28T06:26:50.775975+00:00,2024-04-13T09:15:15.380574+00:00
1611,1532.0,1532.0,1532.0,False,1.0752304394609995,-0.4300339153351851,0.0,1.0,1.1428571428571428,669.0,,0.0,False,False,0.7,matched,,True,True,True,True,seqslam+dinov2,2025-02-28T06:26:50.875573+00:00,2024-04-13T09:15:15.479100+00:00
1612,1533.0,1533.0,1533.0,False,1.1363241619051865,-0.1953845586040892,0.0,1.0,1.1410463426449216,845.0,,0.0,False,False,0.7,matched,,True,True,True,True,seqslam+dinov2,2025-02-28T06:26:50.975884+00:00,2024-04-13T09:15:15.578338+00:00
1613,1534.0,1534.0,1534.0,False,1.104769419433348,-0.7071709426858808,0.0,1.0,1.1356799999999998,951.0,,0.0,False,False,0.7,matched,,True,True,True,True,seqslam+dinov2,2025-02-28T06:26:51.075044+00:00,2024-04-13T09:15:15.682795+00:00
1614,1535.0,1535.0,1536.0,False,1.1268882964260454,-0.4271726661125317,1.0,2.0,1.1151589996912628,953.0,,1.0,True,False,0.7,ambiguous_range,,True,True,True,True,seqslam+dinov2,2025-02-28T06:26:51.176059+00:00,2024-04-13T09:15:15.779742+00:00
1615,1537.0,1537.0,1537.0,False,1.1811878733715881,-0.43040747454279615,1.0,2.0,1.1166408668730652,478.0,,0.0,False,False,0.7,matched,,True,True,True,True,seqslam+dinov2,2025-02-28T06:26:51.274230+00:00,2024-04-13T09:15:15.983313+00:00
1616,1538.0,1538.0,1538.0,False,1.2010634216493512,0.20343548676518464,1.0,2.0,1.113685344827586,0.0,,0.0,False,False,0.7,matched,,True,True,True,True,seqslam+dinov2,2025-02-28T06:26:51.374482+00:00,2024-04-13T09:15:16.083787+00:00
1617,1539.0,1539.0,1539.0,False,1.1827139834426714,0.02066305108353128,1.0,2.0,1.10643789857273,0.0,,0.0,False,False,0.7,matched,,True,True,True,True,seqslam+dinov2,2025-02-28T06:26:51.479242+00:00,2024-04-13T09:15:16.177750+00:00
1618,1540.0,1540.0,1540.0,False,1.1603460183682703,-0.621657210509329,1.0,2.0,1.1112727829682951,1279.0,,0.0,False,False,0.7,matched,,True,True,True,True,seqslam+dinov2,2025-02-28T06:26:51.575285+00:00,2024-04-13T09:15:16.278332+00:00
1619,1541.0,1541.0,1541.0,False,1.2062661106007264,-0.20155909128510907,1.0,2.0,1.1129032258064515,1.0,,0.0,False,False,0.7,matched,,True,True,True,True,seqslam+dinov2,2025-02-28T06:26:51.674406+00:00,2024-04-13T09:15:16.381590+00:00
1620,1542.0,1542.0,1542.0,False,1.2050400198426414,0.04151185542063729,2.0,2.0,1.1112727829682951,0.0,,0.0,False,False,0.7,matched,,True,True,True,True,seqslam+dinov2,2025-02-28T06:26:51.776101+00:00,2024-04-13T09:15:16.480468+00:00
1621,1543.0,1543.0,1543.0,False,1.2035883427557375,-0.15130408427454656,2.0,2.0,1.1216617210682491,962.0,,0.0,False,False,0.7,matched,,True,True,True,True,seqslam+dinov2,2025-02-28T06:26:51.877445+00:00,2024-04-13T09:15:16.577965+00:00
1622,1544.0,1544.0,1544.0,False,1.0962528513679874,-0.7779763717463882,2.0,2.0,1.1277839203917233,586.0,,0.0,False,False,0.7,matched,,True,True,True,True,seqslam+dinov2,2025-02-28T06:26:51.974309+00:00,2024-04-13T09:15:16.679650+00:00
1623,1545.0,1545.0,1545.0,False,1.074604544946919,-0.45329162682426016,1.0,2.0,1.129336290194836,682.0,,0.0,False,False,0.7,matched,,True,True,True,True,seqslam+dinov2,2025-02-28T06:26:52.074466+00:00,2024-04-13T09:15:16.778410+00:00
1624,1547.0,1546.0,1547.0,False,1.0556670442868081,-0.2092828020587758,1.0,2.0,1.1367281475541298,1294.0,,1.0,True,False,0.7,ambiguous_range,,True,True,True,True,seqslam+dinov2,2025-02-28T06:26:52.178162+00:00,2024-04-13T09:15:16.979472+00:00
1625,1548.0,1548.0,1548.0,False,1.0416739860762607,-0.4203190146671101,1.0,2.0,1.1439357038480271,80.0,,0.0,False,False,0.7,matched,,True,True,True,True,seqslam+dinov2,2025-02-28T06:26:52.274206+00:00,2024-04-13T09:15:17.080898+00:00
1626,1549.0,1549.0,1549.0,False,1.025098889005884,-0.4526459449585094,1.0,2.0,1.1476066002287209,136.0,,0.0,False,False,0.7,matched,,True,True,True,True,seqslam+dinov2,2025-02-28T06:26:52.375264+00:00,2024-04-13T09:15:17.177544+00:00
1627,1550.0,1550.0,1550.0,False,1.0445893029827078,-0.9773020892062295,1.0,2.0,1.1476066002287209,482.0,,0.0,False,False,0.7,matched,,True,True,True,True,seqslam+dinov2,2025-02-28T06:26:52.475293+00:00,2024-04-13T09:15:17.278403+00:00
1628,1551.0,1551.0,1551.0,False,1.0996707382739113,-0.34832640420376726,0.0,2.0,1.1439357038480271,1282.0,,0.0,False,False,0.7,matched,,True,True,True,True,seqslam+dinov2,2025-02-28T06:26:52.577799+00:00,2024-04-13T09:15:17.380363+00:00
1629,1553.0,1552.0,1553.0,False,1.1019021821080879,-0.7168499796093419,1.0,3.0,1.1262403528114662,1282.0,,1.0,True,False,0.7,ambiguous_range,,True,True,True,True,seqslam+dinov2,2025-02-28T06:26:52.677338+00:00,2024-04-13T09:15:17.578055+00:00
1630,1554.0,1554.0,1554.0,False,1.07690062757843,-0.4667303487049079,1.0,3.0,1.1128287955699123,718.0,,0.0,False,False,0.7,matched,,True,True,True,True,seqslam+dinov2,2025-02-28T06:26:52.776907+00:00,2024-04-13T09:15:17.678115+00:00
1631,1555.0,1555.0,1555.0,False,1.0598761400565946,-0.06957216826863366,1.0,3.0,1.1128287955699123,716.0,,0.0,False,False,0.7,matched,,True,True,True,True,seqslam+dinov2,2025-02-28T06:26:52.875643+00:00,2024-04-13T09:15:17.781682+00:00
1632,1556.0,1556.0,1556.0,False,1.0062962508164228,0.18073798188915635,0.0,3.0,1.1084668192219678,0.0,,0.0,False,False,0.7,matched,,True,True,True,True,seqslam+dinov2,2025-02-28T06:26:52.975788+00:00,2024-04-13T09:15:17.877839+00:00
1633,1557.0,1557.0,1557.0,False,1.04834282605448,-0.0741412530427239,0.0,3.0,1.09995497523638,92.0,,0.0,False,False,0.7,matched,,True,True,True,True,seqslam+dinov2,2025-02-28T06:26:53.075104+00:00,2024-04-13T09:15:17.978155+00:00
1634,1558.0,1558.0,1558.0,False,1.0165975085659176,-0.4920838213216786,0.0,3.0,1.1030943396226416,711.0,,0.0,False,False,0.7,matched,,True,True,True,True,seqslam+dinov2,2025-02-28T06:26:53.178096+00:00,2024-04-13T09:15:18.084228+00:00
1635,1559.0,1559.0,1559.0,False,1.0205017751340149,-0.6983225852753068,0.0,3.0,1.1030943396226416,1306.0,,0.0,False,False,0.7,matched,,True,True,True,True,seqslam+dinov2,2025-02-28T06:26:53.278730+00:00,2024-04-13T09:15:18.182512+00:00
1636,1560.0,1560.0,1560.0,False,1.0326872585995224,-0.4976226244366908,0.0,3.0,1.09995497523638,486.0,,0.0,False,False,0.7,matched,,True,True,True,True,seqslam+dinov2,2025-02-28T06:26:53.379539+00:00,2024-04-13T09:15:18.277916+00:00
1637,1561.0,1561.0,1561.0,False,1.0033226113497953,-0.996497465110301,0.0,3.0,1.0937824603056832,999.0,,0.0,False,False,0.7,matched,,True,True,True,True,seqslam+dinov2,2025-02-28T06:26:53.475615+00:00,2024-04-13T09:15:18.378258+00:00
1638,1562.0,1562.0,1562.0,False,0.965694210950694,-0.39971348212169566,0.0,3.0,1.0992950352482376,724.0,,0.0,False,False,0.4,matched,,True,True,True,True,seqslam+dinov2,2025-02-28T06:26:53.577786+00:00,2024-04-13T09:15:18.477731+00:00
1639,1563.0,1563.0,1563.0,False,0.9341184734796667,-0.5500700532239435,1.0,4.0,1.1006918333584,495.0,,0.0,False,False,0.4,matched,,True,True,True,True,seqslam+dinov2,2025-02-28T06:26:53.676320+00:00,2024-04-13T09:15:18.580322+00:00
1640,1564.0,1564.0,1565.0,False,0.9576912621728474,-0.4636488951753701,1.0,4.0,1.1548429971756105,491.0,,1.0,True,False,0.5,ambiguous_range,,True,True,True,True,seqslam+dinov2,2025-02-28T06:26:53.775488+00:00,2024-04-13T09:15:18.678571+00:00
1641,1566.0,1566.0,1566.0,False,0.9699803857544029,-0.20974492630123742,1.0,4.0,1.1779602420051858,725.0,,0.0,False,False,0.4,matched,,True,True,True,True,seqslam+dinov2,2025-02-28T06:26:53.876014+00:00,2024-04-13T09:15:18.882812+00:00
1642,1567.0,1567.0,1567.0,False,0.9919186236275486,-0.44107221864014146,1.0,4.0,1.1970561998215878,992.0,,0.0,False,False,0.4,matched,,True,True,True,True,seqslam+dinov2,2025-02-28T06:26:53.974630+00:00,2024-04-13T09:15:18.984084+00:00
1643,1568.0,1568.0,1568.0,False,1.0973423830210765,-0.5431754574818854,1.0,4.0,1.2111699215185252,403.0,,0.0,False,False,0.7,matched,,True,True,True,True,seqslam+dinov2,2025-02-28T06:26:54.075704+00:00,2024-04-13T09:15:19.087975+00:00
1644,1569.0,1569.0,1569.0,False,1.145170201555447,-0.30827317246952,2.0,4.0,1.2195302385796192,402.0,,0.0,False,False,0.7,matched,,True,True,True,True,seqslam+dinov2,2025-02-28T06:26:54.179655+00:00,2024-04-13T09:15:19.179042+00:00
1645,1570.0,1570.0,1570.0,False,1.1362593572180781,-0.11295214530692532,2.0,4.0,1.221655223603637,496.0,,0.0,False,False,0.7,matched,,True,True,True,True,seqslam+dinov2,2025-02-28T06:26:54.279675+00:00,2024-04-13T09:15:19.279469+00:00
1646,1572.0,1571.0,1572.0,False,1.1067204943142894,-0.1560183004568163,2.0,5.0,1.2070716228467813,3.0,,1.0,True,False,0.7,ambiguous_range,,True,True,True,True,seqslam+dinov2,2025-02-28T06:26:54.374320+00:00,2024-04-13T09:15:19.480566+00:00
1647,1573.0,1573.0,1574.0,False,1.0987176565898507,-0.22256378245181407,3.0,5.0,1.1706505036708212,1.0,,1.0,True,False,0.7,ambiguous_range,,True,True,True,True,seqslam+dinov2,2025-02-28T06:26:54.477049+00:00,2024-04-13T09:15:19.580586+00:00
1648,1575.0,1575.0,1575.0,False,1.1066330253092695,0.15498734966342953,3.0,5.0,1.1464233098706824,0.0,,0.0,False,False,0.7,matched,,True,True,True,True,seqslam+dinov2,2025-02-28T06:26:54.576253+00:00,2024-04-13T09:15:19.777521+00:00
1649,1576.0,1576.0,1576.0,False,1.0897274144094404,0.032304073111264486,3.0,5.0,1.153138976312738,0.0,,0.0,False,False,0.7,matched,,True,True,True,True,seqslam+dinov2,2025-02-28T06:26:54.678133+00:00,2024-04-13T09:15:19.879056+00:00
1650,1577.0,1577.0,1577.0,False,1.035981939534254,-0.7524804839305368,3.0,5.0,1.1548429971756107,1283.0,,0.0,False,False,0.7,matched,,True,True,True,True,seqslam+dinov2,2025-02-28T06:26:54.781323+00:00,2024-04-13T09:15:19.979162+00:00
1651,1578.0,1578.0,1578.0,False,0.9865299655213683,-0.9365918212152542,3.0,5.0,1.1514450867052022,113.0,,0.0,False,False,0.4,matched,,True,True,True,True,seqslam+dinov2,2025-02-28T06:26:54.876133+00:00,2024-04-13T09:15:20.077502+00:00
1652,1579.0,1579.0,1579.0,False,0.9630923722079434,-0.19491181808816105,3.0,5.0,1.1431244914564687,114.0,,0.0,False,False,0.4,matched,,True,True,True,True,seqslam+dinov2,2025-02-28T06:26:54.974679+00:00,2024-04-13T09:15:20.179402+00:00
1653,1580.0,1580.0,1580.0,False,0.9781132607473059,-0.3842386202130579,3.0,5.0,1.1303068850373668,106.0,,0.0,False,False,0.4,matched,,True,True,True,True,seqslam+dinov2,2025-02-28T06:26:55.077251+00:00,2024-04-13T09:15:20.278718+00:00
1654,1581.0,1581.0,1581.0,False,0.9410522535120371,-0.4181489952633419,3.0,5.0,1.1136118390627407,1323.0,,0.0,False,False,0.4,matched,,True,True,True,True,seqslam+dinov2,2025-02-28T06:26:55.174451+00:00,2024-04-13T09:15:20.380719+00:00
1655,1582.0,1582.0,1582.0,False,0.9104485416744047,-0.9134539800632806,3.0,5.0,1.0937824603056832,702.0,,0.0,False,False,0.4,matched,,True,True,True,True,seqslam+dinov2,2025-02-28T06:26:55.274864+00:00,2024-04-13T09:15:20.477753+00:00
1656,1583.0,1583.0,1583.0,False,0.9143877857176131,-0.7346690074458502,3.0,5.0,1.0847803881511746,696.0,,0.0,False,False,0.4,matched,,True,True,True,True,seqslam+dinov2,2025-02-28T06:26:55.375428+00:00,2024-04-13T09:15:20.577516+00:00
1657,1584.0,1584.0,1584.0,False,0.9375865596054169,-0.5588749319656354,3.0,5.0,1.0732334047109209,975.0,,0.0,False,False,0.4,matched,,True,True,True,True,seqslam+dinov2,2025-02-28T06:26:55.474799+00:00,2024-04-13T09:15:20.681078+00:00
1658,1586.0,1585.0,1586.0,False,0.9213596398646252,-0.17023111204873298,3.0,6.0,1.0748031496062993,973.0,,1.0,True,False,0.5,ambiguous_range,,True,True,True,True,seqslam+dinov2,2025-02-28T06:26:55.575629+00:00,2024-04-13T09:15:20.888281+00:00
1659,1587.0,1587.0,1587.0,False,0.9021012067253614,-0.22089653374513318,3.0,6.0,1.0732334047109209,972.0,,0.0,False,False,0.4,matched,,True,True,True,True,seqslam+dinov2,2025-02-28T06:26:55.677240+00:00,2024-04-13T09:15:20.978378+00:00
1660,1588.0,1588.0,1588.0,False,0.9031816614936716,-0.1431580380408226,3.0,6.0,1.0701206529453513,1296.0,,0.0,False,False,0.4,matched,,True,True,True,True,seqslam+dinov2,2025-02-28T06:26:55.777224+00:00,2024-04-13T09:15:21.078704+00:00
1661,1589.0,1589.0,1589.0,False,0.965539761014394,-0.5278046927418522,3.0,5.0,1.0655172413793101,42.0,,0.0,False,False,0.4,matched,,True,True,True,True,seqslam+dinov2,2025-02-28T06:26:55.877022+00:00,2024-04-13T09:15:21.177967+00:00
1662,1590.0,1590.0,1590.0,False,0.9571724315950313,-0.4020086498106066,3.0,3.0,1.0594989561586639,393.0,,0.0,False,False,0.4,matched,,True,True,True,True,seqslam+dinov2,2025-02-28T06:26:55.975909+00:00,2024-04-13T09:15:21.278060+00:00
1663,1591.0,1591.0,1591.0,False,0.9654077041318462,-0.32523454595089873,4.0,3.0,1.0521619766643788,207.0,,0.0,False,False,0.4,matched,,True,True,True,True,seqslam+dinov2,2025-02-28T06:26:56.075705+00:00,2024-04-13T09:15:21.380098+00:00
1664,1592.0,1592.0,1592.0,False,0.9465428437460816,-0.429757117421778,4.0,3.0,1.0436191762322753,745.0,,0.0,False,False,0.4,matched,,True,True,True,True,seqslam+dinov2,2025-02-28T06:26:56.175058+00:00,2024-04-13T09:15:21.481540+00:00
1665,1593.0,1593.0,1593.0,False,0.9610733706963681,-0.31442392776668715,4.0,3.0,1.0339960238568588,574.0,,0.0,False,False,0.4,matched,,True,True,True,True,seqslam+dinov2,2025-02-28T06:26:56.275421+00:00,2024-04-13T09:15:21.578117+00:00
1666,1594.0,1594.0,1594.0,False,0.927309936907659,-0.23892244899399762,3.0,3.0,1.0234263465282283,605.0,,0.0,False,False,0.4,matched,,True,True,True,True,seqslam+dinov2,2025-02-28T06:26:56.378761+00:00,2024-04-13T09:15:21.678852+00:00
1667,1595.0,1595.0,1595.0,False,0.9039754963480999,-0.796907759675559,3.0,3.0,1.0120481927710843,76.0,,0.0,False,False,0.4,matched,,True,True,True,True,seqslam+dinov2,2025-02-28T06:26:56.476075+00:00,2024-04-13T09:15:21.779660+00:00
1668,1596.0,1596.0,1596.0,False,0.885138682523435,-0.53825761097663,3.0,3.0,1.0,1303.0,,0.0,False,False,0.4,matched,,True,True,True,True,seqslam+dinov2,2025-02-28T06:26:56.574480+00:00,2024-04-13T09:15:21.883115+00:00
1669,1597.0,1597.0,1597.0,False,0.860472578321177,-0.5757968712074588,3.0,3.0,1.0,675.0,,0.0,False,False,0.4,matched,,True,True,True,True,seqslam+dinov2,2025-02-28T06:26:56.674251+00:00,2024-04-13T09:15:21.978795+00:00
1670,1598.0,1598.0,1598.0,False,0.9041674666753096,-0.21133925466402004,4.0,4.0,1.0120481927710843,335.0,,0.0,False,False,0.4,matched,,True,True,True,True,seqslam+dinov2,2025-02-28T06:26:56.778403+00:00,2024-04-13T09:15:22.080419+00:00
1671,1599.0,1599.0,1599.0,False,0.8712505572986263,-0.8273467450021444,3.0,4.0,1.0234263465282283,1304.0,,0.0,False,False,0.4,matched,,True,True,True,True,seqslam+dinov2,2025-02-28T06:26:56.877325+00:00,2024-04-13T09:15:22.180462+00:00
1672,1600.0,1600.0,1600.0,False,0.8300180457249021,-0.9892654374360337,3.0,4.0,1.0339960238568588,587.0,,0.0,False,False,0.4,matched,,True,True,True,True,seqslam+dinov2,2025-02-28T06:26:56.974492+00:00,2024-04-13T09:15:22.278256+00:00
1673,1601.0,1601.0,1601.0,False,0.8352987908088977,-0.9609087607303463,2.0,4.0,1.0436191762322755,1338.0,,0.0,False,False,0.4,matched,,True,True,True,True,seqslam+dinov2,2025-02-28T06:26:57.078709+00:00,2024-04-13T09:15:22.378956+00:00
1674,1602.0,1602.0,1602.0,False,0.8403373857642135,-1.0294021443417458,2.0,4.0,1.0521619766643788,1339.0,,0.0,False,False,0.4,matched,,True,True,True,True,seqslam+dinov2,2025-02-28T06:26:57.176558+00:00,2024-04-13T09:15:22.477751+00:00
1675,1603.0,1603.0,1603.0,False,0.8600158317198457,-0.3093121199837623,1.0,4.0,1.0594989561586639,532.0,,0.0,False,False,0.4,matched,,True,True,True,True,seqslam+dinov2,2025-02-28T06:26:57.276721+00:00,2024-04-13T09:15:22.581419+00:00
1676,1604.0,1604.0,1604.0,False,0.8170913982651278,-1.057783100159528,1.0,4.0,1.078985402514814,758.0,,0.0,False,False,0.4,matched,,True,True,True,True,seqslam+dinov2,2025-02-28T06:26:57.375499+00:00,2024-04-13T09:15:22.682464+00:00
1677,1605.0,1605.0,1605.0,False,0.8637962962244895,-0.9268493917881861,0.0,4.0,1.0969212374831865,1341.0,,0.0,False,False,0.4,matched,,True,True,True,True,seqslam+dinov2,2025-02-28T06:26:57.477434+00:00,2024-04-13T09:15:22.783468+00:00
1678,1606.0,1606.0,1606.0,False,0.9334626208077125,-0.7908217479554323,0.0,4.0,1.1261254146264412,533.0,,0.0,False,False,0.4,matched,,True,True,True,True,seqslam+dinov2,2025-02-28T06:26:57.576801+00:00,2024-04-13T09:15:22.878006+00:00
1679,1607.0,1607.0,1608.0,False,1.0280134569698471,-0.47508444692617813,0.0,4.0,1.2162238023952097,762.0,,1.0,True,False,0.7,ambiguous_range,,True,True,True,True,seqslam+dinov2,2025-02-28T06:26:57.675352+00:00,2024-04-13T09:15:22.981300+00:00
1680,1609.0,1609.0,1609.0,False,1.0661582384063395,-0.6511337944750892,0.0,4.0,1.2674632352941173,762.0,,0.0,False,False,0.7,matched,,True,True,True,True,seqslam+dinov2,2025-02-28T06:26:57.779997+00:00,2024-04-13T09:15:23.179523+00:00
1681,1610.0,1610.0,1610.0,False,1.0836669235205527,-1.056246907063284,0.0,4.0,1.3171378091872794,763.0,,0.0,False,False,0.7,matched,,True,True,True,True,seqslam+dinov2,2025-02-28T06:26:57.875402+00:00,2024-04-13T09:15:23.277637+00:00
1682,1611.0,1611.0,1611.0,False,1.1357719317015442,-0.8028136285887815,0.0,4.0,1.3620283018867922,764.0,,0.0,False,False,0.7,matched,,True,True,True,True,seqslam+dinov2,2025-02-28T06:26:57.975708+00:00,2024-04-13T09:15:23.378995+00:00
1683,1612.0,1612.0,1612.0,False,1.1718726321407098,-0.271259891610764,1.0,4.0,1.3984375,765.0,,0.0,False,False,0.7,matched,,True,True,True,True,seqslam+dinov2,2025-02-28T06:26:58.076827+00:00,2024-04-13T09:15:23.478491+00:00
1684,1614.0,1613.0,1614.0,False,1.201082140448401,-0.05487003869151508,0.0,5.0,1.4323132780082988,767.0,,1.0,True,False,0.7,ambiguous_range,,True,True,True,True,seqslam+dinov2,2025-02-28T06:26:58.174387+00:00,2024-04-13T09:15:23.679322+00:00
1685,1615.0,1615.0,1618.0,False,1.2155051848974567,-0.36916751111975343,2.0,6.0,1.3266129032258067,771.0,,3.0,True,False,0.5,ambiguous_range,,True,True,True,True,seqslam+dinov2,2025-02-28T06:26:58.274594+00:00,2024-04-13T09:15:23.783246+00:00
1686,1619.0,1619.0,1619.0,False,1.1843108978474972,0.0034812765613299046,2.0,6.0,1.2981079337776824,0.0,,0.0,False,False,0.4,matched,,True,True,True,True,seqslam+dinov2,2025-02-28T06:26:58.374335+00:00,2024-04-13T09:15:24.177704+00:00
1687,1620.0,1620.0,1620.0,False,1.2329087672354702,-0.32572219119288226,2.0,6.0,1.2627395026498165,773.0,,0.0,False,False,0.4,matched,,True,True,True,True,seqslam+dinov2,2025-02-28T06:26:58.474284+00:00,2024-04-13T09:15:24.280579+00:00
1688,1621.0,1621.0,1621.0,False,1.2360652727966366,-0.5632136678281767,2.0,3.0,1.2228915662650603,775.0,,0.0,False,False,0.7,matched,,True,True,True,True,seqslam+dinov2,2025-02-28T06:26:58.576451+00:00,2024-04-13T09:15:24.377483+00:00
1689,1622.0,1622.0,1622.0,False,1.2640202744432452,-0.7630365596364721,2.0,3.0,1.180782918149466,367.0,,0.0,False,False,0.7,matched,,True,True,True,True,seqslam+dinov2,2025-02-28T06:26:58.674759+00:00,2024-04-13T09:15:24.483989+00:00
1690,1623.0,1623.0,1623.0,False,1.2424651294410125,-0.4186745788139108,4.0,3.0,1.138262872182925,1384.0,,0.0,False,False,0.7,matched,,True,True,True,True,seqslam+dinov2,2025-02-28T06:26:58.777071+00:00,2024-04-13T09:15:24.579849+00:00
1691,1624.0,1624.0,1624.0,False,1.2424712792126356,-0.5605226740253787,4.0,3.0,1.0967302452316077,3.0,,0.0,False,False,0.7,matched,,True,True,True,True,seqslam+dinov2,2025-02-28T06:26:58.877776+00:00,2024-04-13T09:15:24.679080+00:00
1692,1625.0,1625.0,1625.0,False,1.1876717449884788,-0.13443854147633982,4.0,4.0,1.0652173913043477,2.0,,0.0,False,False,0.7,matched,,True,True,True,True,seqslam+dinov2,2025-02-28T06:26:58.974509+00:00,2024-04-13T09:15:24.781951+00:00
1693,1626.0,1626.0,1626.0,False,1.202126899937423,-0.3219400334796536,4.0,4.0,1.0340909090909092,1.0,,0.0,False,False,0.7,matched,,True,True,True,True,seqslam+dinov2,2025-02-28T06:26:59.074759+00:00,2024-04-13T09:15:24.881827+00:00
1694,1627.0,1627.0,1627.0,False,1.200598223964658,0.12534337618565505,4.0,4.0,1.0120481927710843,0.0,,0.0,False,False,0.7,matched,,True,True,True,True,seqslam+dinov2,2025-02-28T06:26:59.174941+00:00,2024-04-13T09:15:24.983937+00:00
1695,1628.0,1628.0,1628.0,False,1.2770838525380872,-0.01150036007430466,4.0,4.0,1.0,1.0,,0.0,False,False,0.7,matched,,True,True,True,True,seqslam+dinov2,2025-02-28T06:26:59.274537+00:00,2024-04-13T09:15:25.081775+00:00
1696,1629.0,1629.0,1629.0,False,1.3152521892234612,-0.31249792464751525,4.0,4.0,1.0,4.0,,0.0,False,False,0.7,matched,,True,True,True,True,seqslam+dinov2,2025-02-28T06:26:59.375570+00:00,2024-04-13T09:15:25.180318+00:00
1697,1630.0,1630.0,1630.0,False,1.319837347502308,-0.6911733790349104,4.0,4.0,1.0,607.0,,0.0,False,False,0.7,matched,,True,True,True,True,seqslam+dinov2,2025-02-28T06:26:59.477083+00:00,2024-04-13T09:15:25.278017+00:00
1698,1631.0,1631.0,1631.0,False,1.2928422595005522,-0.17028156587914567,4.0,4.0,1.0,2.0,,0.0,False,False,0.7,matched,,True,True,True,True,seqslam+dinov2,2025-02-28T06:26:59.576837+00:00,2024-04-13T09:15:25.381941+00:00
1699,1632.0,1632.0,1632.0,False,1.2791800995911977,-0.4355743459619932,3.0,4.0,1.0,1.0,,0.0,False,False,0.7,matched,,True,True,True,True,seqslam+dinov2,2025-02-28T06:26:59.674596+00:00,2024-04-13T09:15:25.479737+00:00
1700,1633.0,1633.0,1633.0,False,1.263130873140711,0.3980103162635005,4.0,4.0,1.0,0.0,,0.0,False,False,0.7,matched,,True,True,True,True,seqslam+dinov2,2025-02-28T06:26:59.776545+00:00,2024-04-13T09:15:25.582004+00:00
1701,1634.0,1634.0,1634.0,False,1.2767902419912784,-0.010310260935010307,4.0,3.0,1.0,1.0,,0.0,False,False,0.7,matched,,True,True,True,True,seqslam+dinov2,2025-02-28T06:26:59.876038+00:00,2024-04-13T09:15:25.678369+00:00
1702,1635.0,1635.0,1635.0,False,1.307044277967394,-0.5560653887353205,4.0,3.0,1.0,1.0,,0.0,False,False,0.7,matched,,True,True,True,True,seqslam+dinov2,2025-02-28T06:26:59.981480+00:00,2024-04-13T09:15:25.777701+00:00
1703,1636.0,1636.0,1636.0,False,1.4244027561498513,-0.22335437647044265,4.0,3.0,1.0,2.0,,0.0,False,False,0.7,matched,,True,True,True,True,seqslam+dinov2,2025-02-28T06:27:00.075185+00:00,2024-04-13T09:15:25.877905+00:00
1704,1637.0,1637.0,1637.0,False,1.482534490851519,-0.25896479199325473,4.0,2.0,1.0,2.0,,0.0,False,False,0.7,matched,,True,True,True,True,seqslam+dinov2,2025-02-28T06:27:00.176405+00:00,2024-04-13T09:15:25.982223+00:00
1705,1638.0,1638.0,1638.0,False,1.5656692112755595,0.18246397036674034,4.0,2.0,1.0120481927710843,3.0,,0.0,False,False,0.7,matched,,True,True,True,True,seqslam+dinov2,2025-02-28T06:27:00.275946+00:00,2024-04-13T09:15:26.079283+00:00
1706,1639.0,1639.0,1639.0,False,1.5319419565579506,0.21022615484522245,4.0,0.0,1.0234263465282283,1.0,,0.0,False,False,0.7,matched,,True,True,True,True,seqslam+dinov2,2025-02-28T06:27:00.379462+00:00,2024-04-13T09:15:26.182729+00:00
1707,1640.0,1640.0,1640.0,False,1.562699688312481,-0.03968333575575045,3.0,0.0,1.0339960238568588,3.0,,0.0,False,False,0.9,matched,,True,True,True,True,seqslam+dinov2,2025-02-28T06:27:00.481650+00:00,2024-04-13T09:15:26.281737+00:00
1708,1641.0,1641.0,1641.0,False,1.600138484262911,0.7517094647903559,5.0,0.0,1.0555247853780116,0.0,,0.0,False,False,0.7,matched,,True,True,True,True,seqslam+dinov2,2025-02-28T06:27:00.578855+00:00,2024-04-13T09:15:26.382470+00:00
1709,1642.0,1642.0,1642.0,False,1.6627014189929654,0.38068962739131096,5.0,0.0,1.076185671039354,1.0,,0.0,False,False,0.7,matched,,True,True,True,True,seqslam+dinov2,2025-02-28T06:27:00.675376+00:00,2024-04-13T09:15:26.479117+00:00
1710,1643.0,1643.0,1643.0,False,1.7077379307369456,0.7295188453313999,5.0,0.0,1.0955156950672646,0.0,,0.0,False,False,0.7,matched,,True,True,True,True,seqslam+dinov2,2025-02-28T06:27:00.774300+00:00,2024-04-13T09:15:26.579063+00:00
1711,1644.0,1644.0,1644.0,False,1.7514697214753574,0.08111941874025752,5.0,0.0,1.1130226816849254,1.0,,0.0,False,False,0.7,matched,,True,True,True,True,seqslam+dinov2,2025-02-28T06:27:00.875542+00:00,2024-04-13T09:15:26.681103+00:00
1712,1645.0,1645.0,1645.0,False,1.761247097142177,0.4134778392375975,4.0,0.0,1.1282091917591126,0.0,,0.0,False,False,0.7,matched,,True,True,True,True,seqslam+dinov2,2025-02-28T06:27:00.974719+00:00,2024-04-13T09:15:26.780749+00:00
1713,1646.0,1646.0,1646.0,False,1.795559443918203,-0.08700435891025093,4.0,0.0,1.1406022340942203,1.0,,0.0,False,False,0.7,matched,,True,True,True,True,seqslam+dinov2,2025-02-28T06:27:01.075546+00:00,2024-04-13T09:15:26.883067+00:00
1714,1647.0,1647.0,1648.0,False,1.760909399106192,0.2514576268144757,4.0,0.0,1.1554356846473028,1.0,,1.0,True,False,0.7,ambiguous_range,,True,True,True,True,seqslam+dinov2,2025-02-28T06:27:01.175239+00:00,2024-04-13T09:15:26.984661+00:00
1715,1649.0,1649.0,1649.0,False,1.773407731398421,0.026028253446905847,4.0,0.0,1.1573426573426573,0.0,,0.0,False,False,0.7,matched,,True,True,True,True,seqslam+dinov2,2025-02-28T06:27:01.275720+00:00,2024-04-13T09:15:27.177859+00:00
1716,1651.0,1650.0,1651.0,False,1.7988569042797486,0.5176359609660226,4.0,0.0,1.1676555348364128,0.0,,1.0,True,False,0.7,ambiguous_range,,True,True,True,True,seqslam+dinov2,2025-02-28T06:27:01.375402+00:00,2024-04-13T09:15:27.380505+00:00
1717,1652.0,1652.0,1652.0,False,1.875315912582992,0.12516428344139063,4.0,1.0,1.1748755792002747,1.0,,0.0,False,False,0.7,matched,,True,True,True,True,seqslam+dinov2,2025-02-28T06:27:01.474584+00:00,2024-04-13T09:15:27.480168+00:00
1718,1653.0,1653.0,1653.0,False,1.9253053053942233,0.23135896149594215,3.0,2.0,1.1767085556894474,3.0,,0.0,False,False,0.9,matched,,True,True,True,True,seqslam+dinov2,2025-02-28T06:27:01.574565+00:00,2024-04-13T09:15:27.578976+00:00
1719,1654.0,1654.0,1654.0,False,2.0094135055069833,0.27875937053623123,3.0,2.0,1.1730538922155687,0.0,,0.0,False,False,0.9,matched,,True,True,True,True,seqslam+dinov2,2025-02-28T06:27:01.674559+00:00,2024-04-13T09:15:27.679978+00:00
1720,1655.0,1655.0,1655.0,False,2.0460430870739246,0.7159265884722372,3.0,1.0,1.1641112047177757,0.0,,0.0,False,False,0.9,matched,,True,True,True,True,seqslam+dinov2,2025-02-28T06:27:01.774469+00:00,2024-04-13T09:15:27.779073+00:00
1721,1656.0,1656.0,1656.0,False,2.094465770646251,0.7924902704175045,3.0,1.0,1.1503536765915447,0.0,,0.0,False,False,0.9,matched,,True,True,True,True,seqslam+dinov2,2025-02-28T06:27:01.880303+00:00,2024-04-13T09:15:27.879952+00:00
1722,1657.0,1657.0,1657.0,False,2.1017735817864196,0.9123933346924988,4.0,1.0,1.1488681102362206,1.0,,0.0,False,False,0.7,matched,,True,True,True,True,seqslam+dinov2,2025-02-28T06:27:01.983256+00:00,2024-04-13T09:15:27.982098+00:00
1723,1658.0,1658.0,1658.0,False,2.119644750198868,1.0558409960281114,4.0,1.0,1.1415628539071345,0.0,,0.0,False,False,0.7,matched,,True,True,True,True,seqslam+dinov2,2025-02-28T06:27:02.075109+00:00,2024-04-13T09:15:28.088386+00:00
1724,1659.0,1659.0,1659.0,False,2.1016260207721085,0.8188322715705367,4.0,1.0,1.144833197721725,0.0,,0.0,False,False,0.7,matched,,True,True,True,True,seqslam+dinov2,2025-02-28T06:27:02.178420+00:00,2024-04-13T09:15:28.177928+00:00
1725,1661.0,1660.0,1661.0,False,2.099839467742794,0.440853713956856,3.0,1.0,1.1367281475541298,0.0,,1.0,True,False,0.9,ambiguous_range,,True,True,True,True,seqslam+dinov2,2025-02-28T06:27:02.275248+00:00,2024-04-13T09:15:28.377855+00:00
1726,1662.0,1662.0,1662.0,False,2.0855581092375335,0.6563509885934231,4.0,1.0,1.1439357038480271,0.0,,0.0,False,False,0.7,matched,,True,True,True,True,seqslam+dinov2,2025-02-28T06:27:02.381757+00:00,2024-04-13T09:15:28.482049+00:00
1727,1663.0,1663.0,1663.0,False,2.0545440933716264,0.4462856089805127,4.0,0.0,1.1643109540636043,1.0,,0.0,False,False,0.7,matched,,True,True,True,True,seqslam+dinov2,2025-02-28T06:27:02.478182+00:00,2024-04-13T09:15:28.578405+00:00
1728,1664.0,1664.0,1664.0,False,2.0530342045503676,0.3214173604992132,4.0,1.0,1.1805915931499738,1.0,,0.0,False,False,0.7,matched,,True,True,True,True,seqslam+dinov2,2025-02-28T06:27:02.576909+00:00,2024-04-13T09:15:28.680695+00:00
1729,1665.0,1665.0,1665.0,False,2.02156991896404,0.0975062680108918,5.0,1.0,1.1919619249074562,1.0,,0.0,False,False,0.7,matched,,True,True,True,True,seqslam+dinov2,2025-02-28T06:27:02.677555+00:00,2024-04-13T09:15:28.778340+00:00
1730,1666.0,1666.0,1667.0,False,1.9747000808755752,0.1978462696219252,5.0,0.0,1.1978109983982916,1.0,,1.0,True,False,0.7,ambiguous_range,,True,True,True,True,seqslam+dinov2,2025-02-28T06:27:02.776080+00:00,2024-04-13T09:15:28.879365+00:00
1731,1668.0,1668.0,1668.0,False,1.9305712365412953,0.2927961828031611,4.0,0.0,1.1919619249074562,1.0,,0.0,False,False,0.7,matched,,True,True,True,True,seqslam+dinov2,2025-02-28T06:27:02.878928+00:00,2024-04-13T09:15:29.080134+00:00
1732,1669.0,1669.0,1669.0,False,1.9240554941941732,0.3822797649737799,5.0,0.0,1.19892952720785,0.0,,0.0,False,False,0.7,matched,,True,True,True,True,seqslam+dinov2,2025-02-28T06:27:02.974468+00:00,2024-04-13T09:15:29.179644+00:00
1733,1670.0,1670.0,1670.0,False,1.9270035442712432,0.5903134223412212,5.0,1.0,1.19892952720785,0.0,,0.0,False,False,0.7,matched,,True,True,True,True,seqslam+dinov2,2025-02-28T06:27:03.075635+00:00,2024-04-13T09:15:29.283909+00:00
1734,1671.0,1671.0,1671.0,False,1.9414540754429004,0.5577427683377314,5.0,1.0,1.1919619249074562,1.0,,0.0,False,False,0.7,matched,,True,True,True,True,seqslam+dinov2,2025-02-28T06:27:03.175155+00:00,2024-04-13T09:15:29.381426+00:00
1735,1672.0,1672.0,1673.0,False,2.010190754319704,0.300862537168874,5.0,0.0,1.1978109983982916,1.0,,1.0,True,False,0.7,ambiguous_range,,True,True,True,True,seqslam+dinov2,2025-02-28T06:27:03.274902+00:00,2024-04-13T09:15:29.478489+00:00
1736,1674.0,1674.0,1674.0,False,2.0333064087514017,0.39120897231885277,4.0,0.0,1.1919619249074562,2.0,,0.0,False,False,0.7,matched,,True,True,True,True,seqslam+dinov2,2025-02-28T06:27:03.374917+00:00,2024-04-13T09:15:29.681951+00:00
1737,1675.0,1675.0,1675.0,False,2.0446570540265703,0.500974074994045,4.0,0.0,1.1805915931499742,0.0,,0.0,False,False,0.7,matched,,True,True,True,True,seqslam+dinov2,2025-02-28T06:27:03.474857+00:00,2024-04-13T09:15:29.781035+00:00
1738,1676.0,1676.0,1676.0,False,2.0507146173304105,0.6313439951296922,4.0,2.0,1.1643109540636043,0.0,,0.0,False,False,0.7,matched,,True,True,True,True,seqslam+dinov2,2025-02-28T06:27:03.575285+00:00,2024-04-13T09:15:29.879717+00:00
1739,1677.0,1677.0,1677.0,False,2.025955321351504,0.6088436356447797,4.0,2.0,1.1612012715409068,0.0,,0.0,False,False,0.7,matched,,True,True,True,True,seqslam+dinov2,2025-02-28T06:27:03.675512+00:00,2024-04-13T09:15:29.977747+00:00
1740,1679.0,1678.0,1679.0,False,2.010902883111447,0.82239928329802,4.0,1.0,1.1736455306785165,0.0,,1.0,True,False,0.7,ambiguous_range,,True,True,True,True,seqslam+dinov2,2025-02-28T06:27:03.774508+00:00,2024-04-13T09:15:30.178907+00:00
1741,1680.0,1680.0,1680.0,False,2.0123375371792047,0.47542077427920226,3.0,1.0,1.1718350655989098,1.0,,0.0,False,False,0.9,matched,,True,True,True,True,seqslam+dinov2,2025-02-28T06:27:03.876198+00:00,2024-04-13T09:15:30.281067+00:00
1742,1681.0,1681.0,1681.0,False,2.047815975252456,0.876361383977617,3.0,1.0,1.1647029119676822,0.0,,0.0,False,False,0.9,matched,,True,True,True,True,seqslam+dinov2,2025-02-28T06:27:03.974877+00:00,2024-04-13T09:15:30.380304+00:00
1743,1682.0,1682.0,1682.0,False,2.0303918517693833,0.5252878274306061,3.0,1.0,1.1694397283531408,0.0,,0.0,False,False,0.9,matched,,True,True,True,True,seqslam+dinov2,2025-02-28T06:27:04.074556+00:00,2024-04-13T09:15:30.482091+00:00
1744,1683.0,1683.0,1683.0,False,1.9950934887346932,0.5209019081904418,3.0,1.0,1.1678517013712542,0.0,,0.0,False,False,0.9,matched,,True,True,True,True,seqslam+dinov2,2025-02-28T06:27:04.174314+00:00,2024-04-13T09:15:30.581573+00:00
1745,1684.0,1684.0,1684.0,False,1.950878937093664,0.5560257061728473,4.0,1.0,1.1787377133988617,3.0,,0.0,False,False,0.7,matched,,True,True,True,True,seqslam+dinov2,2025-02-28T06:27:04.274250+00:00,2024-04-13T09:15:30.686131+00:00
1746,1685.0,1685.0,1685.0,False,1.8829344825960979,0.5018385466346218,4.0,1.0,1.1843342036553526,1.0,,0.0,False,False,0.7,matched,,True,True,True,True,seqslam+dinov2,2025-02-28T06:27:04.374869+00:00,2024-04-13T09:15:30.777606+00:00
1747,1686.0,1686.0,1687.0,False,1.8463214376955335,0.602538395773887,3.0,0.0,1.1787377133988617,1.0,,1.0,True,False,0.9,ambiguous_range,,True,True,True,True,seqslam+dinov2,2025-02-28T06:27:04.475165+00:00,2024-04-13T09:15:30.879620+00:00
1748,1688.0,1688.0,1688.0,False,1.8217789457765579,0.3089526633797073,3.0,0.0,1.1678517013712542,1.0,,0.0,False,False,0.9,matched,,True,True,True,True,seqslam+dinov2,2025-02-28T06:27:04.579871+00:00,2024-04-13T09:15:31.080901+00:00
1749,1689.0,1689.0,1689.0,False,1.7942847140876004,0.06774766247244934,3.0,0.0,1.1522491349480968,3.0,,0.0,False,False,0.9,matched,,True,True,True,True,seqslam+dinov2,2025-02-28T06:27:04.678641+00:00,2024-04-13T09:15:31.178640+00:00
1750,1690.0,1690.0,1690.0,False,1.753170741661068,-0.028519361128056753,3.0,0.0,1.1678517013712542,4.0,,0.0,False,False,0.9,matched,,True,True,True,True,seqslam+dinov2,2025-02-28T06:27:04.776107+00:00,2024-04-13T09:15:31.278893+00:00
1751,1691.0,1691.0,1692.0,False,1.726165961268331,-0.047752801954666246,3.0,2.0,1.1843342036553526,2.0,,1.0,True,False,0.9,ambiguous_range,,True,True,True,True,seqslam+dinov2,2025-02-28T06:27:04.876442+00:00,2024-04-13T09:15:31.378414+00:00
1752,1693.0,1693.0,1693.0,False,1.721105324341748,0.10585723025195493,4.0,2.0,1.1843342036553526,2.0,,0.0,False,False,0.7,matched,,True,True,True,True,seqslam+dinov2,2025-02-28T06:27:04.978779+00:00,2024-04-13T09:15:31.577579+00:00
1753,1694.0,1694.0,1694.0,False,1.6971871132964567,0.4568399826830807,3.0,1.0,1.1787377133988617,0.0,,0.0,False,False,0.9,matched,,True,True,True,True,seqslam+dinov2,2025-02-28T06:27:05.078161+00:00,2024-04-13T09:15:31.680424+00:00
1754,1695.0,1695.0,1695.0,False,1.689239556965253,0.35249357803435655,3.0,1.0,1.1853952189844703,0.0,,0.0,False,False,0.9,matched,,True,True,True,True,seqslam+dinov2,2025-02-28T06:27:05.176125+00:00,2024-04-13T09:15:31.778990+00:00
1755,1696.0,1696.0,1696.0,False,1.7114965069239247,0.17062841952542085,3.0,1.0,1.1853952189844703,3.0,,0.0,False,False,0.9,matched,,True,True,True,True,seqslam+dinov2,2025-02-28T06:27:05.276059+00:00,2024-04-13T09:15:31.881700+00:00
1756,1697.0,1697.0,1697.0,False,1.7385175902817176,0.2020654066611176,3.0,1.0,1.1787377133988617,2.0,,0.0,False,False,0.9,matched,,True,True,True,True,seqslam+dinov2,2025-02-28T06:27:05.374386+00:00,2024-04-13T09:15:31.978268+00:00
1757,1698.0,1698.0,1698.0,False,1.757401785236811,0.21702924182406447,3.0,1.0,1.1843342036553526,1.0,,0.0,False,False,0.9,matched,,True,True,True,True,seqslam+dinov2,2025-02-28T06:27:05.474434+00:00,2024-04-13T09:15:32.082058+00:00
1758,1700.0,1699.0,1700.0,False,1.7705220294067152,0.42033328249932356,3.0,0.0,1.1787377133988617,1.0,,1.0,True,False,0.9,ambiguous_range,,True,True,True,True,seqslam+dinov2,2025-02-28T06:27:05.575042+00:00,2024-04-13T09:15:32.278906+00:00
1759,1701.0,1701.0,1701.0,False,1.7656524852469426,0.3876636088619785,3.0,0.0,1.1678517013712542,0.0,,0.0,False,False,0.9,matched,,True,True,True,True,seqslam+dinov2,2025-02-28T06:27:05.674899+00:00,2024-04-13T09:15:32.378736+00:00
1760,1702.0,1702.0,1702.0,False,1.7896523732958298,0.4778279091719755,3.0,0.0,1.1522491349480968,0.0,,0.0,False,False,0.9,matched,,True,True,True,True,seqslam+dinov2,2025-02-28T06:27:05.775746+00:00,2024-04-13T09:15:32.481968+00:00
1761,1703.0,1703.0,1703.0,False,1.8314959337975993,0.38663907515124163,2.0,1.0,1.1503777923784493,1.0,,0.0,False,False,0.9,matched,,True,True,True,True,seqslam+dinov2,2025-02-28T06:27:05.882333+00:00,2024-04-13T09:15:32.580204+00:00
1762,1704.0,1704.0,1705.0,False,1.852475667579204,0.31652921419364555,2.0,1.0,1.1358173076923077,1.0,,1.0,True,False,0.9,ambiguous_range,,True,True,True,True,seqslam+dinov2,2025-02-28T06:27:05.975648+00:00,2024-04-13T09:15:32.682359+00:00
1763,1706.0,1706.0,1706.0,False,1.8715440845818678,0.3398544139238697,2.0,1.0,1.1406401551891368,0.0,,0.0,False,False,0.9,matched,,True,True,True,True,seqslam+dinov2,2025-02-28T06:27:06.077383+00:00,2024-04-13T09:15:32.881700+00:00
1764,1707.0,1707.0,1707.0,False,1.8739899763982641,0.2491049911974177,2.0,0.0,1.1406401551891368,0.0,,0.0,False,False,0.9,matched,,True,True,True,True,seqslam+dinov2,2025-02-28T06:27:06.174841+00:00,2024-04-13T09:15:32.980200+00:00
1765,1708.0,1708.0,1708.0,False,1.8599466444999442,0.6086922059164657,3.0,0.0,1.1358173076923077,0.0,,0.0,False,False,0.9,matched,,True,True,True,True,seqslam+dinov2,2025-02-28T06:27:06.274784+00:00,2024-04-13T09:15:33.080231+00:00
1766,1709.0,1709.0,1709.0,False,1.8256625594000937,0.5980318513353289,2.0,0.0,1.1264177693761814,0.0,,0.0,False,False,0.9,matched,,True,True,True,True,seqslam+dinov2,2025-02-28T06:27:06.374427+00:00,2024-04-13T09:15:33.188581+00:00
1767,1710.0,1710.0,1710.0,False,1.8147691668266894,0.4743150171177346,2.0,0.0,1.1129032258064515,0.0,,0.0,False,False,0.9,matched,,True,True,True,True,seqslam+dinov2,2025-02-28T06:27:06.480138+00:00,2024-04-13T09:15:33.281633+00:00
1768,1711.0,1711.0,1711.0,False,1.7787569081598258,0.4019382788484478,3.0,1.0,1.1112727829682951,0.0,,0.0,False,False,0.9,matched,,True,True,True,True,seqslam+dinov2,2025-02-28T06:27:06.577354+00:00,2024-04-13T09:15:33.378255+00:00
1769,1712.0,1712.0,1712.0,False,1.725018047531985,0.06228128809339695,3.0,1.0,1.10643789857273,0.0,,0.0,False,False,0.9,matched,,True,True,True,True,seqslam+dinov2,2025-02-28T06:27:06.674563+00:00,2024-04-13T09:15:33.479612+00:00
1770,1713.0,1713.0,1713.0,False,1.6885915533007556,0.14403737281990558,3.0,1.0,1.0985630893578804,3.0,,0.0,False,False,0.9,matched,,True,True,True,True,seqslam+dinov2,2025-02-28T06:27:06.778021+00:00,2024-04-13T09:15:33.580327+00:00
1771,1714.0,1714.0,1714.0,False,1.6440478952900845,0.2763479981921124,4.0,1.0,1.087907249779865,3.0,,0.0,False,False,0.7,matched,,True,True,True,True,seqslam+dinov2,2025-02-28T06:27:06.882560+00:00,2024-04-13T09:15:33.679546+00:00
1772,1716.0,1715.0,1716.0,False,1.6055637141267178,0.020520549516051423,4.0,0.0,1.0748031496062993,0.0,,1.0,True,False,0.7,ambiguous_range,,True,True,True,True,seqslam+dinov2,2025-02-28T06:27:06.974645+00:00,2024-04-13T09:15:33.878958+00:00
1773,1717.0,1717.0,1717.0,False,1.5508799418219565,-0.04206744875428581,5.0,0.0,1.087907249779865,1.0,,0.0,False,False,0.7,matched,,True,True,True,True,seqslam+dinov2,2025-02-28T06:27:07.075252+00:00,2024-04-13T09:15:33.978497+00:00
1774,1718.0,1718.0,1718.0,False,1.4763134263818278,-0.26420849574783656,4.0,0.0,1.0985630893578804,2.0,,0.0,False,False,0.7,matched,,True,True,True,True,seqslam+dinov2,2025-02-28T06:27:07.174070+00:00,2024-04-13T09:15:34.082814+00:00
1775,1719.0,1719.0,1719.0,False,1.4244750830257233,-0.17455397132599293,4.0,0.0,1.10643789857273,840.0,,0.0,False,False,0.7,matched,,True,True,True,True,seqslam+dinov2,2025-02-28T06:27:07.280700+00:00,2024-04-13T09:15:34.182378+00:00
1776,1720.0,1720.0,1720.0,False,1.3669524746914397,-0.330409737806558,4.0,0.0,1.1112727829682951,903.0,,0.0,False,False,0.7,matched,,True,True,True,True,seqslam+dinov2,2025-02-28T06:27:07.378135+00:00,2024-04-13T09:15:34.281868+00:00
1777,1721.0,1721.0,1721.0,False,1.328154761223855,-0.22652894389166112,4.0,0.0,1.1129032258064515,900.0,,0.0,False,False,0.7,matched,,True,True,True,True,seqslam+dinov2,2025-02-28T06:27:07.476763+00:00,2024-04-13T09:15:34.384283+00:00
1778,1722.0,1722.0,1722.0,False,1.2788044642396796,-0.392233465467575,4.0,0.0,1.1112727829682951,511.0,,0.0,False,False,0.7,matched,,True,True,True,True,seqslam+dinov2,2025-02-28T06:27:07.575269+00:00,2024-04-13T09:15:34.478032+00:00
1779,1723.0,1723.0,1723.0,False,1.246713092367569,-0.6063104386975664,4.0,0.0,1.10643789857273,902.0,,0.0,False,False,0.7,matched,,True,True,True,True,seqslam+dinov2,2025-02-28T06:27:07.677135+00:00,2024-04-13T09:15:34.584477+00:00
1780,1724.0,1724.0,1724.0,False,1.2360384298434395,-0.34973348947268645,5.0,1.0,1.0985630893578804,1552.0,,0.0,False,False,0.7,matched,,True,True,True,True,seqslam+dinov2,2025-02-28T06:27:07.775192+00:00,2024-04-13T09:15:34.679004+00:00
1781,1725.0,1725.0,1725.0,False,1.2248300889743573,-0.709209425151784,5.0,1.0,1.087907249779865,888.0,,0.0,False,False,0.7,matched,,True,True,True,True,seqslam+dinov2,2025-02-28T06:27:07.875107+00:00,2024-04-13T09:15:34.779122+00:00
1782,1726.0,1726.0,1727.0,False,1.1818110014645116,-0.5595276784489076,6.0,1.0,1.0748031496062993,1546.0,,1.0,True,False,0.5,ambiguous_range,,True,True,True,True,seqslam+dinov2,2025-02-28T06:27:07.975707+00:00,2024-04-13T09:15:34.878705+00:00
1783,1728.0,1728.0,1728.0,False,1.15713937335604,-0.45355744821178234,5.0,0.0,1.0732334047109209,1548.0,,0.0,False,False,0.7,matched,,True,True,True,True,seqslam+dinov2,2025-02-28T06:27:08.074569+00:00,2024-04-13T09:15:35.084633+00:00
1784,1729.0,1729.0,1729.0,False,1.173088267661825,-0.4976860831904246,5.0,0.0,1.0701206529453513,1040.0,,0.0,False,False,0.7,matched,,True,True,True,True,seqslam+dinov2,2025-02-28T06:27:08.176756+00:00,2024-04-13T09:15:35.181494+00:00
1785,1730.0,1730.0,1730.0,False,1.167101149136264,-0.3419261185402649,5.0,0.0,1.0655172413793101,522.0,,0.0,False,False,0.7,matched,,True,True,True,True,seqslam+dinov2,2025-02-28T06:27:08.275637+00:00,2024-04-13T09:15:35.280085+00:00
1786,1731.0,1731.0,1731.0,False,1.1675585559922945,-0.18633573235186263,5.0,0.0,1.0594989561586639,885.0,,0.0,False,False,0.7,matched,,True,True,True,True,seqslam+dinov2,2025-02-28T06:27:08.374432+00:00,2024-04-13T09:15:35.377795+00:00
1787,1732.0,1732.0,1732.0,False,1.2226883721109125,-0.5332618312387569,5.0,0.0,1.0662905500705218,60.0,,0.0,False,False,0.7,matched,,True,True,True,True,seqslam+dinov2,2025-02-28T06:27:08.477516+00:00,2024-04-13T09:15:35.481242+00:00
1788,1733.0,1733.0,1733.0,False,1.2475390683402154,-0.3409549128656899,5.0,0.0,1.0704535759988625,1050.0,,0.0,False,False,0.7,matched,,True,True,True,True,seqslam+dinov2,2025-02-28T06:27:08.574427+00:00,2024-04-13T09:15:35.581225+00:00
1789,1734.0,1734.0,1734.0,False,1.2694156308816613,-0.1758342111456055,5.0,0.0,1.0718562874251496,1051.0,,0.0,False,False,0.7,matched,,True,True,True,True,seqslam+dinov2,2025-02-28T06:27:08.676764+00:00,2024-04-13T09:15:35.678545+00:00
1790,1735.0,1735.0,1735.0,False,1.2691481250833168,-0.5869176394208737,5.0,0.0,1.0704535759988625,825.0,,0.0,False,False,0.7,matched,,True,True,True,True,seqslam+dinov2,2025-02-28T06:27:08.775252+00:00,2024-04-13T09:15:35.781179+00:00
1791,1736.0,1736.0,1736.0,False,1.3225002662374306,-0.25416233533987387,5.0,0.0,1.066290550070522,1050.0,,0.0,False,False,0.7,matched,,True,True,True,True,seqslam+dinov2,2025-02-28T06:27:08.874155+00:00,2024-04-13T09:15:35.885009+00:00
1792,1737.0,1737.0,1737.0,False,1.3488849892103636,0.10050117903963174,5.0,1.0,1.0594989561586639,0.0,,0.0,False,False,0.7,matched,,True,True,True,True,seqslam+dinov2,2025-02-28T06:27:08.975967+00:00,2024-04-13T09:15:35.977537+00:00
1793,1738.0,1738.0,1738.0,False,1.4180764910990882,-0.06850824862902938,5.0,1.0,1.0655172413793101,5.0,,0.0,False,False,0.7,matched,,True,True,True,True,seqslam+dinov2,2025-02-28T06:27:09.077245+00:00,2024-04-13T09:15:36.081522+00:00
1794,1739.0,1739.0,1739.0,False,1.4605398067888709,-0.2372464568053949,5.0,1.0,1.070120652945351,5.0,,0.0,False,False,0.7,matched,,True,True,True,True,seqslam+dinov2,2025-02-28T06:27:09.175271+00:00,2024-04-13T09:15:36.178483+00:00
1795,1740.0,1740.0,1740.0,False,1.4857715743128672,-0.7189413242387153,6.0,0.0,1.0732334047109209,920.0,,0.0,False,False,0.4,matched,,True,True,True,True,seqslam+dinov2,2025-02-28T06:27:09.274771+00:00,2024-04-13T09:15:36.279064+00:00
1796,1742.0,1741.0,1742.0,False,1.5613830419224684,0.031019393010013996,5.0,0.0,1.0748031496062993,0.0,,1.0,True,False,0.7,ambiguous_range,,True,True,True,True,seqslam+dinov2,2025-02-28T06:27:09.376033+00:00,2024-04-13T09:15:36.480357+00:00
1797,1743.0,1743.0,1743.0,False,1.6036506951573302,-0.16100770839129885,5.0,0.0,1.087907249779865,1059.0,,0.0,False,False,0.7,matched,,True,True,True,True,seqslam+dinov2,2025-02-28T06:27:09.474709+00:00,2024-04-13T09:15:36.581833+00:00
1798,1744.0,1744.0,1744.0,False,1.6163158780982252,0.21861335595466347,5.0,0.0,1.0985630893578804,0.0,,0.0,False,False,0.7,matched,,True,True,True,True,seqslam+dinov2,2025-02-28T06:27:09.575844+00:00,2024-04-13T09:15:36.681627+00:00
1799,1745.0,1745.0,1745.0,False,1.6334737716456786,0.2986026901188481,5.0,0.0,1.10643789857273,0.0,,0.0,False,False,0.7,matched,,True,True,True,True,seqslam+dinov2,2025-02-28T06:27:09.676942+00:00,2024-04-13T09:15:36.777594+00:00
1800,1746.0,1746.0,1746.0,False,1.6446643861588113,0.2437611110748743,5.0,0.0,1.1112727829682951,0.0,,0.0,False,False,0.7,matched,,True,True,True,True,seqslam+dinov2,2025-02-28T06:27:09.775652+00:00,2024-04-13T09:15:36.879719+00:00
1801,1747.0,1747.0,1747.0,False,1.694263342172926,0.2629710197166579,5.0,0.0,1.1129032258064515,0.0,,0.0,False,False,0.7,matched,,True,True,True,True,seqslam+dinov2,2025-02-28T06:27:09.879679+00:00,2024-04-13T09:15:36.980021+00:00
1802,1748.0,1748.0,1748.0,False,1.6627581742990878,-0.0403305564801848,5.0,0.0,1.1112727829682951,1569.0,,0.0,False,False,0.7,matched,,True,True,True,True,seqslam+dinov2,2025-02-28T06:27:09.974811+00:00,2024-04-13T09:15:37.081271+00:00
1803,1749.0,1749.0,1749.0,False,1.6647016455909098,0.1022514590049437,5.0,0.0,1.10643789857273,0.0,,0.0,False,False,0.7,matched,,True,True,True,True,seqslam+dinov2,2025-02-28T06:27:10.076690+00:00,2024-04-13T09:15:37.182059+00:00
1804,1750.0,1750.0,1750.0,False,1.632241476105669,-0.27160221169364585,5.0,0.0,1.0985630893578804,1571.0,,0.0,False,False,0.7,matched,,True,True,True,True,seqslam+dinov2,2025-02-28T06:27:10.176832+00:00,2024-04-13T09:15:37.281222+00:00
1805,1751.0,1751.0,1751.0,False,1.6168166550787573,-0.3342565880683366,5.0,1.0,1.087907249779865,810.0,,0.0,False,False,0.7,matched,,True,True,True,True,seqslam+dinov2,2025-02-28T06:27:10.277967+00:00,2024-04-13T09:15:37.378915+00:00
1806,1753.0,1752.0,1753.0,False,1.586318688773609,-0.16810517244406942,5.0,1.0,1.0748031496062993,1574.0,,1.0,True,False,0.7,ambiguous_range,,True,True,True,True,seqslam+dinov2,2025-02-28T06:27:10.375161+00:00,2024-04-13T09:15:37.580632+00:00
1807,1754.0,1754.0,1754.0,False,1.5719147770874853,-0.22982699179562927,5.0,1.0,1.0732334047109209,1573.0,,0.0,False,False,0.7,matched,,True,True,True,True,seqslam+dinov2,2025-02-28T06:27:10.474644+00:00,2024-04-13T09:15:37.677675+00:00
1808,1755.0,1755.0,1755.0,False,1.5268883315969843,-0.004130435279939393,4.0,1.0,1.0701206529453513,1250.0,,0.0,False,False,0.7,matched,,True,True,True,True,seqslam+dinov2,2025-02-28T06:27:10.574446+00:00,2024-04-13T09:15:37.781010+00:00
1809,1756.0,1756.0,1756.0,False,1.4691372277562855,-0.16236912830417705,4.0,1.0,1.0655172413793101,1248.0,,0.0,False,False,0.7,matched,,True,True,True,True,seqslam+dinov2,2025-02-28T06:27:10.679174+00:00,2024-04-13T09:15:37.878287+00:00
1810,1757.0,1757.0,1757.0,False,1.4409322927597523,0.09448997445555407,4.0,1.0,1.0594989561586639,0.0,,0.0,False,False,0.7,matched,,True,True,True,True,seqslam+dinov2,2025-02-28T06:27:10.781568+00:00,2024-04-13T09:15:37.978653+00:00
1811,1758.0,1758.0,1758.0,False,1.4017956402745357,-0.28401374170073845,4.0,1.0,1.0521619766643788,802.0,,0.0,False,False,0.7,matched,,True,True,True,True,seqslam+dinov2,2025-02-28T06:27:10.877384+00:00,2024-04-13T09:15:38.078521+00:00
1812,1759.0,1759.0,1759.0,False,1.3562396520848696,0.11761564870431251,4.0,1.0,1.0436191762322753,0.0,,0.0,False,False,0.7,matched,,True,True,True,True,seqslam+dinov2,2025-02-28T06:27:10.979064+00:00,2024-04-13T09:15:38.183096+00:00
1813,1760.0,1760.0,1760.0,False,1.3327038202630488,-0.3649914553397531,4.0,1.0,1.0339960238568588,48.0,,0.0,False,False,0.7,matched,,True,True,True,True,seqslam+dinov2,2025-02-28T06:27:11.076673+00:00,2024-04-13T09:15:38.284679+00:00
1814,1761.0,1761.0,1761.0,False,1.332538882458892,-0.3225323203096524,4.0,1.0,1.0234263465282283,1253.0,,0.0,False,False,0.7,matched,,True,True,True,True,seqslam+dinov2,2025-02-28T06:27:11.175005+00:00,2024-04-13T09:15:38.378746+00:00
1815,1762.0,1762.0,1762.0,False,1.331099141244216,-0.29019481412656734,4.0,0.0,1.0120481927710843,1254.0,,0.0,False,False,0.7,matched,,True,True,True,True,seqslam+dinov2,2025-02-28T06:27:11.274489+00:00,2024-04-13T09:15:38.478849+00:00
1816,1763.0,1763.0,1763.0,False,1.3492729143651512,-0.5948727392663213,4.0,0.0,1.0,1190.0,,0.0,False,False,0.7,matched,,True,True,True,True,seqslam+dinov2,2025-02-28T06:27:11.375485+00:00,2024-04-13T09:15:38.581701+00:00
1817,1764.0,1764.0,1764.0,False,1.3518481324243428,-0.38933428408325543,4.0,0.0,1.0,1190.0,,0.0,False,False,0.7,matched,,True,True,True,True,seqslam+dinov2,2025-02-28T06:27:11.474508+00:00,2024-04-13T09:15:38.680312+00:00
1818,1765.0,1765.0,1765.0,False,1.31395400588489,-0.33148296259991983,4.0,0.0,1.0,1.0,,0.0,False,False,0.7,matched,,True,True,True,True,seqslam+dinov2,2025-02-28T06:27:11.574322+00:00,2024-04-13T09:15:38.779358+00:00
1819,1766.0,1766.0,1766.0,False,1.302734782409412,0.037869297108486855,4.0,0.0,1.0120481927710843,0.0,,0.0,False,False,0.7,matched,,True,True,True,True,seqslam+dinov2,2025-02-28T06:27:11.674784+00:00,2024-04-13T09:15:38.878207+00:00
1820,1767.0,1767.0,1767.0,False,1.3317326460229129,-0.04826909706301552,4.0,0.0,1.0234263465282283,880.0,,0.0,False,False,0.7,matched,,True,True,True,True,seqslam+dinov2,2025-02-28T06:27:11.774376+00:00,2024-04-13T09:15:38.983227+00:00
1821,1768.0,1768.0,1768.0,False,1.3457292350247085,0.4146380002963661,4.0,0.0,1.0339960238568588,0.0,,0.0,False,False,0.7,matched,,True,True,True,True,seqslam+dinov2,2025-02-28T06:27:11.875448+00:00,2024-04-13T09:15:39.081276+00:00
1822,1769.0,1769.0,1769.0,False,1.351873497342292,-0.07304923000769614,4.0,0.0,1.0436191762322755,39.0,,0.0,False,False,0.7,matched,,True,True,True,True,seqslam+dinov2,2025-02-28T06:27:11.981818+00:00,2024-04-13T09:15:39.184099+00:00
1823,1770.0,1770.0,1770.0,False,1.3701356167469,-0.181606133751953,4.0,0.0,1.0521619766643788,2.0,,0.0,False,False,0.7,matched,,True,True,True,True,seqslam+dinov2,2025-02-28T06:27:12.075224+00:00,2024-04-13T09:15:39.281462+00:00
1824,1771.0,1771.0,1771.0,False,1.3640526544659828,-0.27719553674443764,4.0,0.0,1.0594989561586639,1198.0,,0.0,False,False,0.7,matched,,True,True,True,True,seqslam+dinov2,2025-02-28T06:27:12.174389+00:00,2024-04-13T09:15:39.382673+00:00
1825,1772.0,1772.0,1772.0,False,1.3222815198774254,0.07291945407892131,4.0,0.0,1.0655172413793101,0.0,,0.0,False,False,0.7,matched,,True,True,True,True,seqslam+dinov2,2025-02-28T06:27:12.274221+00:00,2024-04-13T09:15:39.477928+00:00
1826,1773.0,1773.0,1773.0,False,1.3314373922784528,0.12491752178396864,4.0,0.0,1.070120652945351,0.0,,0.0,False,False,0.7,matched,,True,True,True,True,seqslam+dinov2,2025-02-28T06:27:12.375252+00:00,2024-04-13T09:15:39.577872+00:00
1827,1774.0,1774.0,1774.0,False,1.3073192946286218,-0.36907670640180945,4.0,0.0,1.0732334047109209,88.0,,0.0,False,False,0.7,matched,,True,True,True,True,seqslam+dinov2,2025-02-28T06:27:12.479258+00:00,2024-04-13T09:15:39.680871+00:00
1828,1776.0,1775.0,1776.0,False,1.3065632386421446,-0.11843849971547749,4.0,1.0,1.0748031496062993,703.0,,1.0,True,False,0.7,ambiguous_range,,True,True,True,True,seqslam+dinov2,2025-02-28T06:27:12.575195+00:00,2024-04-13T09:15:39.881898+00:00
1829,1777.0,1777.0,1777.0,False,1.342291962803214,-0.4635386028711861,4.0,1.0,1.0732334047109209,698.0,,0.0,False,False,0.7,matched,,True,True,True,True,seqslam+dinov2,2025-02-28T06:27:12.676708+00:00,2024-04-13T09:15:39.982139+00:00
1830,1778.0,1778.0,1778.0,False,1.3592152472233954,-0.36319935665796166,4.0,1.0,1.0701206529453513,92.0,,0.0,False,False,0.7,matched,,True,True,True,True,seqslam+dinov2,2025-02-28T06:27:12.775181+00:00,2024-04-13T09:15:40.082387+00:00
1831,1779.0,1779.0,1779.0,False,1.3747224186509346,-0.01563497702809724,4.0,1.0,1.0655172413793101,376.0,,0.0,False,False,0.7,matched,,True,True,True,True,seqslam+dinov2,2025-02-28T06:27:12.874544+00:00,2024-04-13T09:15:40.177742+00:00
1832,1780.0,1780.0,1780.0,False,1.3818772301481415,0.01629393583424621,4.0,1.0,1.0594989561586639,1.0,,0.0,False,False,0.7,matched,,True,True,True,True,seqslam+dinov2,2025-02-28T06:27:12.976850+00:00,2024-04-13T09:15:40.283665+00:00
1833,1781.0,1781.0,1781.0,False,1.448414109278788,-0.35577013352315534,3.0,1.0,1.0521619766643788,439.0,,0.0,False,False,0.7,matched,,True,True,True,True,seqslam+dinov2,2025-02-28T06:27:13.078888+00:00,2024-04-13T09:15:40.379877+00:00
1834,1782.0,1782.0,1782.0,False,1.5071726857392627,0.08998522810493892,3.0,1.0,1.0436191762322753,0.0,,0.0,False,False,0.9,matched,,True,True,True,True,seqslam+dinov2,2025-02-28T06:27:13.176132+00:00,2024-04-13T09:15:40.487569+00:00
1835,1783.0,1783.0,1783.0,False,1.5833642810982589,-0.19279912045910752,3.0,1.0,1.0339960238568588,778.0,,0.0,False,False,0.9,matched,,True,True,True,True,seqslam+dinov2,2025-02-28T06:27:13.281916+00:00,2024-04-13T09:15:40.577898+00:00
1836,1784.0,1784.0,1784.0,False,1.6501314593053422,0.12876431277619882,3.0,1.0,1.0234263465282283,0.0,,0.0,False,False,0.9,matched,,True,True,True,True,seqslam+dinov2,2025-02-28T06:27:13.378565+00:00,2024-04-13T09:15:40.682509+00:00
1837,1785.0,1785.0,1785.0,False,1.6878000568432385,-0.16563383126476805,3.0,0.0,1.0120481927710843,96.0,,0.0,False,False,0.9,matched,,True,True,True,True,seqslam+dinov2,2025-02-28T06:27:13.475145+00:00,2024-04-13T09:15:40.780866+00:00
1838,1786.0,1786.0,1786.0,False,1.7442048706989584,0.37448156374753694,3.0,0.0,1.0,0.0,,0.0,False,False,0.9,matched,,True,True,True,True,seqslam+dinov2,2025-02-28T06:27:13.579648+00:00,2024-04-13T09:15:40.877621+00:00
1839,1787.0,1787.0,1787.0,False,1.791858320568746,0.5298594194255315,3.0,0.0,1.0,0.0,,0.0,False,False,0.9,matched,,True,True,True,True,seqslam+dinov2,2025-02-28T06:27:13.677509+00:00,2024-04-13T09:15:40.980992+00:00
1840,1788.0,1788.0,1788.0,False,1.7805499715787314,0.22040050242916176,3.0,0.0,1.0,1.0,,0.0,False,False,0.9,matched,,True,True,True,True,seqslam+dinov2,2025-02-28T06:27:13.775079+00:00,2024-04-13T09:15:41.079017+00:00
1841,1789.0,1789.0,1789.0,False,1.8338377144350284,0.5018422924390733,3.0,0.0,1.0,1.0,,0.0,False,False,0.9,matched,,True,True,True,True,seqslam+dinov2,2025-02-28T06:27:13.874377+00:00,2024-04-13T09:15:41.181278+00:00
1842,1790.0,1790.0,1790.0,False,1.851546227512037,0.7383008277984398,3.0,0.0,1.0,0.0,,0.0,False,False,0.9,matched,,True,True,True,True,seqslam+dinov2,2025-02-28T06:27:13.974473+00:00,2024-04-13T09:15:41.278154+00:00
1843,1791.0,1791.0,1791.0,False,1.889181771698515,0.5815180211026516,3.0,0.0,1.0,0.0,,0.0,False,False,0.9,matched,,True,True,True,True,seqslam+dinov2,2025-02-28T06:27:14.077625+00:00,2024-04-13T09:15:41.379986+00:00
1844,1792.0,1792.0,1792.0,False,1.8800591271519806,0.4684800513855978,3.0,0.0,1.0,0.0,,0.0,False,False,0.9,matched,,True,True,True,True,seqslam+dinov2,2025-02-28T06:27:14.174235+00:00,2024-04-13T09:15:41.478007+00:00
1845,1793.0,1793.0,1793.0,False,1.8749873131560542,0.013839240678940268,3.0,0.0,1.0,0.0,,0.0,False,False,0.9,matched,,True,True,True,True,seqslam+dinov2,2025-02-28T06:27:14.279994+00:00,2024-04-13T09:15:41.578642+00:00
1846,1794.0,1794.0,1794.0,False,1.8722934271161555,0.4880775311252008,3.0,0.0,1.0,0.0,,0.0,False,False,0.9,matched,,True,True,True,True,seqslam+dinov2,2025-02-28T06:27:14.378096+00:00,2024-04-13T09:15:41.677732+00:00
1847,1795.0,1795.0,1795.0,False,1.8579190952014089,0.37433207262061297,3.0,0.0,1.0,0.0,,0.0,False,False,0.9,matched,,True,True,True,True,seqslam+dinov2,2025-02-28T06:27:14.474509+00:00,2024-04-13T09:15:41.782758+00:00
1848,1796.0,1796.0,1796.0,False,1.8244231280310734,0.2472926799246653,3.0,0.0,1.0,0.0,,0.0,False,False,0.9,matched,,True,True,True,True,seqslam+dinov2,2025-02-28T06:27:14.574602+00:00,2024-04-13T09:15:41.877480+00:00
1849,1797.0,1797.0,1797.0,False,1.7826255572321725,0.30471096485510696,3.0,0.0,1.0,0.0,,0.0,False,False,0.9,matched,,True,True,True,True,seqslam+dinov2,2025-02-28T06:27:14.679333+00:00,2024-04-13T09:15:41.977845+00:00
1850,1798.0,1798.0,1798.0,False,1.7533881085175442,0.45087124363255926,3.0,0.0,1.0,0.0,,0.0,False,False,0.9,matched,,True,True,True,True,seqslam+dinov2,2025-02-28T06:27:14.777698+00:00,2024-04-13T09:15:42.081991+00:00
1851,1799.0,1799.0,1799.0,False,1.7648405320806455,0.0215079359380832,3.0,0.0,1.0,0.0,,0.0,False,False,0.9,matched,,True,True,True,True,seqslam+dinov2,2025-02-28T06:27:14.880371+00:00,2024-04-13T09:15:42.180894+00:00
1852,1800.0,1800.0,1800.0,False,1.7399625028994192,0.3181248375205794,3.0,0.0,1.0,0.0,,0.0,False,False,0.9,matched,,True,True,True,True,seqslam+dinov2,2025-02-28T06:27:14.980046+00:00,2024-04-13T09:15:42.282596+00:00
1853,1801.0,1801.0,1801.0,False,1.7496220066957222,0.10312981933405108,3.0,0.0,1.0,0.0,,0.0,False,False,0.9,matched,,True,True,True,True,seqslam+dinov2,2025-02-28T06:27:15.075906+00:00,2024-04-13T09:15:42.380464+00:00
1854,1802.0,1802.0,1802.0,False,1.7405009070958828,0.1924135658943924,3.0,0.0,1.0,0.0,,0.0,False,False,0.9,matched,,True,True,True,True,seqslam+dinov2,2025-02-28T06:27:15.175579+00:00,2024-04-13T09:15:42.478427+00:00
1855,1803.0,1803.0,1803.0,False,1.7534619822829058,-0.09192492164023958,3.0,0.0,1.0,1118.0,,0.0,False,False,0.9,matched,,True,True,True,True,seqslam+dinov2,2025-02-28T06:27:15.275210+00:00,2024-04-13T09:15:42.581180+00:00
1856,1804.0,1804.0,1804.0,False,1.7397142468934483,0.05503350513495908,3.0,0.0,1.0,0.0,,0.0,False,False,0.9,matched,,True,True,True,True,seqslam+dinov2,2025-02-28T06:27:15.375299+00:00,2024-04-13T09:15:42.680924+00:00
1857,1805.0,1805.0,1805.0,False,1.7648034215585968,0.0613393538795457,3.0,0.0,1.0,0.0,,0.0,False,False,0.9,matched,,True,True,True,True,seqslam+dinov2,2025-02-28T06:27:15.475439+00:00,2024-04-13T09:15:42.779654+00:00
1858,1806.0,1806.0,1806.0,False,1.7803205470153223,0.4606088478207404,3.0,0.0,1.0,0.0,,0.0,False,False,0.9,matched,,True,True,True,True,seqslam+dinov2,2025-02-28T06:27:15.577889+00:00,2024-04-13T09:15:42.879061+00:00
1859,1807.0,1807.0,1807.0,False,1.7834366875738665,0.40089023687531,3.0,0.0,1.0,0.0,,0.0,False,False,0.9,matched,,True,True,True,True,seqslam+dinov2,2025-02-28T06:27:15.675338+00:00,2024-04-13T09:15:42.978310+00:00
1860,1808.0,1808.0,1808.0,False,1.7893188224013543,0.7147692701592523,3.0,0.0,1.0,0.0,,0.0,False,False,0.9,matched,,True,True,True,True,seqslam+dinov2,2025-02-28T06:27:15.774222+00:00,2024-04-13T09:15:43.083387+00:00
1861,1809.0,1809.0,1809.0,False,1.8223361981895054,0.3293836024427068,3.0,0.0,1.0,1.0,,0.0,False,False,0.9,matched,,True,True,True,True,seqslam+dinov2,2025-02-28T06:27:15.875149+00:00,2024-04-13T09:15:43.181952+00:00
1862,1810.0,1810.0,1810.0,False,1.7933253565546012,0.4464660179135893,3.0,0.0,1.0,0.0,,0.0,False,False,0.9,matched,,True,True,True,True,seqslam+dinov2,2025-02-28T06:27:15.976379+00:00,2024-04-13T09:15:43.282663+00:00
1863,1811.0,1811.0,1811.0,False,1.7964701393800617,0.31059057535630163,3.0,0.0,1.0,0.0,,0.0,False,False,0.9,matched,,True,True,True,True,seqslam+dinov2,2025-02-28T06:27:16.074932+00:00,2024-04-13T09:15:43.382963+00:00
1864,1812.0,1812.0,1812.0,False,1.7552800580108219,-0.09908333764107158,3.0,0.0,1.0,991.0,,0.0,False,False,0.9,matched,,True,True,True,True,seqslam+dinov2,2025-02-28T06:27:16.174284+00:00,2024-04-13T09:15:43.479707+00:00
1865,1813.0,1813.0,1813.0,False,1.695478121173422,0.21698619700116817,3.0,0.0,1.0,0.0,,0.0,False,False,0.9,matched,,True,True,True,True,seqslam+dinov2,2025-02-28T06:27:16.274871+00:00,2024-04-13T09:15:43.579355+00:00
1866,1814.0,1814.0,1814.0,False,1.620592470221124,0.6169352813166229,3.0,0.0,1.0,0.0,,0.0,False,False,0.9,matched,,True,True,True,True,seqslam+dinov2,2025-02-28T06:27:16.375942+00:00,2024-04-13T09:15:43.678310+00:00
1867,1815.0,1815.0,1815.0,False,1.546770643198704,-0.10862456635100015,3.0,0.0,1.0,1.0,,0.0,False,False,0.9,matched,,True,True,True,True,seqslam+dinov2,2025-02-28T06:27:16.474303+00:00,2024-04-13T09:15:43.782021+00:00
1868,1816.0,1816.0,1816.0,False,1.471625826910241,0.3599475582238849,3.0,0.0,1.0,0.0,,0.0,False,False,0.7,matched,,True,True,True,True,seqslam+dinov2,2025-02-28T06:27:16.577799+00:00,2024-04-13T09:15:43.878795+00:00
1869,1817.0,1817.0,1817.0,False,1.440762150987406,0.027696459425823106,3.0,0.0,1.0,1.0,,0.0,False,False,0.7,matched,,True,True,True,True,seqslam+dinov2,2025-02-28T06:27:16.675308+00:00,2024-04-13T09:15:43.980857+00:00
1870,1818.0,1818.0,1818.0,False,1.404067361446957,-0.3918292392040186,3.0,0.0,1.0,1310.0,,0.0,False,False,0.7,matched,,True,True,True,True,seqslam+dinov2,2025-02-28T06:27:16.774365+00:00,2024-04-13T09:15:44.078787+00:00
1871,1819.0,1819.0,1819.0,False,1.3168540652566785,-0.24066358841630064,3.0,0.0,1.0,1311.0,,0.0,False,False,0.7,matched,,True,True,True,True,seqslam+dinov2,2025-02-28T06:27:16.879279+00:00,2024-04-13T09:15:44.177587+00:00
1872,1820.0,1820.0,1820.0,False,1.2305626031910397,-0.4897742843794691,3.0,0.0,1.0,73.0,,0.0,False,False,0.7,matched,,True,True,True,True,seqslam+dinov2,2025-02-28T06:27:16.975087+00:00,2024-04-13T09:15:44.281984+00:00
1873,1821.0,1821.0,1821.0,False,1.2439457935969782,-0.20206841793882813,3.0,0.0,1.0,135.0,,0.0,False,False,0.7,matched,,True,True,True,True,seqslam+dinov2,2025-02-28T06:27:17.076044+00:00,2024-04-13T09:15:44.377931+00:00
1874,1822.0,1822.0,1822.0,False,1.2323379052782366,0.08702021696101281,3.0,0.0,1.0,0.0,,0.0,False,False,0.7,matched,,True,True,True,True,seqslam+dinov2,2025-02-28T06:27:17.174338+00:00,2024-04-13T09:15:44.478051+00:00
1875,1823.0,1823.0,1823.0,False,1.2613413000742204,-0.05607114897100285,3.0,0.0,1.0,142.0,,0.0,False,False,0.7,matched,,True,True,True,True,seqslam+dinov2,2025-02-28T06:27:17.275388+00:00,2024-04-13T09:15:44.579215+00:00
1876,1824.0,1824.0,1824.0,False,1.3152443553441342,-0.5835297177659804,3.0,0.0,1.0,141.0,,0.0,False,False,0.7,matched,,True,True,True,True,seqslam+dinov2,2025-02-28T06:27:17.374578+00:00,2024-04-13T09:15:44.678258+00:00
1877,1825.0,1825.0,1825.0,False,1.3918275132491498,-0.3774368809796418,3.0,0.0,1.0,143.0,,0.0,False,False,0.7,matched,,True,True,True,True,seqslam+dinov2,2025-02-28T06:27:17.474171+00:00,2024-04-13T09:15:44.777921+00:00
1878,1826.0,1826.0,1826.0,False,1.4871553932417187,0.23517006758470926,3.0,0.0,1.0,2.0,,0.0,False,False,0.7,matched,,True,True,True,True,seqslam+dinov2,2025-02-28T06:27:17.576599+00:00,2024-04-13T09:15:44.880095+00:00
1879,1827.0,1827.0,1827.0,False,1.5324565416595228,0.08288317844603821,3.0,0.0,1.0,1.0,,0.0,False,False,0.9,matched,,True,True,True,True,seqslam+dinov2,2025-02-28T06:27:17.680966+00:00,2024-04-13T09:15:44.978105+00:00
1880,1828.0,1828.0,1828.0,False,1.5736787828242336,0.31266821658929356,3.0,0.0,1.0,0.0,,0.0,False,False,0.9,matched,,True,True,True,True,seqslam+dinov2,2025-02-28T06:27:17.779109+00:00,2024-04-13T09:15:45.079644+00:00
1881,1829.0,1829.0,1829.0,False,1.6658734133460094,0.1191290141354946,3.0,0.0,1.0,0.0,,0.0,False,False,0.9,matched,,True,True,True,True,seqslam+dinov2,2025-02-28T06:27:17.874990+00:00,2024-04-13T09:15:45.180163+00:00
1882,1830.0,1830.0,1830.0,False,1.7853064007999064,0.3860254181608467,3.0,0.0,1.0,0.0,,0.0,False,False,0.9,matched,,True,True,True,True,seqslam+dinov2,2025-02-28T06:27:17.976147+00:00,2024-04-13T09:15:45.283721+00:00
1883,1831.0,1831.0,1831.0,False,1.905102445163059,0.679395016011318,3.0,0.0,1.0,0.0,,0.0,False,False,0.9,matched,,True,True,True,True,seqslam+dinov2,2025-02-28T06:27:18.075414+00:00,2024-04-13T09:15:45.382269+00:00
1884,1832.0,1832.0,1832.0,False,1.9426542474632646,0.17642191390268946,3.0,0.0,1.0,2.0,,0.0,False,False,0.9,matched,,True,True,True,True,seqslam+dinov2,2025-02-28T06:27:18.174507+00:00,2024-04-13T09:15:45.478761+00:00
1885,1833.0,1833.0,1833.0,False,2.000193921029233,0.2074836632756194,3.0,0.0,1.0,0.0,,0.0,False,False,0.9,matched,,True,True,True,True,seqslam+dinov2,2025-02-28T06:27:18.277063+00:00,2024-04-13T09:15:45.578870+00:00
1886,1834.0,1834.0,1834.0,False,2.0686040681649938,0.31369430203692206,3.0,0.0,1.0,0.0,,0.0,False,False,0.9,matched,,True,True,True,True,seqslam+dinov2,2025-02-28T06:27:18.374554+00:00,2024-04-13T09:15:45.678489+00:00
1887,1835.0,1835.0,1835.0,False,2.114143758251458,0.37807594734755545,3.0,0.0,1.0,0.0,,0.0,False,False,0.9,matched,,True,True,True,True,seqslam+dinov2,2025-02-28T06:27:18.475493+00:00,2024-04-13T09:15:45.778010+00:00
1888,1836.0,1836.0,1836.0,False,2.105960036356954,0.7004715868526987,3.0,0.0,1.0,0.0,,0.0,False,False,0.9,matched,,True,True,True,True,seqslam+dinov2,2025-02-28T06:27:18.575376+00:00,2024-04-13T09:15:45.882245+00:00
1889,1837.0,1837.0,1837.0,False,2.1383202226974793,0.20692826609976955,3.0,0.0,1.0,1.0,,0.0,False,False,0.9,matched,,True,True,True,True,seqslam+dinov2,2025-02-28T06:27:18.674492+00:00,2024-04-13T09:15:45.987419+00:00
1890,1838.0,1838.0,1838.0,False,2.17687885750332,0.6055719241137751,3.0,0.0,1.0,0.0,,0.0,False,False,0.9,matched,,True,True,True,True,seqslam+dinov2,2025-02-28T06:27:18.775735+00:00,2024-04-13T09:15:46.079494+00:00
1891,1839.0,1839.0,1839.0,False,2.1749432733453493,0.9520161405097634,3.0,0.0,1.0,0.0,,0.0,False,False,0.9,matched,,True,True,True,True,seqslam+dinov2,2025-02-28T06:27:18.876338+00:00,2024-04-13T09:15:46.178278+00:00
1892,1840.0,1840.0,1840.0,False,2.1432138600215365,0.45185429274642597,3.0,0.0,1.0,0.0,,0.0,False,False,0.9,matched,,True,True,True,True,seqslam+dinov2,2025-02-28T06:27:18.980963+00:00,2024-04-13T09:15:46.279247+00:00
1893,1841.0,1841.0,1841.0,False,2.1264386606456367,0.2630366492432725,3.0,0.0,1.0,0.0,,0.0,False,False,0.9,matched,,True,True,True,True,seqslam+dinov2,2025-02-28T06:27:19.076204+00:00,2024-04-13T09:15:46.380232+00:00
1894,1842.0,1842.0,1842.0,False,2.07866380205672,1.001668866785681,3.0,0.0,1.0,0.0,,0.0,False,False,0.9,matched,,True,True,True,True,seqslam+dinov2,2025-02-28T06:27:19.175581+00:00,2024-04-13T09:15:46.484113+00:00
1895,1843.0,1843.0,1843.0,False,2.0570467859810218,0.7889635358915428,4.0,0.0,1.0,0.0,,0.0,False,False,0.7,matched,,True,True,True,True,seqslam+dinov2,2025-02-28T06:27:19.278910+00:00,2024-04-13T09:15:46.584265+00:00
1896,1844.0,1844.0,1844.0,False,2.0117844072380837,0.6804973588533967,4.0,0.0,1.0,0.0,,0.0,False,False,0.7,matched,,True,True,True,True,seqslam+dinov2,2025-02-28T06:27:19.375398+00:00,2024-04-13T09:15:46.680880+00:00
1897,1845.0,1845.0,1845.0,False,1.944279018544971,0.41256331340716335,4.0,0.0,1.0,1.0,,0.0,False,False,0.7,matched,,True,True,True,True,seqslam+dinov2,2025-02-28T06:27:19.474421+00:00,2024-04-13T09:15:46.782419+00:00
1898,1846.0,1846.0,1846.0,False,1.8874930001290706,0.5371211218439329,4.0,0.0,1.0,0.0,,0.0,False,False,0.7,matched,,True,True,True,True,seqslam+dinov2,2025-02-28T06:27:19.576604+00:00,2024-04-13T09:15:46.877889+00:00
1899,1847.0,1847.0,1847.0,False,1.8543591505321844,0.29198941867622996,4.0,0.0,1.0,0.0,,0.0,False,False,0.7,matched,,True,True,True,True,seqslam+dinov2,2025-02-28T06:27:19.675894+00:00,2024-04-13T09:15:46.978399+00:00
1900,1848.0,1848.0,1848.0,False,1.7839318856334905,0.16999205029086362,4.0,0.0,1.0,0.0,,0.0,False,False,0.7,matched,,True,True,True,True,seqslam+dinov2,2025-02-28T06:27:19.775434+00:00,2024-04-13T09:15:47.080220+00:00
1901,1849.0,1849.0,1849.0,False,1.7059422736267722,0.22942858897311158,4.0,0.0,1.0,0.0,,0.0,False,False,0.7,matched,,True,True,True,True,seqslam+dinov2,2025-02-28T06:27:19.874470+00:00,2024-04-13T09:15:47.177519+00:00
1902,1850.0,1850.0,1850.0,False,1.6444537845301936,0.43017664805097855,4.0,0.0,1.0,0.0,,0.0,False,False,0.7,matched,,True,True,True,True,seqslam+dinov2,2025-02-28T06:27:19.975693+00:00,2024-04-13T09:15:47.280292+00:00
1903,1851.0,1851.0,1851.0,False,1.6135224322666546,0.2686555748302706,4.0,0.0,1.0,0.0,,0.0,False,False,0.7,matched,,True,True,True,True,seqslam+dinov2,2025-02-28T06:27:20.078156+00:00,2024-04-13T09:15:47.382407+00:00
1904,1852.0,1852.0,1852.0,False,1.5663981109348926,0.1566540091485371,4.0,0.0,1.0,1.0,,0.0,False,False,0.7,matched,,True,True,True,True,seqslam+dinov2,2025-02-28T06:27:20.180761+00:00,2024-04-13T09:15:47.485515+00:00
1905,1853.0,1853.0,1853.0,False,1.550483498074672,0.1771756706152967,4.0,0.0,1.0,0.0,,0.0,False,False,0.7,matched,,True,True,True,True,seqslam+dinov2,2025-02-28T06:27:20.274231+00:00,2024-04-13T09:15:47.579252+00:00
1906,1854.0,1854.0,1854.0,False,1.4993155019668263,0.04152830602206592,4.0,0.0,1.0,0.0,,0.0,False,False,0.7,matched,,True,True,True,True,seqslam+dinov2,2025-02-28T06:27:20.377562+00:00,2024-04-13T09:15:47.680151+00:00
1907,1855.0,1855.0,1855.0,False,1.4621898140937075,-0.23269349240869697,4.0,0.0,1.0,1671.0,,0.0,False,False,0.7,matched,,True,True,True,True,seqslam+dinov2,2025-02-28T06:27:20.475770+00:00,2024-04-13T09:15:47.779706+00:00
1908,1856.0,1856.0,1856.0,False,1.4461889960133743,0.27185276506423217,4.0,0.0,1.0,0.0,,0.0,False,False,0.7,matched,,True,True,True,True,seqslam+dinov2,2025-02-28T06:27:20.575361+00:00,2024-04-13T09:15:47.878524+00:00
1909,1857.0,1857.0,1857.0,False,1.416275763168978,-0.04922360023728167,4.0,0.0,1.0,318.0,,0.0,False,False,0.7,matched,,True,True,True,True,seqslam+dinov2,2025-02-28T06:27:20.675565+00:00,2024-04-13T09:15:47.979507+00:00
1910,1858.0,1858.0,1858.0,False,1.4040884121071022,-0.1055981602419247,4.0,0.0,1.0,1037.0,,0.0,False,False,0.7,matched,,True,True,True,True,seqslam+dinov2,2025-02-28T06:27:20.774167+00:00,2024-04-13T09:15:48.084788+00:00
1911,1859.0,1859.0,1859.0,False,1.374064952029512,-0.2238839889758084,4.0,0.0,1.0,1354.0,,0.0,False,False,0.7,matched,,True,True,True,True,seqslam+dinov2,2025-02-28T06:27:20.874288+00:00,2024-04-13T09:15:48.178094+00:00
1912,1860.0,1860.0,1860.0,False,1.370625794011937,-0.03429708393507713,4.0,0.0,1.0,1.0,,0.0,False,False,0.7,matched,,True,True,True,True,seqslam+dinov2,2025-02-28T06:27:20.976252+00:00,2024-04-13T09:15:48.280595+00:00
1913,1861.0,1861.0,1861.0,False,1.4073551981471304,-0.18326352373129629,4.0,0.0,1.0,1041.0,,0.0,False,False,0.7,matched,,True,True,True,True,seqslam+dinov2,2025-02-28T06:27:21.078981+00:00,2024-04-13T09:15:48.382678+00:00
1914,1862.0,1862.0,1862.0,False,1.4013893494148102,-0.5008154466817814,4.0,0.0,1.0,1042.0,,0.0,False,False,0.7,matched,,True,True,True,True,seqslam+dinov2,2025-02-28T06:27:21.175431+00:00,2024-04-13T09:15:48.483740+00:00
1915,1863.0,1863.0,1863.0,False,1.3976316835349445,-0.37836552919593935,4.0,0.0,1.0,1043.0,,0.0,False,False,0.7,matched,,True,True,True,True,seqslam+dinov2,2025-02-28T06:27:21.274839+00:00,2024-04-13T09:15:48.581810+00:00
1916,1864.0,1864.0,1864.0,False,1.3952889272646394,-0.3329262139616844,4.0,0.0,1.0,1043.0,,0.0,False,False,0.7,matched,,True,True,True,True,seqslam+dinov2,2025-02-28T06:27:21.374432+00:00,2024-04-13T09:15:48.678648+00:00
1917,1865.0,1865.0,1865.0,False,1.438331687585488,-0.22541186910586197,4.0,0.0,1.0,4.0,,0.0,False,False,0.7,matched,,True,True,True,True,seqslam+dinov2,2025-02-28T06:27:21.474651+00:00,2024-04-13T09:15:48.784234+00:00
1918,1866.0,1866.0,1866.0,False,1.4946689348278268,-0.00928523916193913,4.0,0.0,1.0,37.0,,0.0,False,False,0.7,matched,,True,True,True,True,seqslam+dinov2,2025-02-28T06:27:21.578385+00:00,2024-04-13T09:15:48.880293+00:00
1919,1867.0,1867.0,1867.0,False,1.5063522991400475,0.044149142076918224,4.0,0.0,1.0,3.0,,0.0,False,False,0.7,matched,,True,True,True,True,seqslam+dinov2,2025-02-28T06:27:21.675251+00:00,2024-04-13T09:15:48.979306+00:00
1920,1868.0,1868.0,1868.0,False,1.5515116646531473,-0.19428110998322357,4.0,0.0,1.0,1.0,,0.0,False,False,0.7,matched,,True,True,True,True,seqslam+dinov2,2025-02-28T06:27:21.775587+00:00,2024-04-13T09:15:49.081563+00:00
1921,1869.0,1869.0,1869.0,False,1.5957482621487693,-0.03320224986227238,4.0,0.0,1.0,1332.0,,0.0,False,False,0.7,matched,,True,True,True,True,seqslam+dinov2,2025-02-28T06:27:21.879801+00:00,2024-04-13T09:15:49.179071+00:00
1922,1870.0,1870.0,1870.0,False,1.6385263578061682,0.09111075584771866,4.0,0.0,1.0,1.0,,0.0,False,False,0.7,matched,,True,True,True,True,seqslam+dinov2,2025-02-28T06:27:21.980922+00:00,2024-04-13T09:15:49.285875+00:00
1923,1871.0,1871.0,1871.0,False,1.6756157323176053,0.32128443465137324,4.0,0.0,1.0,0.0,,0.0,False,False,0.7,matched,,True,True,True,True,seqslam+dinov2,2025-02-28T06:27:22.079473+00:00,2024-04-13T09:15:49.382127+00:00
1924,1872.0,1872.0,1872.0,False,1.6680403018483412,0.17540799628453763,4.0,0.0,1.0,0.0,,0.0,False,False,0.7,matched,,True,True,True,True,seqslam+dinov2,2025-02-28T06:27:22.179750+00:00,2024-04-13T09:15:49.482105+00:00
1925,1873.0,1873.0,1873.0,False,1.6879292407432926,0.1925268101912967,4.0,0.0,1.0,1.0,,0.0,False,False,0.7,matched,,True,True,True,True,seqslam+dinov2,2025-02-28T06:27:22.276711+00:00,2024-04-13T09:15:49.578870+00:00
1926,1874.0,1874.0,1874.0,False,1.7215742858858478,-0.028816014937444123,4.0,0.0,1.0,1053.0,,0.0,False,False,0.7,matched,,True,True,True,True,seqslam+dinov2,2025-02-28T06:27:22.374532+00:00,2024-04-13T09:15:49.680885+00:00
1927,1875.0,1875.0,1875.0,False,1.7330725228299357,0.03626814577274051,4.0,0.0,1.0,0.0,,0.0,False,False,0.7,matched,,True,True,True,True,seqslam+dinov2,2025-02-28T06:27:22.475314+00:00,2024-04-13T09:15:49.777861+00:00
1928,1876.0,1876.0,1876.0,False,1.7479150168579816,0.030891116991986545,4.0,0.0,1.0,1.0,,0.0,False,False,0.7,matched,,True,True,True,True,seqslam+dinov2,2025-02-28T06:27:22.574684+00:00,2024-04-13T09:15:49.881167+00:00
1929,1877.0,1877.0,1877.0,False,1.7377824743117565,-0.20118959886342602,4.0,0.0,1.0,1339.0,,0.0,False,False,0.7,matched,,True,True,True,True,seqslam+dinov2,2025-02-28T06:27:22.679233+00:00,2024-04-13T09:15:49.978861+00:00
1930,1878.0,1878.0,1878.0,False,1.7420749103225086,0.10895280033883825,4.0,0.0,1.0120481927710843,1.0,,0.0,False,False,0.7,matched,,True,True,True,True,seqslam+dinov2,2025-02-28T06:27:22.774310+00:00,2024-04-13T09:15:50.083009+00:00
1931,1879.0,1879.0,1879.0,False,1.764527086531666,0.18117973014649014,4.0,0.0,1.0234263465282283,1.0,,0.0,False,False,0.7,matched,,True,True,True,True,seqslam+dinov2,2025-02-28T06:27:22.878558+00:00,2024-04-13T09:15:50.180386+00:00
1932,1880.0,1880.0,1880.0,False,1.7673553943805709,0.2838037490534573,4.0,0.0,1.0339960238568588,1.0,,0.0,False,False,0.7,matched,,True,True,True,True,seqslam+dinov2,2025-02-28T06:27:22.974720+00:00,2024-04-13T09:15:50.280062+00:00
1933,1881.0,1881.0,1881.0,False,1.7925461603370507,0.34763474754771906,4.0,0.0,1.0436191762322755,0.0,,0.0,False,False,0.7,matched,,True,True,True,True,seqslam+dinov2,2025-02-28T06:27:23.080786+00:00,2024-04-13T09:15:50.377801+00:00
1934,1882.0,1882.0,1882.0,False,1.8156745433523278,0.31677118258807657,4.0,0.0,1.0521619766643788,0.0,,0.0,False,False,0.7,matched,,True,True,True,True,seqslam+dinov2,2025-02-28T06:27:23.180071+00:00,2024-04-13T09:15:50.477774+00:00
1935,1883.0,1883.0,1883.0,False,1.8128766881039473,0.3335151000684282,4.0,0.0,1.0594989561586639,1.0,,0.0,False,False,0.7,matched,,True,True,True,True,seqslam+dinov2,2025-02-28T06:27:23.275344+00:00,2024-04-13T09:15:50.577841+00:00
1936,1884.0,1884.0,1884.0,False,1.8087390806056094,0.5888323017297517,4.0,0.0,1.0655172413793101,0.0,,0.0,False,False,0.7,matched,,True,True,True,True,seqslam+dinov2,2025-02-28T06:27:23.375035+00:00,2024-04-13T09:15:50.683674+00:00
1937,1885.0,1885.0,1885.0,False,1.7870729322895846,0.5404261553891092,4.0,0.0,1.070120652945351,0.0,,0.0,False,False,0.7,matched,,True,True,True,True,seqslam+dinov2,2025-02-28T06:27:23.475224+00:00,2024-04-13T09:15:50.783867+00:00
1938,1886.0,1886.0,1886.0,False,1.7630639086192397,0.5318048392588006,4.0,1.0,1.0732334047109209,0.0,,0.0,False,False,0.7,matched,,True,True,True,True,seqslam+dinov2,2025-02-28T06:27:23.574562+00:00,2024-04-13T09:15:50.880264+00:00
1939,1887.0,1887.0,1888.0,False,1.7382289478864743,0.552493517269252,4.0,0.0,1.0748031496062993,1.0,,1.0,True,False,0.7,ambiguous_range,,True,True,True,True,seqslam+dinov2,2025-02-28T06:27:23.674534+00:00,2024-04-13T09:15:50.984208+00:00
1940,1889.0,1889.0,1889.0,False,1.6919620212026665,0.23383567869613997,4.0,0.0,1.0732334047109209,1.0,,0.0,False,False,0.7,matched,,True,True,True,True,seqslam+dinov2,2025-02-28T06:27:23.774552+00:00,2024-04-13T09:15:51.180566+00:00
1941,1890.0,1890.0,1890.0,False,1.6776622770555678,0.40030408846941645,4.0,0.0,1.0701206529453513,0.0,,0.0,False,False,0.7,matched,,True,True,True,True,seqslam+dinov2,2025-02-28T06:27:23.875221+00:00,2024-04-13T09:15:51.281618+00:00
1942,1891.0,1891.0,1891.0,False,1.6452165517100368,0.041030981522294674,4.0,0.0,1.0655172413793101,1.0,,0.0,False,False,0.7,matched,,True,True,True,True,seqslam+dinov2,2025-02-28T06:27:23.975072+00:00,2024-04-13T09:15:51.379549+00:00
1943,1892.0,1892.0,1892.0,False,1.5941537073960539,-0.06035198323428714,4.0,0.0,1.0594989561586639,1354.0,,0.0,False,False,0.7,matched,,True,True,True,True,seqslam+dinov2,2025-02-28T06:27:24.074488+00:00,2024-04-13T09:15:51.478733+00:00
1944,1893.0,1893.0,1893.0,False,1.5626244316599462,0.27250883723263875,4.0,0.0,1.0521619766643788,1.0,,0.0,False,False,0.7,matched,,True,True,True,True,seqslam+dinov2,2025-02-28T06:27:24.179094+00:00,2024-04-13T09:15:51.577944+00:00
1945,1894.0,1894.0,1894.0,False,1.5167962579639978,0.06560388315376975,3.0,0.0,1.0436191762322753,2.0,,0.0,False,False,0.9,matched,,True,True,True,True,seqslam+dinov2,2025-02-28T06:27:24.275239+00:00,2024-04-13T09:15:51.678030+00:00
1946,1895.0,1895.0,1895.0,False,1.4974029130376358,0.2911349580948215,3.0,0.0,1.0339960238568588,1.0,,0.0,False,False,0.7,matched,,True,True,True,True,seqslam+dinov2,2025-02-28T06:27:24.378011+00:00,2024-04-13T09:15:51.780347+00:00
1947,1896.0,1896.0,1896.0,False,1.4666628556560086,0.254227687399023,3.0,0.0,1.0234263465282283,0.0,,0.0,False,False,0.7,matched,,True,True,True,True,seqslam+dinov2,2025-02-28T06:27:24.474438+00:00,2024-04-13T09:15:51.878998+00:00
1948,1897.0,1897.0,1897.0,False,1.4351914014266371,-0.01770642007344736,3.0,0.0,1.0120481927710843,88.0,,0.0,False,False,0.7,matched,,True,True,True,True,seqslam+dinov2,2025-02-28T06:27:24.575310+00:00,2024-04-13T09:15:51.980449+00:00
1949,1898.0,1898.0,1898.0,False,1.3986444775595508,0.3586395418242809,3.0,0.0,1.0,0.0,,0.0,False,False,0.7,matched,,True,True,True,True,seqslam+dinov2,2025-02-28T06:27:24.675514+00:00,2024-04-13T09:15:52.081904+00:00
1950,1899.0,1899.0,1899.0,False,1.353340488302984,0.04672328302121631,3.0,0.0,1.0,1.0,,0.0,False,False,0.7,matched,,True,True,True,True,seqslam+dinov2,2025-02-28T06:27:24.776161+00:00,2024-04-13T09:15:52.177431+00:00
1951,1900.0,1900.0,1900.0,False,1.3354894589580601,-0.1101817778822054,3.0,0.0,1.0,516.0,,0.0,False,False,0.7,matched,,True,True,True,True,seqslam+dinov2,2025-02-28T06:27:24.878242+00:00,2024-04-13T09:15:52.277862+00:00
1952,1901.0,1901.0,1901.0,False,1.3115542583818045,-0.21041386408501772,3.0,0.0,1.0,230.0,,0.0,False,False,0.7,matched,,True,True,True,True,seqslam+dinov2,2025-02-28T06:27:24.976104+00:00,2024-04-13T09:15:52.381145+00:00
1953,1902.0,1902.0,1902.0,False,1.2829571530143242,-0.3696134099474242,3.0,0.0,1.0,230.0,,0.0,False,False,0.7,matched,,True,True,True,True,seqslam+dinov2,2025-02-28T06:27:25.074778+00:00,2024-04-13T09:15:52.480570+00:00
1954,1903.0,1903.0,1903.0,False,1.3209727989295246,-0.37328360575325426,3.0,0.0,1.0,45.0,,0.0,False,False,0.7,matched,,True,True,True,True,seqslam+dinov2,2025-02-28T06:27:25.174444+00:00,2024-04-13T09:15:52.581910+00:00
1955,1904.0,1904.0,1904.0,False,1.3381025990110975,-0.5555127967837805,3.0,0.0,1.0,1401.0,,0.0,False,False,0.7,matched,,True,True,True,True,seqslam+dinov2,2025-02-28T06:27:25.274334+00:00,2024-04-13T09:15:52.679857+00:00
1956,1905.0,1905.0,1905.0,False,1.3911477915731252,-0.4936446773853169,3.0,0.0,1.0,1402.0,,0.0,False,False,0.7,matched,,True,True,True,True,seqslam+dinov2,2025-02-28T06:27:25.375196+00:00,2024-04-13T09:15:52.777861+00:00
1957,1906.0,1906.0,1906.0,False,1.4450343925734666,0.07599546295389659,3.0,0.0,1.0120481927710843,4.0,,0.0,False,False,0.7,matched,,True,True,True,True,seqslam+dinov2,2025-02-28T06:27:25.477322+00:00,2024-04-13T09:15:52.879132+00:00
1958,1907.0,1907.0,1907.0,False,1.5047168763431407,-0.07539487947388746,3.0,0.0,1.0234263465282283,1.0,,0.0,False,False,0.9,matched,,True,True,True,True,seqslam+dinov2,2025-02-28T06:27:25.578269+00:00,2024-04-13T09:15:52.978909+00:00
1959,1908.0,1908.0,1908.0,False,1.5620524512238312,0.1602491779532902,3.0,0.0,1.0339960238568588,3.0,,0.0,False,False,0.9,matched,,True,True,True,True,seqslam+dinov2,2025-02-28T06:27:25.675395+00:00,2024-04-13T09:15:53.083854+00:00
1960,1909.0,1909.0,1909.0,False,1.6382627828026453,0.2655319120995079,3.0,0.0,1.0436191762322755,1.0,,0.0,False,False,0.9,matched,,True,True,True,True,seqslam+dinov2,2025-02-28T06:27:25.775008+00:00,2024-04-13T09:15:53.177922+00:00
1961,1910.0,1910.0,1910.0,False,1.7397691004934321,0.590228127675325,3.0,0.0,1.0521619766643788,0.0,,0.0,False,False,0.9,matched,,True,True,True,True,seqslam+dinov2,2025-02-28T06:27:25.877729+00:00,2024-04-13T09:15:53.280777+00:00
1962,1911.0,1911.0,1911.0,False,1.817926413037496,0.4936898697777896,3.0,0.0,1.0594989561586639,1.0,,0.0,False,False,0.9,matched,,True,True,True,True,seqslam+dinov2,2025-02-28T06:27:25.974664+00:00,2024-04-13T09:15:53.381394+00:00
1963,1912.0,1912.0,1912.0,False,1.8587750106067793,0.7347474872301656,3.0,0.0,1.0655172413793101,0.0,,0.0,False,False,0.9,matched,,True,True,True,True,seqslam+dinov2,2025-02-28T06:27:26.078125+00:00,2024-04-13T09:15:53.482373+00:00
1964,1913.0,1913.0,1913.0,False,1.9198410957352772,0.2928232593286044,3.0,0.0,1.070120652945351,1.0,,0.0,False,False,0.9,matched,,True,True,True,True,seqslam+dinov2,2025-02-28T06:27:26.174896+00:00,2024-04-13T09:15:53.578823+00:00
1965,1914.0,1914.0,1914.0,False,1.9448978730285043,0.435652483998491,3.0,0.0,1.0732334047109209,2.0,,0.0,False,False,0.9,matched,,True,True,True,True,seqslam+dinov2,2025-02-28T06:27:26.274316+00:00,2024-04-13T09:15:53.678014+00:00
1966,1916.0,1915.0,1916.0,False,1.9579325018807183,0.9253040752946249,3.0,1.0,1.0748031496062993,0.0,,1.0,True,False,0.9,ambiguous_range,,True,True,True,True,seqslam+dinov2,2025-02-28T06:27:26.379077+00:00,2024-04-13T09:15:53.883635+00:00
1967,1917.0,1917.0,1917.0,False,1.9704744481729108,0.6500561017718627,3.0,1.0,1.0732334047109209,0.0,,0.0,False,False,0.9,matched,,True,True,True,True,seqslam+dinov2,2025-02-28T06:27:26.482383+00:00,2024-04-13T09:15:53.982657+00:00
1968,1918.0,1918.0,1918.0,False,1.9532955661345577,0.38503405841956395,3.0,1.0,1.0701206529453513,1.0,,0.0,False,False,0.9,matched,,True,True,True,True,seqslam+dinov2,2025-02-28T06:27:26.575222+00:00,2024-04-13T09:15:54.077968+00:00
1969,1919.0,1919.0,1919.0,False,1.9651458813364746,0.6314602591846876,3.0,1.0,1.080078125,0.0,,0.0,False,False,0.9,matched,,True,True,True,True,seqslam+dinov2,2025-02-28T06:27:26.674332+00:00,2024-04-13T09:15:54.182928+00:00
1970,1920.0,1920.0,1920.0,False,1.9705688023404506,0.5807203548656132,3.0,0.0,1.087428487604518,0.0,,0.0,False,False,0.9,matched,,True,True,True,True,seqslam+dinov2,2025-02-28T06:27:26.774183+00:00,2024-04-13T09:15:54.281059+00:00
1971,1921.0,1921.0,1921.0,False,1.9889920310608582,0.64123762353318,3.0,0.0,1.091937869822485,0.0,,0.0,False,False,0.9,matched,,True,True,True,True,seqslam+dinov2,2025-02-28T06:27:26.875010+00:00,2024-04-13T09:15:54.380608+00:00
1972,1922.0,1922.0,1922.0,False,1.9804145437025313,0.721463559857543,3.0,0.0,1.0934579439252337,0.0,,0.0,False,False,0.9,matched,,True,True,True,True,seqslam+dinov2,2025-02-28T06:27:26.975273+00:00,2024-04-13T09:15:54.479312+00:00
1973,1923.0,1923.0,1923.0,False,1.9651237278808795,0.287178189907654,3.0,0.0,1.091937869822485,1.0,,0.0,False,False,0.9,matched,,True,True,True,True,seqslam+dinov2,2025-02-28T06:27:27.074562+00:00,2024-04-13T09:15:54.577634+00:00
1974,1924.0,1924.0,1924.0,False,1.969401950767452,0.48796843323001116,3.0,0.0,1.087428487604518,0.0,,0.0,False,False,0.9,matched,,True,True,True,True,seqslam+dinov2,2025-02-28T06:27:27.175632+00:00,2024-04-13T09:15:54.683691+00:00
1975,1925.0,1925.0,1925.0,False,1.9258123398008136,-0.017086578706237532,3.0,0.0,1.080078125,1.0,,0.0,False,False,0.9,matched,,True,True,True,True,seqslam+dinov2,2025-02-28T06:27:27.274875+00:00,2024-04-13T09:15:54.778282+00:00
1976,1926.0,1926.0,1926.0,False,1.9052273170922838,0.43171637321569367,3.0,0.0,1.070120652945351,0.0,,0.0,False,False,0.9,matched,,True,True,True,True,seqslam+dinov2,2025-02-28T06:27:27.375404+00:00,2024-04-13T09:15:54.878278+00:00
1977,1927.0,1927.0,1927.0,False,1.8741858008944254,0.5131943817054179,3.0,1.0,1.0732334047109209,0.0,,0.0,False,False,0.9,matched,,True,True,True,True,seqslam+dinov2,2025-02-28T06:27:27.474683+00:00,2024-04-13T09:15:54.977970+00:00
1978,1928.0,1928.0,1929.0,False,1.8583532222655095,0.24339172480114102,3.0,1.0,1.0748031496062993,1.0,,1.0,True,False,0.9,ambiguous_range,,True,True,True,True,seqslam+dinov2,2025-02-28T06:27:27.575686+00:00,2024-04-13T09:15:55.081700+00:00
1979,1930.0,1930.0,1930.0,False,1.862648117237468,0.422621456528133,3.0,1.0,1.0732334047109209,0.0,,0.0,False,False,0.9,matched,,True,True,True,True,seqslam+dinov2,2025-02-28T06:27:27.674530+00:00,2024-04-13T09:15:55.278025+00:00
1980,1931.0,1931.0,1931.0,False,1.8152790855546705,0.18461974000961634,3.0,1.0,1.0701206529453513,2.0,,0.0,False,False,0.9,matched,,True,True,True,True,seqslam+dinov2,2025-02-28T06:27:27.777932+00:00,2024-04-13T09:15:55.381139+00:00
1981,1932.0,1932.0,1932.0,False,1.7916067679179057,0.28520411554575564,4.0,1.0,1.0655172413793101,2.0,,0.0,False,False,0.7,matched,,True,True,True,True,seqslam+dinov2,2025-02-28T06:27:27.878369+00:00,2024-04-13T09:15:55.477983+00:00
1982,1933.0,1933.0,1933.0,False,1.7323931517450766,-0.027057661881235706,4.0,1.0,1.0594989561586639,1.0,,0.0,False,False,0.7,matched,,True,True,True,True,seqslam+dinov2,2025-02-28T06:27:27.980540+00:00,2024-04-13T09:15:55.579326+00:00
1983,1934.0,1934.0,1934.0,False,1.675295170224787,0.4330427195702904,4.0,0.0,1.0521619766643788,0.0,,0.0,False,False,0.7,matched,,True,True,True,True,seqslam+dinov2,2025-02-28T06:27:28.074361+00:00,2024-04-13T09:15:55.677973+00:00
1984,1935.0,1935.0,1935.0,False,1.6587054295355586,0.2250538766009922,4.0,0.0,1.0436191762322753,1.0,,0.0,False,False,0.7,matched,,True,True,True,True,seqslam+dinov2,2025-02-28T06:27:28.174415+00:00,2024-04-13T09:15:55.779866+00:00
1985,1936.0,1936.0,1936.0,False,1.6552361113460756,0.038081256968303334,4.0,0.0,1.0339960238568588,0.0,,0.0,False,False,0.7,matched,,True,True,True,True,seqslam+dinov2,2025-02-28T06:27:28.274597+00:00,2024-04-13T09:15:55.880332+00:00
1986,1937.0,1937.0,1937.0,False,1.6308463138783276,-0.003971285969468941,4.0,0.0,1.0234263465282283,1088.0,,0.0,False,False,0.7,matched,,True,True,True,True,seqslam+dinov2,2025-02-28T06:27:28.374571+00:00,2024-04-13T09:15:55.978346+00:00
1987,1938.0,1938.0,1938.0,False,1.5770443585928817,-0.21205293434642547,4.0,0.0,1.0120481927710843,60.0,,0.0,False,False,0.7,matched,,True,True,True,True,seqslam+dinov2,2025-02-28T06:27:28.476715+00:00,2024-04-13T09:15:56.077506+00:00
1988,1939.0,1939.0,1939.0,False,1.5530132857055448,-0.2595004756475714,4.0,0.0,1.0,63.0,,0.0,False,False,0.7,matched,,True,True,True,True,seqslam+dinov2,2025-02-28T06:27:28.574414+00:00,2024-04-13T09:15:56.181751+00:00
1989,1940.0,1940.0,1940.0,False,1.507391765053191,0.1175391853406853,4.0,0.0,1.0,0.0,,0.0,False,False,0.7,matched,,True,True,True,True,seqslam+dinov2,2025-02-28T06:27:28.676264+00:00,2024-04-13T09:15:56.280890+00:00
1990,1941.0,1941.0,1941.0,False,1.447526536908356,0.23568464378090992,3.0,0.0,1.0,0.0,,0.0,False,False,0.7,matched,,True,True,True,True,seqslam+dinov2,2025-02-28T06:27:28.774387+00:00,2024-04-13T09:15:56.382356+00:00
1991,1942.0,1942.0,1942.0,False,1.388718322771986,-0.4112509758767482,3.0,0.0,1.0,1507.0,,0.0,False,False,0.7,matched,,True,True,True,True,seqslam+dinov2,2025-02-28T06:27:28.874298+00:00,2024-04-13T09:15:56.482549+00:00
1992,1943.0,1943.0,1943.0,False,1.3394137340132262,-0.32120705877740163,3.0,0.0,1.0,33.0,,0.0,False,False,0.7,matched,,True,True,True,True,seqslam+dinov2,2025-02-28T06:27:28.977817+00:00,2024-04-13T09:15:56.583726+00:00
1993,1944.0,1944.0,1944.0,False,1.3237736778229656,-0.2011197202321926,3.0,0.0,1.0,32.0,,0.0,False,False,0.7,matched,,True,True,True,True,seqslam+dinov2,2025-02-28T06:27:29.080143+00:00,2024-04-13T09:15:56.678819+00:00
1994,1945.0,1945.0,1945.0,False,1.3030684473523737,-0.03355039582924357,5.0,0.0,1.0,227.0,,0.0,False,False,0.7,matched,,True,True,True,True,seqslam+dinov2,2025-02-28T06:27:29.182058+00:00,2024-04-13T09:15:56.779734+00:00
1995,1946.0,1946.0,1946.0,False,1.2681449516895968,-0.3173114525808416,5.0,0.0,1.0,570.0,,0.0,False,False,0.7,matched,,True,True,True,True,seqslam+dinov2,2025-02-28T06:27:29.278108+00:00,2024-04-13T09:15:56.884057+00:00
1996,1947.0,1947.0,1947.0,False,1.2054505564195124,-0.5894579500893485,5.0,0.0,1.0,569.0,,0.0,False,False,0.7,matched,,True,True,True,True,seqslam+dinov2,2025-02-28T06:27:29.374429+00:00,2024-04-13T09:15:56.980373+00:00
1997,1948.0,1948.0,1948.0,False,1.1530452904433999,-0.5234278195329074,5.0,0.0,1.0,1110.0,,0.0,False,False,0.7,matched,,True,True,True,True,seqslam+dinov2,2025-02-28T06:27:29.474275+00:00,2024-04-13T09:15:57.078167+00:00
1998,1949.0,1949.0,1949.0,False,1.1115487076467134,-0.1234980390996161,5.0,0.0,1.0120481927710843,1449.0,,0.0,False,False,0.7,matched,,True,True,True,True,seqslam+dinov2,2025-02-28T06:27:29.576062+00:00,2024-04-13T09:15:57.181639+00:00
1999,1950.0,1950.0,1950.0,False,1.0750395613648076,-0.26397329264084113,5.0,0.0,1.0234263465282283,38.0,,0.0,False,False,0.7,matched,,True,True,True,True,seqslam+dinov2,2025-02-28T06:27:29.676253+00:00,2024-04-13T09:15:57.278192+00:00
2000,1951.0,1951.0,1951.0,False,1.0696450858956246,-0.4108748186778195,5.0,0.0,1.0339960238568588,1447.0,,0.0,False,False,0.7,matched,,True,True,True,True,seqslam+dinov2,2025-02-28T06:27:29.774852+00:00,2024-04-13T09:15:57.382202+00:00
2001,1952.0,1952.0,1952.0,False,1.1141127901976544,-0.39759097160752876,5.0,0.0,1.0436191762322755,41.0,,0.0,False,False,0.7,matched,,True,True,True,True,seqslam+dinov2,2025-02-28T06:27:29.874572+00:00,2024-04-13T09:15:57.478209+00:00
2002,1953.0,1953.0,1953.0,False,1.1615553058831587,-0.9557218429183442,5.0,0.0,1.0521619766643788,1132.0,,0.0,False,False,0.7,matched,,True,True,True,True,seqslam+dinov2,2025-02-28T06:27:29.975100+00:00,2024-04-13T09:15:57.578392+00:00
2003,1954.0,1954.0,1954.0,False,1.2188844983773526,-0.7161989995247314,5.0,0.0,1.0594989561586639,220.0,,0.0,False,False,0.7,matched,,True,True,True,True,seqslam+dinov2,2025-02-28T06:27:30.075389+00:00,2024-04-13T09:15:57.685500+00:00
2004,1955.0,1955.0,1955.0,False,1.2587694649804808,-0.5608716112778224,5.0,0.0,1.0655172413793101,523.0,,0.0,False,False,0.7,matched,,True,True,True,True,seqslam+dinov2,2025-02-28T06:27:30.176827+00:00,2024-04-13T09:15:57.779744+00:00
2005,1956.0,1956.0,1956.0,False,1.315298818288209,-0.20285953382115451,5.0,0.0,1.070120652945351,1115.0,,0.0,False,False,0.7,matched,,True,True,True,True,seqslam+dinov2,2025-02-28T06:27:30.277677+00:00,2024-04-13T09:15:57.882216+00:00
2006,1957.0,1957.0,1957.0,False,1.3907037831398605,0.18703588470995092,5.0,1.0,1.0732334047109209,7.0,,0.0,False,False,0.7,matched,,True,True,True,True,seqslam+dinov2,2025-02-28T06:27:30.378214+00:00,2024-04-13T09:15:57.979084+00:00
2007,1958.0,1958.0,1959.0,False,1.4757744057814461,-0.02668267055832496,5.0,1.0,1.0748031496062993,3.0,,1.0,True,False,0.7,ambiguous_range,,True,True,True,True,seqslam+dinov2,2025-02-28T06:27:30.474387+00:00,2024-04-13T09:15:58.079618+00:00
2008,1960.0,1960.0,1960.0,False,1.5823421671822266,0.25384418624655014,5.0,1.0,1.087907249779865,3.0,,0.0,False,False,0.7,matched,,True,True,True,True,seqslam+dinov2,2025-02-28T06:27:30.578604+00:00,2024-04-13T09:15:58.279402+00:00
2009,1961.0,1961.0,1961.0,False,1.7128383845294584,0.23813675659842337,5.0,0.0,1.0985630893578804,0.0,,0.0,False,False,0.7,matched,,True,True,True,True,seqslam+dinov2,2025-02-28T06:27:30.680307+00:00,2024-04-13T09:15:58.382896+00:00
2010,1962.0,1962.0,1962.0,False,1.814490275493938,0.342552190238421,4.0,0.0,1.10643789857273,0.0,,0.0,False,False,0.7,matched,,True,True,True,True,seqslam+dinov2,2025-02-28T06:27:30.778463+00:00,2024-04-13T09:15:58.479166+00:00
2011,1963.0,1963.0,1963.0,False,1.8737586097475651,0.20634939915327588,4.0,0.0,1.1112727829682951,0.0,,0.0,False,False,0.7,matched,,True,True,True,True,seqslam+dinov2,2025-02-28T06:27:30.874331+00:00,2024-04-13T09:15:58.578147+00:00
2012,1964.0,1964.0,1964.0,False,1.9051791995943268,0.29107107610945704,4.0,0.0,1.1129032258064515,0.0,,0.0,False,False,0.7,matched,,True,True,True,True,seqslam+dinov2,2025-02-28T06:27:30.975105+00:00,2024-04-13T09:15:58.679143+00:00
2013,1965.0,1965.0,1965.0,False,1.9740590156162154,0.3358830129551773,4.0,0.0,1.1112727829682951,0.0,,0.0,False,False,0.7,matched,,True,True,True,True,seqslam+dinov2,2025-02-28T06:27:31.078268+00:00,2024-04-13T09:15:58.777831+00:00
2014,1966.0,1966.0,1966.0,False,2.0376155092717982,0.49120498029727955,4.0,0.0,1.10643789857273,0.0,,0.0,False,False,0.7,matched,,True,True,True,True,seqslam+dinov2,2025-02-28T06:27:31.178064+00:00,2024-04-13T09:15:58.879163+00:00
2015,1967.0,1967.0,1967.0,False,2.0870840823582752,0.5742429088192695,4.0,0.0,1.0985630893578804,0.0,,0.0,False,False,0.7,matched,,True,True,True,True,seqslam+dinov2,2025-02-28T06:27:31.280652+00:00,2024-04-13T09:15:58.978141+00:00
2016,1968.0,1968.0,1968.0,False,2.1455136880851886,0.5803321728841526,4.0,0.0,1.087907249779865,0.0,,0.0,False,False,0.7,matched,,True,True,True,True,seqslam+dinov2,2025-02-28T06:27:31.375546+00:00,2024-04-13T09:15:59.079227+00:00
2017,1970.0,1969.0,1970.0,False,2.15601708157026,0.33263489282492564,4.0,1.0,1.0748031496062993,0.0,,1.0,True,False,0.7,ambiguous_range,,True,True,True,True,seqslam+dinov2,2025-02-28T06:27:31.474467+00:00,2024-04-13T09:15:59.282649+00:00
2018,1971.0,1971.0,1971.0,False,2.146796225681687,0.674820031851882,6.0,1.0,1.087907249779865,0.0,,0.0,False,False,0.4,matched,,True,True,True,True,seqslam+dinov2,2025-02-28T06:27:31.574584+00:00,2024-04-13T09:15:59.379724+00:00
2019,1972.0,1972.0,1972.0,False,2.1393014015630234,0.9197000953507877,6.0,1.0,1.0985630893578804,0.0,,0.0,False,False,0.4,matched,,True,True,True,True,seqslam+dinov2,2025-02-28T06:27:31.678406+00:00,2024-04-13T09:15:59.481622+00:00
2020,1973.0,1973.0,1973.0,False,2.099702647291416,0.6926084956429186,6.0,1.0,1.10643789857273,0.0,,0.0,False,False,0.4,matched,,True,True,True,True,seqslam+dinov2,2025-02-28T06:27:31.777645+00:00,2024-04-13T09:15:59.577889+00:00
2021,1974.0,1974.0,1974.0,False,2.061447781728818,1.2495870965833,6.0,1.0,1.1112727829682951,0.0,,0.0,False,False,0.4,matched,,True,True,True,True,seqslam+dinov2,2025-02-28T06:27:31.876909+00:00,2024-04-13T09:15:59.678081+00:00
2022,1975.0,1975.0,1975.0,False,2.029440019183561,0.7718860580951219,6.0,1.0,1.1129032258064515,0.0,,0.0,False,False,0.4,matched,,True,True,True,True,seqslam+dinov2,2025-02-28T06:27:31.978987+00:00,2024-04-13T09:15:59.782421+00:00
2023,1976.0,1976.0,1976.0,False,2.018065894814828,0.36377713152488944,6.0,1.0,1.1112727829682951,2.0,,0.0,False,False,0.4,matched,,True,True,True,True,seqslam+dinov2,2025-02-28T06:27:32.077749+00:00,2024-04-13T09:15:59.882431+00:00
2024,1977.0,1977.0,1977.0,False,1.9988690916889893,0.06945190773521848,5.0,0.0,1.10643789857273,2.0,,0.0,False,False,0.7,matched,,True,True,True,True,seqslam+dinov2,2025-02-28T06:27:32.181781+00:00,2024-04-13T09:15:59.979322+00:00
2025,1978.0,1978.0,1978.0,False,1.9955892509012991,0.3390809253977014,5.0,0.0,1.0985630893578804,0.0,,0.0,False,False,0.7,matched,,True,True,True,True,seqslam+dinov2,2025-02-28T06:27:32.278959+00:00,2024-04-13T09:16:00.079105+00:00
2026,1979.0,1979.0,1979.0,False,1.9957935266376416,0.2543435419076032,5.0,0.0,1.087907249779865,1.0,,0.0,False,False,0.7,matched,,True,True,True,True,seqslam+dinov2,2025-02-28T06:27:32.374314+00:00,2024-04-13T09:16:00.181967+00:00
2027,1980.0,1980.0,1981.0,False,1.9696681867697385,0.2902238399611754,5.0,0.0,1.0748031496062993,1.0,,1.0,True,False,0.7,ambiguous_range,,True,True,True,True,seqslam+dinov2,2025-02-28T06:27:32.474719+00:00,2024-04-13T09:16:00.282016+00:00
2028,1982.0,1982.0,1982.0,False,1.9583967241524165,0.25787424710259654,5.0,1.0,1.0732334047109209,0.0,,0.0,False,False,0.7,matched,,True,True,True,True,seqslam+dinov2,2025-02-28T06:27:32.574493+00:00,2024-04-13T09:16:00.477451+00:00
2029,1983.0,1983.0,1983.0,False,1.9786811336933428,0.5430856539446811,5.0,1.0,1.0701206529453513,0.0,,0.0,False,False,0.7,matched,,True,True,True,True,seqslam+dinov2,2025-02-28T06:27:32.675673+00:00,2024-04-13T09:16:00.579301+00:00
2030,1984.0,1984.0,1984.0,False,2.036726202892284,0.7364786420252298,5.0,1.0,1.080078125,0.0,,0.0,False,False,0.7,matched,,True,True,True,True,seqslam+dinov2,2025-02-28T06:27:32.774766+00:00,2024-04-13T09:16:00.677994+00:00
2031,1985.0,1985.0,1985.0,False,2.097633063707146,0.6565974235041188,5.0,1.0,1.087428487604518,0.0,,0.0,False,False,0.7,matched,,True,True,True,True,seqslam+dinov2,2025-02-28T06:27:32.874744+00:00,2024-04-13T09:16:00.779046+00:00
2032,1986.0,1986.0,1986.0,False,2.1669140200603247,0.7040322049211278,4.0,1.0,1.091937869822485,0.0,,0.0,False,False,0.7,matched,,True,True,True,True,seqslam+dinov2,2025-02-28T06:27:32.974183+00:00,2024-04-13T09:16:00.877517+00:00
2033,1987.0,1987.0,1987.0,False,2.2051166773649817,0.6888860697460444,4.0,1.0,1.0934579439252337,1.0,,0.0,False,False,0.7,matched,,True,True,True,True,seqslam+dinov2,2025-02-28T06:27:33.080293+00:00,2024-04-13T09:16:00.980196+00:00
2034,1988.0,1988.0,1988.0,False,2.2083139528243088,0.7702503029334933,4.0,1.0,1.091937869822485,1.0,,0.0,False,False,0.7,matched,,True,True,True,True,seqslam+dinov2,2025-02-28T06:27:33.182991+00:00,2024-04-13T09:16:01.079859+00:00
2035,1989.0,1989.0,1989.0,False,2.1790311812749237,0.9186148490732178,3.0,1.0,1.087428487604518,0.0,,0.0,False,False,0.9,matched,,True,True,True,True,seqslam+dinov2,2025-02-28T06:27:33.280500+00:00,2024-04-13T09:16:01.177640+00:00
2036,1990.0,1990.0,1990.0,False,2.1272056588766786,0.9428219879338955,3.0,1.0,1.080078125,0.0,,0.0,False,False,0.9,matched,,True,True,True,True,seqslam+dinov2,2025-02-28T06:27:33.375502+00:00,2024-04-13T09:16:01.278979+00:00
2037,1991.0,1991.0,1991.0,False,2.0947758326759334,0.7587872162539646,3.0,0.0,1.070120652945351,0.0,,0.0,False,False,0.9,matched,,True,True,True,True,seqslam+dinov2,2025-02-28T06:27:33.475478+00:00,2024-04-13T09:16:01.378756+00:00
2038,1992.0,1992.0,1992.0,False,2.101297864841612,0.39996232711869895,3.0,0.0,1.0732334047109209,0.0,,0.0,False,False,0.9,matched,,True,True,True,True,seqslam+dinov2,2025-02-28T06:27:33.574647+00:00,2024-04-13T09:16:01.481803+00:00
2039,1993.0,1993.0,1994.0,False,2.0873153597402236,0.37748651246470377,3.0,0.0,1.089403973509934,1.0,,1.0,True,False,0.9,ambiguous_range,,True,True,True,True,seqslam+dinov2,2025-02-28T06:27:33.675630+00:00,2024-04-13T09:16:01.577634+00:00
2040,1995.0,1995.0,1995.0,False,2.071108163551474,0.3390503618754288,3.0,1.0,1.1016859852476288,1.0,,0.0,False,False,0.9,matched,,True,True,True,True,seqslam+dinov2,2025-02-28T06:27:33.775077+00:00,2024-04-13T09:16:01.780252+00:00
2041,1996.0,1996.0,1996.0,False,2.0331499179079646,0.14244184075336896,3.0,1.0,1.1112727829682951,0.0,,0.0,False,False,0.9,matched,,True,True,True,True,seqslam+dinov2,2025-02-28T06:27:33.874165+00:00,2024-04-13T09:16:01.884646+00:00
2042,1997.0,1997.0,1997.0,False,1.9588896322357316,0.0613709355168488,4.0,1.0,1.1178521617852162,0.0,,0.0,False,False,0.7,matched,,True,True,True,True,seqslam+dinov2,2025-02-28T06:27:33.974322+00:00,2024-04-13T09:16:01.982900+00:00
2043,1998.0,1998.0,1998.0,False,1.9045410714726423,0.7485764865167948,4.0,1.0,1.1212003117692908,0.0,,0.0,False,False,0.7,matched,,True,True,True,True,seqslam+dinov2,2025-02-28T06:27:34.078572+00:00,2024-04-13T09:16:02.079736+00:00
2044,1999.0,1999.0,1999.0,False,1.8725551804918685,0.4192633906960541,4.0,1.0,1.1212003117692908,0.0,,0.0,False,False,0.7,matched,,True,True,True,True,seqslam+dinov2,2025-02-28T06:27:34.174482+00:00,2024-04-13T09:16:02.181430+00:00
2045,2000.0,2000.0,2000.0,False,1.9028838902950616,0.42570814141584457,3.0,0.0,1.117852161785216,0.0,,0.0,False,False,0.9,matched,,True,True,True,True,seqslam+dinov2,2025-02-28T06:27:34.274491+00:00,2024-04-13T09:16:02.278070+00:00
2046,2001.0,2001.0,2001.0,False,1.9318447761656998,0.23587283054725017,3.0,0.0,1.1112727829682951,0.0,,0.0,False,False,0.9,matched,,True,True,True,True,seqslam+dinov2,2025-02-28T06:27:34.374696+00:00,2024-04-13T09:16:02.379516+00:00
2047,2002.0,2002.0,2002.0,False,1.9562761084718283,0.12981657999695728,3.0,0.0,1.1016859852476288,1.0,,0.0,False,False,0.9,matched,,True,True,True,True,seqslam+dinov2,2025-02-28T06:27:34.477352+00:00,2024-04-13T09:16:02.481881+00:00
2048,2004.0,2003.0,2004.0,False,2.0083118275249876,0.6047627847013164,3.0,0.0,1.0748031496062993,0.0,,1.0,True,False,0.9,ambiguous_range,,True,True,True,True,seqslam+dinov2,2025-02-28T06:27:34.577614+00:00,2024-04-13T09:16:02.680124+00:00
2049,2005.0,2005.0,2005.0,False,2.0423163008096394,0.23635144536740738,3.0,0.0,1.0732334047109207,0.0,,0.0,False,False,0.9,matched,,True,True,True,True,seqslam+dinov2,2025-02-28T06:27:34.679398+00:00,2024-04-13T09:16:02.782200+00:00
2050,2006.0,2006.0,2006.0,False,2.0708972317347074,0.36897447803007966,2.0,0.0,1.0847803881511748,0.0,,0.0,False,False,0.9,matched,,True,True,True,True,seqslam+dinov2,2025-02-28T06:27:34.778930+00:00,2024-04-13T09:16:02.883182+00:00
2051,2007.0,2007.0,2007.0,False,2.119333657075268,0.36267208021177755,2.0,0.0,1.1067783701447067,1.0,,0.0,False,False,0.9,matched,,True,True,True,True,seqslam+dinov2,2025-02-28T06:27:34.876018+00:00,2024-04-13T09:16:02.977511+00:00
2052,2008.0,2008.0,2008.0,False,2.116640823252193,0.36439757278761875,2.0,0.0,1.1261254146264414,1.0,,0.0,False,False,0.9,matched,,True,True,True,True,seqslam+dinov2,2025-02-28T06:27:34.975163+00:00,2024-04-13T09:16:03.079251+00:00
2053,2009.0,2009.0,2009.0,False,2.1473021755514092,0.9605069221374627,2.0,0.0,1.1420094293610794,0.0,,0.0,False,False,0.9,matched,,True,True,True,True,seqslam+dinov2,2025-02-28T06:27:35.075620+00:00,2024-04-13T09:16:03.181922+00:00
2054,2010.0,2010.0,2010.0,False,2.1498322762570288,1.0770199357625372,2.0,0.0,1.1536929460580911,0.0,,0.0,False,False,0.9,matched,,True,True,True,True,seqslam+dinov2,2025-02-28T06:27:35.178003+00:00,2024-04-13T09:16:03.281007+00:00
2055,2011.0,2011.0,2011.0,False,2.184426069011016,0.9145472158765622,2.0,0.0,1.1605912985049558,0.0,,0.0,False,False,0.9,matched,,True,True,True,True,seqslam+dinov2,2025-02-28T06:27:35.274651+00:00,2024-04-13T09:16:03.378426+00:00
2056,2012.0,2012.0,2012.0,False,2.1701743170865253,1.104448554822179,3.0,0.0,1.1623420387531593,0.0,,0.0,False,False,0.9,matched,,True,True,True,True,seqslam+dinov2,2025-02-28T06:27:35.375696+00:00,2024-04-13T09:16:03.480113+00:00
2057,2013.0,2013.0,2013.0,False,2.1535798392054435,0.5251631572531716,3.0,1.0,1.1588511137162956,0.0,,0.0,False,False,0.9,matched,,True,True,True,True,seqslam+dinov2,2025-02-28T06:27:35.476595+00:00,2024-04-13T09:16:03.580660+00:00
2058,2014.0,2014.0,2014.0,False,2.17110391546499,0.5797544299831432,3.0,1.0,1.1503052301600394,1.0,,0.0,False,False,0.9,matched,,True,True,True,True,seqslam+dinov2,2025-02-28T06:27:35.578146+00:00,2024-04-13T09:16:03.678811+00:00
2059,2016.0,2015.0,2017.0,False,2.160487580346363,0.41240187585451915,2.0,1.0,1.155979347101932,1.0,,2.0,True,False,0.9,ambiguous_range,,True,True,True,True,seqslam+dinov2,2025-02-28T06:27:35.677358+00:00,2024-04-13T09:16:03.879918+00:00
2060,2018.0,2018.0,2018.0,False,2.1074433751801718,0.45273316527317053,2.0,1.0,1.1503052301600394,0.0,,0.0,False,False,0.9,matched,,True,True,True,True,seqslam+dinov2,2025-02-28T06:27:35.775589+00:00,2024-04-13T09:16:04.082194+00:00
2061,2019.0,2019.0,2019.0,False,2.0782544537745333,0.5730848091110134,2.0,1.0,1.1410818713450293,1.0,,0.0,False,False,0.9,matched,,True,True,True,True,seqslam+dinov2,2025-02-28T06:27:35.874899+00:00,2024-04-13T09:16:04.182024+00:00
2062,2020.0,2020.0,2020.0,False,2.0296814888301666,0.3453013618571905,2.0,1.0,1.128637303227858,1.0,,0.0,False,False,0.9,matched,,True,True,True,True,seqslam+dinov2,2025-02-28T06:27:35.975209+00:00,2024-04-13T09:16:04.278492+00:00
2063,2021.0,2021.0,2021.0,False,2.0257804632046184,0.4542387193285846,2.0,1.0,1.113390092879257,1.0,,0.0,False,False,0.9,matched,,True,True,True,True,seqslam+dinov2,2025-02-28T06:27:36.076312+00:00,2024-04-13T09:16:04.378001+00:00
2064,2022.0,2022.0,2022.0,False,2.025940285837781,0.732115364414538,2.0,0.0,1.0958164642375168,1.0,,0.0,False,False,0.9,matched,,True,True,True,True,seqslam+dinov2,2025-02-28T06:27:36.175283+00:00,2024-04-13T09:16:04.481822+00:00
2065,2023.0,2023.0,2023.0,False,2.0376071862428065,0.5119582632384145,1.0,0.0,1.0917001338688084,0.0,,0.0,False,False,0.9,matched,,True,True,True,True,seqslam+dinov2,2025-02-28T06:27:36.274392+00:00,2024-04-13T09:16:04.578779+00:00
2066,2024.0,2024.0,2024.0,False,2.024568838571026,0.2543414451108197,1.0,0.0,1.0836627140974968,1.0,,0.0,False,False,0.9,matched,,True,True,True,True,seqslam+dinov2,2025-02-28T06:27:36.376568+00:00,2024-04-13T09:16:04.678261+00:00
2067,2025.0,2025.0,2025.0,False,2.0230399821672473,0.3183687308515193,3.0,0.0,1.072072072072072,0.0,,0.0,False,False,0.9,matched,,True,True,True,True,seqslam+dinov2,2025-02-28T06:27:36.478412+00:00,2024-04-13T09:16:04.780280+00:00
2068,2026.0,2026.0,2026.0,False,2.0394371698082394,0.2875289169219004,3.0,0.0,1.0574282147315857,0.0,,0.0,False,False,0.9,matched,,True,True,True,True,seqslam+dinov2,2025-02-28T06:27:36.575858+00:00,2024-04-13T09:16:04.877590+00:00
2069,2027.0,2027.0,2027.0,False,2.029598433023595,0.2584442918145622,3.0,0.0,1.0521619766643788,0.0,,0.0,False,False,0.9,matched,,True,True,True,True,seqslam+dinov2,2025-02-28T06:27:36.674582+00:00,2024-04-13T09:16:04.977625+00:00
2070,2028.0,2028.0,2028.0,False,2.0166468441530254,0.524758082076799,3.0,0.0,1.0594989561586639,0.0,,0.0,False,False,0.9,matched,,True,True,True,True,seqslam+dinov2,2025-02-28T06:27:36.775692+00:00,2024-04-13T09:16:05.079587+00:00
2071,2029.0,2029.0,2029.0,False,2.0333512036749237,0.6510250269084066,3.0,0.0,1.0655172413793104,0.0,,0.0,False,False,0.9,matched,,True,True,True,True,seqslam+dinov2,2025-02-28T06:27:36.874631+00:00,2024-04-13T09:16:05.177518+00:00
2072,2030.0,2030.0,2030.0,False,2.060246053137566,0.6130331890629677,3.0,0.0,1.070120652945351,0.0,,0.0,False,False,0.9,matched,,True,True,True,True,seqslam+dinov2,2025-02-28T06:27:36.976109+00:00,2024-04-13T09:16:05.277896+00:00
2073,2031.0,2031.0,2031.0,False,2.1027197722379465,0.581668861734274,3.0,1.0,1.0874284876045182,0.0,,0.0,False,False,0.9,matched,,True,True,True,True,seqslam+dinov2,2025-02-28T06:27:37.075374+00:00,2024-04-13T09:16:05.380377+00:00
2074,2033.0,2032.0,2033.0,False,2.1482579688233896,0.7326150657941659,2.0,0.0,1.1156756756756758,2.0,,1.0,True,False,0.9,ambiguous_range,,True,True,True,True,seqslam+dinov2,2025-02-28T06:27:37.175006+00:00,2024-04-13T09:16:05.582146+00:00
2075,2034.0,2034.0,2034.0,False,2.178666785919825,0.8354507718618922,5.0,0.0,1.1257663889325578,0.0,,0.0,False,False,0.7,matched,,True,True,True,True,seqslam+dinov2,2025-02-28T06:27:37.276131+00:00,2024-04-13T09:16:05.682720+00:00
2076,2035.0,2035.0,2035.0,False,2.1749813347905165,0.8704984079601177,5.0,0.0,1.132696897374702,0.0,,0.0,False,False,0.7,matched,,True,True,True,True,seqslam+dinov2,2025-02-28T06:27:37.375726+00:00,2024-04-13T09:16:05.782609+00:00
2077,2036.0,2036.0,2036.0,False,2.1601726161409336,0.7594124927308357,5.0,0.0,1.1362253881863296,0.0,,0.0,False,False,0.7,matched,,True,True,True,True,seqslam+dinov2,2025-02-28T06:27:37.475327+00:00,2024-04-13T09:16:05.879942+00:00
2078,2037.0,2037.0,2037.0,False,2.1416463373060926,1.016003391532288,6.0,0.0,1.1362253881863296,0.0,,0.0,False,False,0.4,matched,,True,True,True,True,seqslam+dinov2,2025-02-28T06:27:37.575496+00:00,2024-04-13T09:16:05.980157+00:00
2079,2038.0,2038.0,2038.0,False,2.1181332852413206,0.9031810290095876,6.0,0.0,1.132696897374702,0.0,,0.0,False,False,0.4,matched,,True,True,True,True,seqslam+dinov2,2025-02-28T06:27:37.674374+00:00,2024-04-13T09:16:06.081749+00:00
2080,2039.0,2039.0,2039.0,False,2.0557718507018525,0.9384891610388344,6.0,0.0,1.1257663889325578,0.0,,0.0,False,False,0.4,matched,,True,True,True,True,seqslam+dinov2,2025-02-28T06:27:37.781082+00:00,2024-04-13T09:16:06.181107+00:00
2081,2040.0,2040.0,2041.0,False,2.0003605810420626,0.6814768211376565,6.0,0.0,1.118651964590775,2.0,,1.0,True,False,0.5,ambiguous_range,,True,True,True,True,seqslam+dinov2,2025-02-28T06:27:37.880083+00:00,2024-04-13T09:16:06.277741+00:00
2082,2042.0,2042.0,2042.0,False,1.9375039541671095,0.6045324686573068,5.0,0.0,1.117159671674152,1.0,,0.0,False,False,0.7,matched,,True,True,True,True,seqslam+dinov2,2025-02-28T06:27:37.974482+00:00,2024-04-13T09:16:06.489662+00:00
2083,2043.0,2043.0,2043.0,False,1.897454408348375,0.3666638725190181,5.0,0.0,1.1112727829682951,0.0,,0.0,False,False,0.7,matched,,True,True,True,True,seqslam+dinov2,2025-02-28T06:27:38.075461+00:00,2024-04-13T09:16:06.578000+00:00
2084,2044.0,2044.0,2044.0,False,1.8159938130116169,0.3931290314407183,5.0,0.0,1.1178521617852164,8.0,,0.0,False,False,0.7,matched,,True,True,True,True,seqslam+dinov2,2025-02-28T06:27:38.184464+00:00,2024-04-13T09:16:06.681597+00:00
2085,2045.0,2045.0,2045.0,False,1.764037592325372,0.09409510847238911,5.0,0.0,1.1212003117692908,7.0,,0.0,False,False,0.7,matched,,True,True,True,True,seqslam+dinov2,2025-02-28T06:27:38.275022+00:00,2024-04-13T09:16:06.777684+00:00
2086,2046.0,2046.0,2046.0,False,1.7270081676824218,0.060383585586695876,5.0,0.0,1.1212003117692908,8.0,,0.0,False,False,0.7,matched,,True,True,True,True,seqslam+dinov2,2025-02-28T06:27:38.377799+00:00,2024-04-13T09:16:06.884236+00:00
2087,2047.0,2047.0,2047.0,False,1.7276391014762351,0.13953831510118309,5.0,0.0,1.1178521617852164,0.0,,0.0,False,False,0.7,matched,,True,True,True,True,seqslam+dinov2,2025-02-28T06:27:38.474759+00:00,2024-04-13T09:16:06.978832+00:00
2088,2048.0,2048.0,2048.0,False,1.7417523442201317,0.21669270635886861,5.0,0.0,1.1112727829682951,0.0,,0.0,False,False,0.7,matched,,True,True,True,True,seqslam+dinov2,2025-02-28T06:27:38.578060+00:00,2024-04-13T09:16:07.079192+00:00
2089,2049.0,2049.0,2049.0,False,1.7278471471604637,0.05641948728800528,5.0,1.0,1.101685985247629,0.0,,0.0,False,False,0.7,matched,,True,True,True,True,seqslam+dinov2,2025-02-28T06:27:38.674356+00:00,2024-04-13T09:16:07.177398+00:00
2090,2051.0,2050.0,2051.0,False,1.7448941029696257,0.4484681737663223,4.0,1.0,1.0894039735099337,0.0,,1.0,True,False,0.7,ambiguous_range,,True,True,True,True,seqslam+dinov2,2025-02-28T06:27:38.776816+00:00,2024-04-13T09:16:07.377805+00:00
2091,2052.0,2052.0,2052.0,False,1.7920437200495896,0.37410912855638445,4.0,1.0,1.101685985247629,0.0,,0.0,False,False,0.7,matched,,True,True,True,True,seqslam+dinov2,2025-02-28T06:27:38.875297+00:00,2024-04-13T09:16:07.479393+00:00
2092,2053.0,2053.0,2053.0,False,1.8118563151519635,0.440434114263178,4.0,0.0,1.1112727829682951,0.0,,0.0,False,False,0.7,matched,,True,True,True,True,seqslam+dinov2,2025-02-28T06:27:38.978212+00:00,2024-04-13T09:16:07.580982+00:00
2093,2054.0,2054.0,2054.0,False,1.8502682381731814,0.30909490039868803,4.0,0.0,1.1178521617852164,0.0,,0.0,False,False,0.7,matched,,True,True,True,True,seqslam+dinov2,2025-02-28T06:27:39.079190+00:00,2024-04-13T09:16:07.677737+00:00
2094,2055.0,2055.0,2055.0,False,1.866917138397296,0.2095113873850778,4.0,0.0,1.1212003117692908,1.0,,0.0,False,False,0.7,matched,,True,True,True,True,seqslam+dinov2,2025-02-28T06:27:39.178880+00:00,2024-04-13T09:16:07.785718+00:00
2095,2056.0,2056.0,2056.0,False,1.9053214323436158,0.6253275141353196,4.0,0.0,1.1212003117692908,0.0,,0.0,False,False,0.7,matched,,True,True,True,True,seqslam+dinov2,2025-02-28T06:27:39.276129+00:00,2024-04-13T09:16:07.882066+00:00
2096,2057.0,2057.0,2057.0,False,1.9202326178438263,0.4248496605954357,4.0,0.0,1.1178521617852164,0.0,,0.0,False,False,0.7,matched,,True,True,True,True,seqslam+dinov2,2025-02-28T06:27:39.378682+00:00,2024-04-13T09:16:07.982126+00:00
2097,2058.0,2058.0,2058.0,False,1.9293249804582233,0.34668826857332147,4.0,0.0,1.1112727829682951,1.0,,0.0,False,False,0.7,matched,,True,True,True,True,seqslam+dinov2,2025-02-28T06:27:39.477524+00:00,2024-04-13T09:16:08.085111+00:00
2098,2059.0,2059.0,2059.0,False,1.9154103339172492,0.5085944740716806,4.0,0.0,1.101685985247629,0.0,,0.0,False,False,0.7,matched,,True,True,True,True,seqslam+dinov2,2025-02-28T06:27:39.575751+00:00,2024-04-13T09:16:08.177620+00:00
2099,2061.0,2060.0,2061.0,False,1.8905124711550343,0.402002036277991,4.0,1.0,1.0748031496062993,0.0,,1.0,True,False,0.7,ambiguous_range,,True,True,True,True,seqslam+dinov2,2025-02-28T06:27:39.678856+00:00,2024-04-13T09:16:08.380213+00:00
2100,2062.0,2062.0,2062.0,False,1.8917218985296322,0.31884730871382505,4.0,1.0,1.0732334047109207,0.0,,0.0,False,False,0.7,matched,,True,True,True,True,seqslam+dinov2,2025-02-28T06:27:39.775095+00:00,2024-04-13T09:16:08.481993+00:00
2101,2063.0,2063.0,2063.0,False,1.8839597272717041,0.33451886700803213,5.0,1.0,1.0701206529453513,0.0,,0.0,False,False,0.7,matched,,True,True,True,True,seqslam+dinov2,2025-02-28T06:27:39.876089+00:00,2024-04-13T09:16:08.579535+00:00
2102,2064.0,2064.0,2064.0,False,1.8809106289142117,0.14213214374836025,6.0,1.0,1.0655172413793104,7.0,,0.0,False,False,0.4,matched,,True,True,True,True,seqslam+dinov2,2025-02-28T06:27:39.976247+00:00,2024-04-13T09:16:08.678667+00:00
2103,2065.0,2065.0,2065.0,False,1.9004571592056643,0.1490242720926922,6.0,1.0,1.0738807037619795,7.0,,0.0,False,False,0.4,matched,,True,True,True,True,seqslam+dinov2,2025-02-28T06:27:40.076048+00:00,2024-04-13T09:16:08.777757+00:00
2104,2066.0,2066.0,2066.0,False,1.9241971124165367,0.37445049261891405,6.0,0.0,1.079609544468547,4.0,,0.0,False,False,0.4,matched,,True,True,True,True,seqslam+dinov2,2025-02-28T06:27:40.176395+00:00,2024-04-13T09:16:08.879976+00:00
2105,2067.0,2067.0,2067.0,False,1.9441671217226015,0.3300544091599169,6.0,0.0,1.0825214483059475,3.0,,0.0,False,False,0.4,matched,,True,True,True,True,seqslam+dinov2,2025-02-28T06:27:40.280728+00:00,2024-04-13T09:16:08.979455+00:00
2106,2068.0,2068.0,2068.0,False,1.9615907378380852,0.27834618235613573,6.0,0.0,1.0825214483059475,6.0,,0.0,False,False,0.4,matched,,True,True,True,True,seqslam+dinov2,2025-02-28T06:27:40.375010+00:00,2024-04-13T09:16:09.077702+00:00
2107,2069.0,2069.0,2069.0,False,1.9884105720048821,0.45772731492475205,6.0,0.0,1.079609544468547,0.0,,0.0,False,False,0.4,matched,,True,True,True,True,seqslam+dinov2,2025-02-28T06:27:40.474877+00:00,2024-04-13T09:16:09.183341+00:00
2108,2070.0,2070.0,2070.0,False,2.0281806982231902,0.5311505879089597,6.0,0.0,1.0738807037619795,6.0,,0.0,False,False,0.4,matched,,True,True,True,True,seqslam+dinov2,2025-02-28T06:27:40.574515+00:00,2024-04-13T09:16:09.278053+00:00
2109,2071.0,2071.0,2071.0,False,2.086481609503312,0.8768545498789813,6.0,0.0,1.0655172413793104,0.0,,0.0,False,False,0.4,matched,,True,True,True,True,seqslam+dinov2,2025-02-28T06:27:40.674191+00:00,2024-04-13T09:16:09.378475+00:00
2110,2072.0,2072.0,2072.0,False,2.1534685985981934,0.8643945509189142,7.0,0.0,1.070120652945351,1.0,,0.0,False,False,0.4,matched,,True,True,True,True,seqslam+dinov2,2025-02-28T06:27:40.775368+00:00,2024-04-13T09:16:09.479575+00:00
2111,2073.0,2073.0,2073.0,False,2.2166179382694424,0.9036845453272755,6.0,1.0,1.0732334047109207,0.0,,0.0,False,False,0.4,matched,,True,True,True,True,seqslam+dinov2,2025-02-28T06:27:40.876134+00:00,2024-04-13T09:16:09.580029+00:00
2112,2075.0,2074.0,2075.0,False,2.2566693446579866,0.733942347506471,6.0,1.0,1.0748031496062993,0.0,,1.0,True,False,0.5,ambiguous_range,,True,True,True,True,seqslam+dinov2,2025-02-28T06:27:40.976026+00:00,2024-04-13T09:16:09.778388+00:00
2113,2076.0,2076.0,2076.0,False,2.291860112811184,1.008424909386773,6.0,1.0,1.0732334047109207,0.0,,0.0,False,False,0.4,matched,,True,True,True,True,seqslam+dinov2,2025-02-28T06:27:41.075057+00:00,2024-04-13T09:16:09.881219+00:00
2114,2077.0,2077.0,2077.0,False,2.294411526574338,1.0052904707893182,6.0,0.0,1.0701206529453513,0.0,,0.0,False,False,0.4,matched,,True,True,True,True,seqslam+dinov2,2025-02-28T06:27:41.174437+00:00,2024-04-13T09:16:09.981220+00:00
2115,2078.0,2078.0,2078.0,False,2.312033416362261,1.1090341705310172,6.0,0.0,1.0655172413793104,0.0,,0.0,False,False,0.4,matched,,True,True,True,True,seqslam+dinov2,2025-02-28T06:27:41.275621+00:00,2024-04-13T09:16:10.078285+00:00
2116,2079.0,2079.0,2079.0,False,2.3498533309197716,0.8518538629077921,6.0,0.0,1.0594989561586639,0.0,,0.0,False,False,0.4,matched,,True,True,True,True,seqslam+dinov2,2025-02-28T06:27:41.375663+00:00,2024-04-13T09:16:10.177623+00:00
2117,2080.0,2080.0,2080.0,False,2.3662214114909705,0.8546592642429329,6.0,0.0,1.0521619766643788,0.0,,0.0,False,False,0.4,matched,,True,True,True,True,seqslam+dinov2,2025-02-28T06:27:41.478636+00:00,2024-04-13T09:16:10.282764+00:00
2118,2081.0,2081.0,2081.0,False,2.358758448712382,0.9637806088202345,6.0,0.0,1.0574282147315857,0.0,,0.0,False,False,0.4,matched,,True,True,True,True,seqslam+dinov2,2025-02-28T06:27:41.575653+00:00,2024-04-13T09:16:10.379197+00:00
2119,2082.0,2082.0,2082.0,False,2.3284667367322687,0.1692424880720309,6.0,0.0,1.0601031934179335,0.0,,0.0,False,False,0.4,matched,,True,True,True,True,seqslam+dinov2,2025-02-28T06:27:41.674375+00:00,2024-04-13T09:16:10.477561+00:00
2120,2083.0,2083.0,2083.0,False,2.275051446981849,0.8916046836988414,6.0,0.0,1.0601031934179335,0.0,,0.0,False,False,0.4,matched,,True,True,True,True,seqslam+dinov2,2025-02-28T06:27:41.779342+00:00,2024-04-13T09:16:10.578989+00:00
2121,2084.0,2084.0,2084.0,False,2.222009246566841,1.0390343733227134,6.0,0.0,1.0574282147315857,0.0,,0.0,False,False,0.4,matched,,True,True,True,True,seqslam+dinov2,2025-02-28T06:27:41.875377+00:00,2024-04-13T09:16:10.679192+00:00
2122,2085.0,2085.0,2085.0,False,2.153095749994943,1.0011909444834939,6.0,0.0,1.0521619766643788,0.0,,0.0,False,False,0.4,matched,,True,True,True,True,seqslam+dinov2,2025-02-28T06:27:41.978551+00:00,2024-04-13T09:16:10.777907+00:00
2123,2086.0,2086.0,2086.0,False,2.096252123018862,0.7620359247462516,6.0,1.0,1.0594989561586639,0.0,,0.0,False,False,0.4,matched,,True,True,True,True,seqslam+dinov2,2025-02-28T06:27:42.074541+00:00,2024-04-13T09:16:10.880041+00:00
2124,2087.0,2087.0,2087.0,False,2.0379547045126287,0.716183424140959,5.0,1.0,1.0655172413793104,0.0,,0.0,False,False,0.7,matched,,True,True,True,True,seqslam+dinov2,2025-02-28T06:27:42.175081+00:00,2024-04-13T09:16:10.978742+00:00
2125,2088.0,2088.0,2088.0,False,2.022695111076438,0.500182487049533,5.0,1.0,1.070120652945351,1.0,,0.0,False,False,0.7,matched,,True,True,True,True,seqslam+dinov2,2025-02-28T06:27:42.274496+00:00,2024-04-13T09:16:11.081309+00:00
2126,2089.0,2089.0,2089.0,False,1.9789854585022255,0.40742878563916074,5.0,1.0,1.0732334047109207,0.0,,0.0,False,False,0.7,matched,,True,True,True,True,seqslam+dinov2,2025-02-28T06:27:42.374675+00:00,2024-04-13T09:16:11.182886+00:00
2127,2090.0,2090.0,2091.0,False,1.9031933152637968,0.3555462558929181,4.0,0.0,1.0748031496062993,1.0,,1.0,True,False,0.7,ambiguous_range,,True,True,True,True,seqslam+dinov2,2025-02-28T06:27:42.474276+00:00,2024-04-13T09:16:11.281897+00:00
2128,2092.0,2092.0,2092.0,False,1.833927032331863,0.27773019349683215,4.0,0.0,1.0732334047109207,0.0,,0.0,False,False,0.7,matched,,True,True,True,True,seqslam+dinov2,2025-02-28T06:27:42.575564+00:00,2024-04-13T09:16:11.477662+00:00
2129,2093.0,2093.0,2093.0,False,1.7652906599049785,0.1340538002040852,4.0,0.0,1.0701206529453513,0.0,,0.0,False,False,0.7,matched,,True,True,True,True,seqslam+dinov2,2025-02-28T06:27:42.674554+00:00,2024-04-13T09:16:11.578307+00:00
2130,2094.0,2094.0,2094.0,False,1.7275496159164483,0.6124616458791676,4.0,0.0,1.0655172413793104,0.0,,0.0,False,False,0.7,matched,,True,True,True,True,seqslam+dinov2,2025-02-28T06:27:42.774561+00:00,2024-04-13T09:16:11.678290+00:00
2131,2095.0,2095.0,2095.0,False,1.6714721327201651,0.40641160395827547,4.0,0.0,1.0594989561586639,0.0,,0.0,False,False,0.7,matched,,True,True,True,True,seqslam+dinov2,2025-02-28T06:27:42.874295+00:00,2024-04-13T09:16:11.778689+00:00
2132,2096.0,2096.0,2096.0,False,1.618567272728705,0.3329687046657157,4.0,0.0,1.0521619766643788,0.0,,0.0,False,False,0.7,matched,,True,True,True,True,seqslam+dinov2,2025-02-28T06:27:42.976503+00:00,2024-04-13T09:16:11.879162+00:00
2133,2097.0,2097.0,2097.0,False,1.6098242967564396,0.28119567369194476,4.0,0.0,1.0436191762322753,0.0,,0.0,False,False,0.7,matched,,True,True,True,True,seqslam+dinov2,2025-02-28T06:27:43.074475+00:00,2024-04-13T09:16:11.977760+00:00
2134,2098.0,2098.0,2098.0,False,1.581012252111767,0.2022754101901425,4.0,0.0,1.033996023856859,0.0,,0.0,False,False,0.7,matched,,True,True,True,True,seqslam+dinov2,2025-02-28T06:27:43.178567+00:00,2024-04-13T09:16:12.081257+00:00
2135,2099.0,2099.0,2099.0,False,1.5630381929351516,0.2414375070651973,4.0,0.0,1.0234263465282283,0.0,,0.0,False,False,0.7,matched,,True,True,True,True,seqslam+dinov2,2025-02-28T06:27:43.279413+00:00,2024-04-13T09:16:12.180804+00:00
2136,2100.0,2100.0,2100.0,False,1.518551966709758,-0.1700287930433566,4.0,0.0,1.0120481927710845,1019.0,,0.0,False,False,0.7,matched,,True,True,True,True,seqslam+dinov2,2025-02-28T06:27:43.375329+00:00,2024-04-13T09:16:12.278780+00:00
2137,2101.0,2101.0,2101.0,False,1.4608469339237085,-0.1700929121644228,4.0,0.0,1.0,1020.0,,0.0,False,False,0.7,matched,,True,True,True,True,seqslam+dinov2,2025-02-28T06:27:43.474467+00:00,2024-04-13T09:16:12.382026+00:00
2138,2102.0,2102.0,2102.0,False,1.4304571130386066,-0.061500395177285894,4.0,0.0,1.0,1021.0,,0.0,False,False,0.7,matched,,True,True,True,True,seqslam+dinov2,2025-02-28T06:27:43.578946+00:00,2024-04-13T09:16:12.482555+00:00
2139,2103.0,2103.0,2103.0,False,1.3966983412980343,-0.08782161848688541,4.0,0.0,1.0,6.0,,0.0,False,False,0.7,matched,,True,True,True,True,seqslam+dinov2,2025-02-28T06:27:43.676430+00:00,2024-04-13T09:16:12.580355+00:00
2140,2104.0,2104.0,2104.0,False,1.3996471530004386,-0.07650199737073593,4.0,0.0,1.0,2068.0,,0.0,False,False,0.7,matched,,True,True,True,True,seqslam+dinov2,2025-02-28T06:27:43.775368+00:00,2024-04-13T09:16:12.678207+00:00
2141,2105.0,2105.0,2105.0,False,1.3866231206314799,-0.0964685932073539,4.0,0.0,1.0,4.0,,0.0,False,False,0.7,matched,,True,True,True,True,seqslam+dinov2,2025-02-28T06:27:43.875609+00:00,2024-04-13T09:16:12.782254+00:00
2142,2106.0,2106.0,2106.0,False,1.4005063269266727,-0.14279277918954936,4.0,0.0,1.0,4.0,,0.0,False,False,0.7,matched,,True,True,True,True,seqslam+dinov2,2025-02-28T06:27:43.979704+00:00,2024-04-13T09:16:12.880903+00:00
2143,2107.0,2107.0,2107.0,False,1.4086751039999965,-0.13397271643391928,4.0,0.0,1.0,1168.0,,0.0,False,False,0.7,matched,,True,True,True,True,seqslam+dinov2,2025-02-28T06:27:44.075047+00:00,2024-04-13T09:16:12.977867+00:00
2144,2108.0,2108.0,2108.0,False,1.3926094521183192,-0.3420039026116428,4.0,0.0,1.0,1221.0,,0.0,False,False,0.7,matched,,True,True,True,True,seqslam+dinov2,2025-02-28T06:27:44.175297+00:00,2024-04-13T09:16:13.079748+00:00
2145,2109.0,2109.0,2109.0,False,1.3983092586822332,0.08094371700984881,4.0,0.0,1.0,0.0,,0.0,False,False,0.7,matched,,True,True,True,True,seqslam+dinov2,2025-02-28T06:27:44.278364+00:00,2024-04-13T09:16:13.178892+00:00
2146,2110.0,2110.0,2110.0,False,1.3763061288799916,-0.003790126377765546,4.0,0.0,1.0,1.0,,0.0,False,False,0.7,matched,,True,True,True,True,seqslam+dinov2,2025-02-28T06:27:44.375011+00:00,2024-04-13T09:16:13.277568+00:00
2147,2111.0,2111.0,2111.0,False,1.3671414256052936,-0.5345365519412648,4.0,0.0,1.0,2075.0,,0.0,False,False,0.7,matched,,True,True,True,True,seqslam+dinov2,2025-02-28T06:27:44.478549+00:00,2024-04-13T09:16:13.380228+00:00
2148,2112.0,2112.0,2112.0,False,1.3637278791638214,-0.22168721189922946,4.0,0.0,1.0,2076.0,,0.0,False,False,0.7,matched,,True,True,True,True,seqslam+dinov2,2025-02-28T06:27:44.576087+00:00,2024-04-13T09:16:13.479355+00:00
2149,2113.0,2113.0,2113.0,False,1.326187815306886,-0.2825310541266024,4.0,0.0,1.0,2077.0,,0.0,False,False,0.7,matched,,True,True,True,True,seqslam+dinov2,2025-02-28T06:27:44.674433+00:00,2024-04-13T09:16:13.582238+00:00
2150,2114.0,2114.0,2114.0,False,1.3171942880672323,-0.49305588442711956,4.0,0.0,1.0,2078.0,,0.0,False,False,0.7,matched,,True,True,True,True,seqslam+dinov2,2025-02-28T06:27:44.774892+00:00,2024-04-13T09:16:13.677982+00:00
2151,2115.0,2115.0,2115.0,False,1.283043187412855,-0.43714007341435446,4.0,0.0,1.0,2079.0,,0.0,False,False,0.7,matched,,True,True,True,True,seqslam+dinov2,2025-02-28T06:27:44.878440+00:00,2024-04-13T09:16:13.782935+00:00
2152,2116.0,2116.0,2116.0,False,1.253523049792917,-0.20961812413390368,4.0,0.0,1.0,1229.0,,0.0,False,False,0.7,matched,,True,True,True,True,seqslam+dinov2,2025-02-28T06:27:44.984731+00:00,2024-04-13T09:16:13.881771+00:00
2153,2117.0,2117.0,2117.0,False,1.2230565646504006,-0.13190185957488243,4.0,0.0,1.0,8.0,,0.0,False,False,0.7,matched,,True,True,True,True,seqslam+dinov2,2025-02-28T06:27:45.074491+00:00,2024-04-13T09:16:13.984045+00:00
2154,2118.0,2118.0,2118.0,False,1.1851724842418396,-0.38081674055898285,5.0,0.0,1.0,7.0,,0.0,False,False,0.7,matched,,True,True,True,True,seqslam+dinov2,2025-02-28T06:27:45.174507+00:00,2024-04-13T09:16:14.083595+00:00
2155,2119.0,2119.0,2119.0,False,1.1605566310245974,-0.43263479204619926,5.0,0.0,1.0,2083.0,,0.0,False,False,0.7,matched,,True,True,True,True,seqslam+dinov2,2025-02-28T06:27:45.276073+00:00,2024-04-13T09:16:14.179589+00:00
2156,2120.0,2120.0,2120.0,False,1.1885466058849063,-0.2477228934320561,5.0,0.0,1.0,49.0,,0.0,False,False,0.7,matched,,True,True,True,True,seqslam+dinov2,2025-02-28T06:27:45.375844+00:00,2024-04-13T09:16:14.285597+00:00
2157,2121.0,2121.0,2121.0,False,1.2250360811234617,-0.30253602960629644,5.0,0.0,1.0,50.0,,0.0,False,False,0.7,matched,,True,True,True,True,seqslam+dinov2,2025-02-28T06:27:45.475812+00:00,2024-04-13T09:16:14.379128+00:00
2158,2122.0,2122.0,2122.0,False,1.2469619135702148,-0.6452294490454864,5.0,0.0,1.0,2005.0,,0.0,False,False,0.7,matched,,True,True,True,True,seqslam+dinov2,2025-02-28T06:27:45.577188+00:00,2024-04-13T09:16:14.482126+00:00
2159,2123.0,2123.0,2123.0,False,1.2563769472138633,-0.8068339778713579,5.0,0.0,1.0,47.0,,0.0,False,False,0.7,matched,,True,True,True,True,seqslam+dinov2,2025-02-28T06:27:45.674594+00:00,2024-04-13T09:16:14.579352+00:00
2160,2124.0,2124.0,2124.0,False,1.3039588845062944,-0.6408762711327269,5.0,0.0,1.0,46.0,,0.0,False,False,0.7,matched,,True,True,True,True,seqslam+dinov2,2025-02-28T06:27:45.780459+00:00,2024-04-13T09:16:14.688859+00:00
2161,2125.0,2125.0,2125.0,False,1.350707313123577,0.3123398558492616,5.0,0.0,1.0,0.0,,0.0,False,False,0.7,matched,,True,True,True,True,seqslam+dinov2,2025-02-28T06:27:45.875420+00:00,2024-04-13T09:16:14.778497+00:00
2162,2126.0,2126.0,2126.0,False,1.4340735564392,0.021245803979330402,5.0,0.0,1.0,1.0,,0.0,False,False,0.7,matched,,True,True,True,True,seqslam+dinov2,2025-02-28T06:27:45.979120+00:00,2024-04-13T09:16:14.882368+00:00
2163,2127.0,2127.0,2127.0,False,1.503057215873929,-0.07196926697084782,5.0,0.0,1.0,1.0,,0.0,False,False,0.7,matched,,True,True,True,True,seqslam+dinov2,2025-02-28T06:27:46.075382+00:00,2024-04-13T09:16:14.979357+00:00
2164,2128.0,2128.0,2128.0,False,1.5685404686373823,-0.24971611149455697,5.0,0.0,1.0,2092.0,,0.0,False,False,0.7,matched,,True,True,True,True,seqslam+dinov2,2025-02-28T06:27:46.174277+00:00,2024-04-13T09:16:15.077811+00:00
2165,2129.0,2129.0,2129.0,False,1.662070581815094,-0.3344649741099124,5.0,0.0,1.0,42.0,,0.0,False,False,0.7,matched,,True,True,True,True,seqslam+dinov2,2025-02-28T06:27:46.274268+00:00,2024-04-13T09:16:15.179976+00:00
2166,2130.0,2130.0,2130.0,False,1.7300911222069522,0.06562756652893387,5.0,0.0,1.0,0.0,,0.0,False,False,0.7,matched,,True,True,True,True,seqslam+dinov2,2025-02-28T06:27:46.375378+00:00,2024-04-13T09:16:15.279068+00:00
2167,2131.0,2131.0,2131.0,False,1.7483987060754231,0.4212392374045266,5.0,0.0,1.0,0.0,,0.0,False,False,0.7,matched,,True,True,True,True,seqslam+dinov2,2025-02-28T06:27:46.475752+00:00,2024-04-13T09:16:15.377413+00:00
2168,2132.0,2132.0,2132.0,False,1.7613698842573675,0.006314194613350477,4.0,0.0,1.0,0.0,,0.0,False,False,0.7,matched,,True,True,True,True,seqslam+dinov2,2025-02-28T06:27:46.575988+00:00,2024-04-13T09:16:15.480133+00:00
2169,2133.0,2133.0,2133.0,False,1.7693646516864256,-0.008123821869795878,4.0,0.0,1.0,1701.0,,0.0,False,False,0.7,matched,,True,True,True,True,seqslam+dinov2,2025-02-28T06:27:46.675266+00:00,2024-04-13T09:16:15.579336+00:00
2170,2134.0,2134.0,2134.0,False,1.7876813969062413,0.5077670747923393,4.0,0.0,1.0,0.0,,0.0,False,False,0.7,matched,,True,True,True,True,seqslam+dinov2,2025-02-28T06:27:46.777243+00:00,2024-04-13T09:16:15.681597+00:00
2171,2135.0,2135.0,2135.0,False,1.8389726381392706,0.43865403302277595,4.0,0.0,1.0,0.0,,0.0,False,False,0.7,matched,,True,True,True,True,seqslam+dinov2,2025-02-28T06:27:46.875288+00:00,2024-04-13T09:16:15.777605+00:00
2172,2136.0,2136.0,2136.0,False,1.8445624776881382,0.42020863908728656,4.0,0.0,1.0,0.0,,0.0,False,False,0.7,matched,,True,True,True,True,seqslam+dinov2,2025-02-28T06:27:46.975605+00:00,2024-04-13T09:16:15.881129+00:00
2173,2137.0,2137.0,2137.0,False,1.798316919242646,0.1853792320282468,4.0,0.0,1.0,1.0,,0.0,False,False,0.7,matched,,True,True,True,True,seqslam+dinov2,2025-02-28T06:27:47.074383+00:00,2024-04-13T09:16:15.983635+00:00
2174,2138.0,2138.0,2138.0,False,1.774788663706259,0.0810238168584787,4.0,0.0,1.0,1.0,,0.0,False,False,0.7,matched,,True,True,True,True,seqslam+dinov2,2025-02-28T06:27:47.174551+00:00,2024-04-13T09:16:16.080312+00:00
2175,2139.0,2139.0,2139.0,False,1.765642022768732,0.04401623382948916,4.0,0.0,1.0,1.0,,0.0,False,False,0.7,matched,,True,True,True,True,seqslam+dinov2,2025-02-28T06:27:47.275806+00:00,2024-04-13T09:16:16.178550+00:00
2176,2140.0,2140.0,2140.0,False,1.7301665684193586,0.5375739759870675,4.0,0.0,1.0,0.0,,0.0,False,False,0.7,matched,,True,True,True,True,seqslam+dinov2,2025-02-28T06:27:47.375845+00:00,2024-04-13T09:16:16.281888+00:00
2177,2141.0,2141.0,2141.0,False,1.7036673533757118,0.0929078774348846,4.0,0.0,1.0,0.0,,0.0,False,False,0.7,matched,,True,True,True,True,seqslam+dinov2,2025-02-28T06:27:47.475344+00:00,2024-04-13T09:16:16.381206+00:00
2178,2142.0,2142.0,2142.0,False,1.6590192725786215,0.05882343220663899,4.0,0.0,1.0,0.0,,0.0,False,False,0.7,matched,,True,True,True,True,seqslam+dinov2,2025-02-28T06:27:47.578556+00:00,2024-04-13T09:16:16.477663+00:00
2179,2143.0,2143.0,2143.0,False,1.6187611939749642,0.21748489357498402,4.0,0.0,1.0,0.0,,0.0,False,False,0.7,matched,,True,True,True,True,seqslam+dinov2,2025-02-28T06:27:47.674746+00:00,2024-04-13T09:16:16.584766+00:00
2180,2144.0,2144.0,2144.0,False,1.5673209259384355,0.09967019856313675,4.0,0.0,1.0,0.0,,0.0,False,False,0.7,matched,,True,True,True,True,seqslam+dinov2,2025-02-28T06:27:47.774501+00:00,2024-04-13T09:16:16.680765+00:00
2181,2145.0,2145.0,2145.0,False,1.5441514710598987,0.18941177742644744,4.0,0.0,1.0,1.0,,0.0,False,False,0.7,matched,,True,True,True,True,seqslam+dinov2,2025-02-28T06:27:47.874304+00:00,2024-04-13T09:16:16.777755+00:00
2182,2146.0,2146.0,2146.0,False,1.4696711746417768,0.13453952960532067,4.0,4.0,1.0,0.0,,0.0,False,False,0.7,matched,,True,True,True,True,seqslam+dinov2,2025-02-28T06:27:47.977264+00:00,2024-04-13T09:16:16.880130+00:00
2183,2147.0,2147.0,2147.0,False,1.4236314816838074,-0.11366892171796028,4.0,4.0,1.0,1712.0,,0.0,False,False,0.7,matched,,True,True,True,True,seqslam+dinov2,2025-02-28T06:27:48.076622+00:00,2024-04-13T09:16:16.978129+00:00
2184,2148.0,2148.0,2148.0,False,1.3917633908795437,-0.30948938906330503,4.0,4.0,1.0,1286.0,,0.0,False,False,0.7,matched,,True,True,True,True,seqslam+dinov2,2025-02-28T06:27:48.177720+00:00,2024-04-13T09:16:17.078309+00:00
2185,2149.0,2149.0,2149.0,False,1.3336727820713856,-0.48241628666669434,4.0,4.0,1.0,4.0,,0.0,False,False,0.7,matched,,True,True,True,True,seqslam+dinov2,2025-02-28T06:27:48.276564+00:00,2024-04-13T09:16:17.178242+00:00
2186,2150.0,2150.0,2150.0,False,1.3176098983896507,-0.1848673661252762,4.0,4.0,1.0,3.0,,0.0,False,False,0.7,matched,,True,True,True,True,seqslam+dinov2,2025-02-28T06:27:48.375307+00:00,2024-04-13T09:16:17.278163+00:00
2187,2151.0,2151.0,2151.0,False,1.2699381350915744,-0.3320059113571803,4.0,4.0,1.0120481927710845,4.0,,0.0,False,False,0.7,matched,,True,True,True,True,seqslam+dinov2,2025-02-28T06:27:48.475473+00:00,2024-04-13T09:16:17.378170+00:00
2188,2152.0,2152.0,2152.0,False,1.2463660664546383,-0.3688467130763833,4.0,4.0,1.0234263465282283,6.0,,0.0,False,False,0.7,matched,,True,True,True,True,seqslam+dinov2,2025-02-28T06:27:48.575459+00:00,2024-04-13T09:16:17.478573+00:00
2189,2153.0,2153.0,2153.0,False,1.2355167145801773,-0.17707550352877455,4.0,4.0,1.033996023856859,5.0,,0.0,False,False,0.7,matched,,True,True,True,True,seqslam+dinov2,2025-02-28T06:27:48.677564+00:00,2024-04-13T09:16:17.583360+00:00
2190,2154.0,2154.0,2154.0,False,1.225537926879232,-0.460992586763155,4.0,4.0,1.0436191762322755,4.0,,0.0,False,False,0.7,matched,,True,True,True,True,seqslam+dinov2,2025-02-28T06:27:48.774119+00:00,2024-04-13T09:16:17.679157+00:00
2191,2155.0,2155.0,2155.0,False,1.26999004635713,-0.030682426511321914,4.0,4.0,1.0521619766643788,1268.0,,0.0,False,False,0.7,matched,,True,True,True,True,seqslam+dinov2,2025-02-28T06:27:48.881215+00:00,2024-04-13T09:16:17.780933+00:00
2192,2156.0,2156.0,2156.0,False,1.2933031407795246,-0.36933078750982484,4.0,3.0,1.0594989561586639,1269.0,,0.0,False,False,0.7,matched,,True,True,True,True,seqslam+dinov2,2025-02-28T06:27:48.977349+00:00,2024-04-13T09:16:17.879032+00:00
2193,2157.0,2157.0,2157.0,False,1.3172070986413857,-0.05465485866984077,4.0,3.0,1.0655172413793104,5.0,,0.0,False,False,0.7,matched,,True,True,True,True,seqslam+dinov2,2025-02-28T06:27:49.074440+00:00,2024-04-13T09:16:17.981961+00:00
2194,2158.0,2158.0,2158.0,False,1.33011732189922,-0.190134054047973,4.0,3.0,1.070120652945351,4.0,,0.0,False,False,0.7,matched,,True,True,True,True,seqslam+dinov2,2025-02-28T06:27:49.174613+00:00,2024-04-13T09:16:18.081936+00:00
2195,2159.0,2159.0,2159.0,False,1.3741360833914924,-0.2000160926575658,4.0,3.0,1.0732334047109207,3.0,,0.0,False,False,0.7,matched,,True,True,True,True,seqslam+dinov2,2025-02-28T06:27:49.274238+00:00,2024-04-13T09:16:18.181870+00:00
2196,2161.0,2160.0,2161.0,False,1.4467850621683915,-0.07809752397169856,3.0,3.0,1.0748031496062993,2.0,,1.0,True,False,0.7,ambiguous_range,,True,True,True,True,seqslam+dinov2,2025-02-28T06:27:49.382846+00:00,2024-04-13T09:16:18.380427+00:00
2197,2162.0,2162.0,2162.0,False,1.4963460842143967,-0.1225390355651701,3.0,3.0,1.0732334047109207,1302.0,,0.0,False,False,0.7,matched,,True,True,True,True,seqslam+dinov2,2025-02-28T06:27:49.479045+00:00,2024-04-13T09:16:18.478004+00:00
2198,2163.0,2163.0,2163.0,False,1.5726152717787434,-0.11731550823433623,3.0,3.0,1.0701206529453513,3.0,,0.0,False,False,0.9,matched,,True,True,True,True,seqslam+dinov2,2025-02-28T06:27:49.578714+00:00,2024-04-13T09:16:18.587728+00:00
2199,2164.0,2164.0,2164.0,False,1.6051268827889105,-0.2210907551418535,3.0,2.0,1.0655172413793104,3.0,,0.0,False,False,0.9,matched,,True,True,True,True,seqslam+dinov2,2025-02-28T06:27:49.678391+00:00,2024-04-13T09:16:18.678662+00:00
2200,2165.0,2165.0,2165.0,False,1.651866313459267,0.18709815429399712,3.0,1.0,1.0594989561586639,2.0,,0.0,False,False,0.9,matched,,True,True,True,True,seqslam+dinov2,2025-02-28T06:27:49.781059+00:00,2024-04-13T09:16:18.778445+00:00
2201,2166.0,2166.0,2166.0,False,1.7052340366679446,0.2781064062884808,3.0,0.0,1.0521619766643788,1.0,,0.0,False,False,0.9,matched,,True,True,True,True,seqslam+dinov2,2025-02-28T06:27:49.881061+00:00,2024-04-13T09:16:18.884129+00:00
2202,2167.0,2167.0,2167.0,False,1.7281633817838857,0.4246789796067847,3.0,0.0,1.0436191762322753,0.0,,0.0,False,False,0.9,matched,,True,True,True,True,seqslam+dinov2,2025-02-28T06:27:49.975210+00:00,2024-04-13T09:16:18.978717+00:00
2203,2168.0,2168.0,2168.0,False,1.7553691989945532,0.57501474072544,3.0,0.0,1.033996023856859,0.0,,0.0,False,False,0.9,matched,,True,True,True,True,seqslam+dinov2,2025-02-28T06:27:50.074800+00:00,2024-04-13T09:16:19.077801+00:00
2204,2169.0,2169.0,2169.0,False,1.80700279782357,-0.011565795022126624,3.0,0.0,1.0234263465282283,1.0,,0.0,False,False,0.9,matched,,True,True,True,True,seqslam+dinov2,2025-02-28T06:27:50.174379+00:00,2024-04-13T09:16:19.185104+00:00
2205,2170.0,2170.0,2170.0,False,1.8654485127564675,0.4036900722392791,3.0,0.0,1.0120481927710845,1.0,,0.0,False,False,0.9,matched,,True,True,True,True,seqslam+dinov2,2025-02-28T06:27:50.274289+00:00,2024-04-13T09:16:19.278658+00:00
2206,2171.0,2171.0,2171.0,False,1.8946273667764262,0.313981647393323,3.0,0.0,1.0,0.0,,0.0,False,False,0.9,matched,,True,True,True,True,seqslam+dinov2,2025-02-28T06:27:50.380169+00:00,2024-04-13T09:16:19.377960+00:00
2207,2172.0,2172.0,2172.0,False,1.8841101326209684,0.3807252143285025,3.0,0.0,1.0,0.0,,0.0,False,False,0.9,matched,,True,True,True,True,seqslam+dinov2,2025-02-28T06:27:50.475348+00:00,2024-04-13T09:16:19.477438+00:00
2208,2173.0,2173.0,2173.0,False,1.86822108988982,0.4540416716090043,3.0,0.0,1.0,0.0,,0.0,False,False,0.9,matched,,True,True,True,True,seqslam+dinov2,2025-02-28T06:27:50.574332+00:00,2024-04-13T09:16:19.580817+00:00
2209,2174.0,2174.0,2174.0,False,1.8506344593634632,0.6528218214626553,3.0,0.0,1.0,0.0,,0.0,False,False,0.9,matched,,True,True,True,True,seqslam+dinov2,2025-02-28T06:27:50.674763+00:00,2024-04-13T09:16:19.684177+00:00
2210,2175.0,2175.0,2175.0,False,1.8336771202950088,0.36063758571188775,3.0,0.0,1.0,0.0,,0.0,False,False,0.9,matched,,True,True,True,True,seqslam+dinov2,2025-02-28T06:27:50.778750+00:00,2024-04-13T09:16:19.777683+00:00
2211,2176.0,2176.0,2176.0,False,1.836970849138636,0.5468246702394022,3.0,0.0,1.0,0.0,,0.0,False,False,0.9,matched,,True,True,True,True,seqslam+dinov2,2025-02-28T06:27:50.877861+00:00,2024-04-13T09:16:19.878541+00:00
2212,2177.0,2177.0,2177.0,False,1.8065367553361027,0.30670273061301856,3.0,0.0,1.0,0.0,,0.0,False,False,0.9,matched,,True,True,True,True,seqslam+dinov2,2025-02-28T06:27:50.978445+00:00,2024-04-13T09:16:19.978850+00:00
2213,2178.0,2178.0,2178.0,False,1.8390474647484447,0.2693163830376979,3.0,0.0,1.0,0.0,,0.0,False,False,0.9,matched,,True,True,True,True,seqslam+dinov2,2025-02-28T06:27:51.074655+00:00,2024-04-13T09:16:20.077774+00:00
2214,2179.0,2179.0,2179.0,False,1.845817888836538,0.15889802593943458,3.0,0.0,1.0,0.0,,0.0,False,False,0.9,matched,,True,True,True,True,seqslam+dinov2,2025-02-28T06:27:51.179656+00:00,2024-04-13T09:16:20.182682+00:00
2215,2180.0,2180.0,2180.0,False,1.8314292026392445,-0.12843392033572698,3.0,0.0,1.0,1685.0,,0.0,False,False,0.9,matched,,True,True,True,True,seqslam+dinov2,2025-02-28T06:27:51.276212+00:00,2024-04-13T09:16:20.281230+00:00
2216,2181.0,2181.0,2181.0,False,1.8305844378696512,0.0010046802991823256,3.0,0.0,1.0,0.0,,0.0,False,False,0.9,matched,,True,True,True,True,seqslam+dinov2,2025-02-28T06:27:51.375548+00:00,2024-04-13T09:16:20.378663+00:00
2217,2182.0,2182.0,2182.0,False,1.8226809150208547,-0.45106542596021293,3.0,0.0,1.0,1687.0,,0.0,False,False,0.9,matched,,True,True,True,True,seqslam+dinov2,2025-02-28T06:27:51.481561+00:00,2024-04-13T09:16:20.483269+00:00
2218,2183.0,2183.0,2183.0,False,1.8525472806245986,0.5114995987513917,3.0,0.0,1.0,0.0,,0.0,False,False,0.9,matched,,True,True,True,True,seqslam+dinov2,2025-02-28T06:27:51.578396+00:00,2024-04-13T09:16:20.578048+00:00
2219,2184.0,2184.0,2184.0,False,1.8748180172135323,0.2979901643039746,3.0,0.0,1.0,0.0,,0.0,False,False,0.9,matched,,True,True,True,True,seqslam+dinov2,2025-02-28T06:27:51.675247+00:00,2024-04-13T09:16:20.679734+00:00
2220,2185.0,2185.0,2185.0,False,1.899823285425798,0.18613189124165652,3.0,0.0,1.0,0.0,,0.0,False,False,0.9,matched,,True,True,True,True,seqslam+dinov2,2025-02-28T06:27:51.775592+00:00,2024-04-13T09:16:20.777938+00:00
2221,2186.0,2186.0,2186.0,False,1.9488645128364526,0.5685471578120651,3.0,0.0,1.0,0.0,,0.0,False,False,0.9,matched,,True,True,True,True,seqslam+dinov2,2025-02-28T06:27:51.878983+00:00,2024-04-13T09:16:20.880273+00:00
2222,2187.0,2187.0,2187.0,False,1.95871028805067,0.3464792778961261,3.0,0.0,1.0,0.0,,0.0,False,False,0.9,matched,,True,True,True,True,seqslam+dinov2,2025-02-28T06:27:51.981205+00:00,2024-04-13T09:16:20.977757+00:00
2223,2188.0,2188.0,2188.0,False,2.026280921666603,0.20942938950364232,3.0,0.0,1.0,0.0,,0.0,False,False,0.9,matched,,True,True,True,True,seqslam+dinov2,2025-02-28T06:27:52.077769+00:00,2024-04-13T09:16:21.081475+00:00
2224,2189.0,2189.0,2189.0,False,1.9963468789191419,0.5675673590355339,3.0,0.0,1.0,0.0,,0.0,False,False,0.9,matched,,True,True,True,True,seqslam+dinov2,2025-02-28T06:27:52.174351+00:00,2024-04-13T09:16:21.179673+00:00
2225,2190.0,2190.0,2190.0,False,1.9846209160279593,0.5029593001717862,4.0,0.0,1.0,0.0,,0.0,False,False,0.7,matched,,True,True,True,True,seqslam+dinov2,2025-02-28T06:27:52.276502+00:00,2024-04-13T09:16:21.280243+00:00
2226,2191.0,2191.0,2191.0,False,1.9783839977059878,0.5800112438201674,4.0,0.0,1.0,0.0,,0.0,False,False,0.7,matched,,True,True,True,True,seqslam+dinov2,2025-02-28T06:27:52.381030+00:00,2024-04-13T09:16:21.380647+00:00
2227,2192.0,2192.0,2192.0,False,1.9635319481875422,0.5045304321698656,4.0,0.0,1.0,0.0,,0.0,False,False,0.7,matched,,True,True,True,True,seqslam+dinov2,2025-02-28T06:27:52.474466+00:00,2024-04-13T09:16:21.481740+00:00
2228,2193.0,2193.0,2193.0,False,1.9596514717244844,0.8555622289582163,4.0,0.0,1.0,0.0,,0.0,False,False,0.7,matched,,True,True,True,True,seqslam+dinov2,2025-02-28T06:27:52.577090+00:00,2024-04-13T09:16:21.581106+00:00
2229,2194.0,2194.0,2194.0,False,1.926853843104456,0.5464929547206159,4.0,0.0,1.0,1.0,,0.0,False,False,0.7,matched,,True,True,True,True,seqslam+dinov2,2025-02-28T06:27:52.675252+00:00,2024-04-13T09:16:21.684638+00:00
2230,2195.0,2195.0,2195.0,False,1.8810591426662988,0.2691571564746822,4.0,0.0,1.0120481927710845,0.0,,0.0,False,False,0.7,matched,,True,True,True,True,seqslam+dinov2,2025-02-28T06:27:52.776757+00:00,2024-04-13T09:16:21.780555+00:00
2231,2196.0,2196.0,2196.0,False,1.8457645054959158,0.28936059098309697,4.0,0.0,1.0234263465282283,0.0,,0.0,False,False,0.7,matched,,True,True,True,True,seqslam+dinov2,2025-02-28T06:27:52.877676+00:00,2024-04-13T09:16:21.880337+00:00
2232,2197.0,2197.0,2197.0,False,1.8064159705247567,0.3606843977884555,4.0,0.0,1.033996023856859,0.0,,0.0,False,False,0.7,matched,,True,True,True,True,seqslam+dinov2,2025-02-28T06:27:52.978407+00:00,2024-04-13T09:16:21.982258+00:00
2233,2198.0,2198.0,2198.0,False,1.7750135327380177,0.5376253327574554,4.0,0.0,1.0436191762322755,0.0,,0.0,False,False,0.7,matched,,True,True,True,True,seqslam+dinov2,2025-02-28T06:27:53.074548+00:00,2024-04-13T09:16:22.078049+00:00
2234,2199.0,2199.0,2199.0,False,1.7038960277229664,0.23484735534620516,4.0,0.0,1.0521619766643788,1.0,,0.0,False,False,0.7,matched,,True,True,True,True,seqslam+dinov2,2025-02-28T06:27:53.174174+00:00,2024-04-13T09:16:22.179873+00:00
2235,2200.0,2200.0,2200.0,False,1.667701154237175,0.22291535710996424,4.0,0.0,1.0594989561586639,1.0,,0.0,False,False,0.7,matched,,True,True,True,True,seqslam+dinov2,2025-02-28T06:27:53.274428+00:00,2024-04-13T09:16:22.280389+00:00
2236,2201.0,2201.0,2201.0,False,1.6638179555925718,0.22897954922218888,4.0,0.0,1.0655172413793104,0.0,,0.0,False,False,0.7,matched,,True,True,True,True,seqslam+dinov2,2025-02-28T06:27:53.376710+00:00,2024-04-13T09:16:22.377619+00:00
2237,2202.0,2202.0,2202.0,False,1.6496398980399014,0.11367526794076066,4.0,0.0,1.070120652945351,0.0,,0.0,False,False,0.7,matched,,True,True,True,True,seqslam+dinov2,2025-02-28T06:27:53.474750+00:00,2024-04-13T09:16:22.481037+00:00
2238,2203.0,2203.0,2203.0,False,1.6397865966873417,0.10428312475237944,4.0,0.0,1.0732334047109207,0.0,,0.0,False,False,0.7,matched,,True,True,True,True,seqslam+dinov2,2025-02-28T06:27:53.574665+00:00,2024-04-13T09:16:22.578224+00:00
2239,2204.0,2204.0,2205.0,False,1.6339298439253234,0.020937931502020835,4.0,1.0,1.0748031496062993,1.0,,1.0,True,False,0.7,ambiguous_range,,True,True,True,True,seqslam+dinov2,2025-02-28T06:27:53.674608+00:00,2024-04-13T09:16:22.683108+00:00
2240,2206.0,2206.0,2206.0,False,1.6213733838406093,-0.2135254930639876,4.0,1.0,1.0732334047109207,34.0,,0.0,False,False,0.7,matched,,True,True,True,True,seqslam+dinov2,2025-02-28T06:27:53.774725+00:00,2024-04-13T09:16:22.885281+00:00
2241,2207.0,2207.0,2207.0,False,1.5876184703535339,0.02712559440715001,4.0,1.0,1.0701206529453513,0.0,,0.0,False,False,0.7,matched,,True,True,True,True,seqslam+dinov2,2025-02-28T06:27:53.876037+00:00,2024-04-13T09:16:22.987135+00:00
2242,2208.0,2208.0,2208.0,False,1.5877587613302884,0.026330949914969093,4.0,1.0,1.0655172413793104,0.0,,0.0,False,False,0.7,matched,,True,True,True,True,seqslam+dinov2,2025-02-28T06:27:53.974209+00:00,2024-04-13T09:16:23.079338+00:00
2243,2209.0,2209.0,2209.0,False,1.5745432927691347,0.10806905712224157,4.0,1.0,1.0594989561586639,0.0,,0.0,False,False,0.7,matched,,True,True,True,True,seqslam+dinov2,2025-02-28T06:27:54.074656+00:00,2024-04-13T09:16:23.178050+00:00
2244,2210.0,2210.0,2210.0,False,1.5699279730076696,0.020971184001630894,4.0,1.0,1.0521619766643788,0.0,,0.0,False,False,0.7,matched,,True,True,True,True,seqslam+dinov2,2025-02-28T06:27:54.174259+00:00,2024-04-13T09:16:23.278857+00:00
2245,2211.0,2211.0,2211.0,False,1.5828003036156106,0.011545888874299193,4.0,1.0,1.0436191762322753,0.0,,0.0,False,False,0.7,matched,,True,True,True,True,seqslam+dinov2,2025-02-28T06:27:54.274380+00:00,2024-04-13T09:16:23.378537+00:00
2246,2212.0,2212.0,2212.0,False,1.6086851901919168,-0.3437808863698686,4.0,1.0,1.033996023856859,1392.0,,0.0,False,False,0.7,matched,,True,True,True,True,seqslam+dinov2,2025-02-28T06:27:54.376595+00:00,2024-04-13T09:16:23.478115+00:00
2247,2213.0,2213.0,2213.0,False,1.612348596900443,0.01801895091135175,4.0,1.0,1.0234263465282283,0.0,,0.0,False,False,0.7,matched,,True,True,True,True,seqslam+dinov2,2025-02-28T06:27:54.478119+00:00,2024-04-13T09:16:23.579654+00:00
2248,2214.0,2214.0,2214.0,False,1.5976147987646738,-0.10304407012352668,4.0,1.0,1.0120481927710845,1393.0,,0.0,False,False,0.7,matched,,True,True,True,True,seqslam+dinov2,2025-02-28T06:27:54.584816+00:00,2024-04-13T09:16:23.683070+00:00
2249,2215.0,2215.0,2215.0,False,1.6202033789599404,-0.0658006129375377,5.0,0.0,1.0,1394.0,,0.0,False,False,0.7,matched,,True,True,True,True,seqslam+dinov2,2025-02-28T06:27:54.679232+00:00,2024-04-13T09:16:23.783042+00:00
2250,2216.0,2216.0,2216.0,False,1.621155074912011,0.03595245860182361,5.0,0.0,1.0,0.0,,0.0,False,False,0.7,matched,,True,True,True,True,seqslam+dinov2,2025-02-28T06:27:54.778077+00:00,2024-04-13T09:16:23.881917+00:00
2251,2217.0,2217.0,2217.0,False,1.6010186765087306,0.3295964412272858,5.0,0.0,1.0,0.0,,0.0,False,False,0.7,matched,,True,True,True,True,seqslam+dinov2,2025-02-28T06:27:54.875108+00:00,2024-04-13T09:16:23.980223+00:00
2252,2218.0,2218.0,2218.0,False,1.6312739015790596,0.4020479084148634,5.0,0.0,1.0,0.0,,0.0,False,False,0.7,matched,,True,True,True,True,seqslam+dinov2,2025-02-28T06:27:54.974947+00:00,2024-04-13T09:16:24.077854+00:00
2253,2219.0,2219.0,2219.0,False,1.617596501323608,0.066680331645246,5.0,0.0,1.0,1.0,,0.0,False,False,0.7,matched,,True,True,True,True,seqslam+dinov2,2025-02-28T06:27:55.075500+00:00,2024-04-13T09:16:24.178030+00:00
2254,2220.0,2220.0,2220.0,False,1.6272974455346756,0.3155993852390626,5.0,0.0,1.0,0.0,,0.0,False,False,0.7,matched,,True,True,True,True,seqslam+dinov2,2025-02-28T06:27:55.174217+00:00,2024-04-13T09:16:24.287513+00:00
2255,2221.0,2221.0,2221.0,False,1.6119099964978034,0.24206922391352426,5.0,0.0,1.0,0.0,,0.0,False,False,0.7,matched,,True,True,True,True,seqslam+dinov2,2025-02-28T06:27:55.274346+00:00,2024-04-13T09:16:24.380688+00:00
2256,2222.0,2222.0,2222.0,False,1.6384378655674292,-0.18820899706436212,6.0,0.0,1.0,1.0,,0.0,False,False,0.4,matched,,True,True,True,True,seqslam+dinov2,2025-02-28T06:27:55.377089+00:00,2024-04-13T09:16:24.482118+00:00
2257,2223.0,2223.0,2223.0,False,1.6510115314256604,0.24129555630262267,5.0,0.0,1.0,0.0,,0.0,False,False,0.7,matched,,True,True,True,True,seqslam+dinov2,2025-02-28T06:27:55.474355+00:00,2024-04-13T09:16:24.577960+00:00
2258,2224.0,2224.0,2224.0,False,1.6373327407838685,0.03850237642906129,5.0,0.0,1.0,1.0,,0.0,False,False,0.7,matched,,True,True,True,True,seqslam+dinov2,2025-02-28T06:27:55.580880+00:00,2024-04-13T09:16:24.679076+00:00
2259,2225.0,2225.0,2225.0,False,1.6350025657759384,0.06806714179883144,5.0,0.0,1.0,0.0,,0.0,False,False,0.7,matched,,True,True,True,True,seqslam+dinov2,2025-02-28T06:27:55.677181+00:00,2024-04-13T09:16:24.778678+00:00
2260,2226.0,2226.0,2226.0,False,1.5985562142361227,0.03791111594021901,5.0,0.0,1.0,1.0,,0.0,False,False,0.7,matched,,True,True,True,True,seqslam+dinov2,2025-02-28T06:27:55.774518+00:00,2024-04-13T09:16:24.881310+00:00
2261,2227.0,2227.0,2227.0,False,1.582864997660691,0.2524132737633049,5.0,0.0,1.0,0.0,,0.0,False,False,0.7,matched,,True,True,True,True,seqslam+dinov2,2025-02-28T06:27:55.880310+00:00,2024-04-13T09:16:24.980699+00:00
2262,2228.0,2228.0,2228.0,False,1.6039809247829888,0.5538487208248202,5.0,0.0,1.0,0.0,,0.0,False,False,0.7,matched,,True,True,True,True,seqslam+dinov2,2025-02-28T06:27:55.974504+00:00,2024-04-13T09:16:25.086884+00:00
2263,2229.0,2229.0,2229.0,False,1.6071498861099291,0.3967703948422323,5.0,0.0,1.0,0.0,,0.0,False,False,0.7,matched,,True,True,True,True,seqslam+dinov2,2025-02-28T06:27:56.074365+00:00,2024-04-13T09:16:25.178192+00:00
2264,2230.0,2230.0,2230.0,False,1.6340635132464636,0.03343222678837088,5.0,0.0,1.0120481927710845,1.0,,0.0,False,False,0.7,matched,,True,True,True,True,seqslam+dinov2,2025-02-28T06:27:56.177377+00:00,2024-04-13T09:16:25.280473+00:00
2265,2231.0,2231.0,2231.0,False,1.6424167551343358,0.16273919053260233,5.0,0.0,1.0234263465282283,0.0,,0.0,False,False,0.7,matched,,True,True,True,True,seqslam+dinov2,2025-02-28T06:27:56.274158+00:00,2024-04-13T09:16:25.378034+00:00
2266,2232.0,2232.0,2232.0,False,1.6558038247242246,0.22651839292038467,5.0,0.0,1.033996023856859,0.0,,0.0,False,False,0.7,matched,,True,True,True,True,seqslam+dinov2,2025-02-28T06:27:56.378815+00:00,2024-04-13T09:16:25.477689+00:00
2267,2233.0,2233.0,2233.0,False,1.6323358883183483,0.1638757832634039,5.0,0.0,1.0436191762322755,0.0,,0.0,False,False,0.7,matched,,True,True,True,True,seqslam+dinov2,2025-02-28T06:27:56.476928+00:00,2024-04-13T09:16:25.579419+00:00
2268,2234.0,2234.0,2234.0,False,1.6141303972795684,0.09384781616073701,5.0,0.0,1.0521619766643788,0.0,,0.0,False,False,0.7,matched,,True,True,True,True,seqslam+dinov2,2025-02-28T06:27:56.575131+00:00,2024-04-13T09:16:25.683252+00:00
2269,2235.0,2235.0,2235.0,False,1.611674724435413,0.2998987348453164,5.0,0.0,1.0594989561586639,0.0,,0.0,False,False,0.7,matched,,True,True,True,True,seqslam+dinov2,2025-02-28T06:27:56.676821+00:00,2024-04-13T09:16:25.778704+00:00
2270,2236.0,2236.0,2236.0,False,1.6234206678714536,-0.13857794842041726,5.0,0.0,1.0655172413793104,356.0,,0.0,False,False,0.7,matched,,True,True,True,True,seqslam+dinov2,2025-02-28T06:27:56.774235+00:00,2024-04-13T09:16:25.879035+00:00
2271,2237.0,2237.0,2237.0,False,1.6496740003270522,0.18689868289531386,5.0,0.0,1.070120652945351,5.0,,0.0,False,False,0.7,matched,,True,True,True,True,seqslam+dinov2,2025-02-28T06:27:56.878826+00:00,2024-04-13T09:16:25.978147+00:00
2272,2238.0,2238.0,2238.0,False,1.643311812215373,0.2528525946794993,5.0,1.0,1.0732334047109207,1.0,,0.0,False,False,0.7,matched,,True,True,True,True,seqslam+dinov2,2025-02-28T06:27:56.982062+00:00,2024-04-13T09:16:26.077489+00:00
2273,2240.0,2239.0,2240.0,False,1.6524730266361003,0.10411177972520891,5.0,1.0,1.0748031496062993,0.0,,1.0,True,False,0.7,ambiguous_range,,True,True,True,True,seqslam+dinov2,2025-02-28T06:27:57.077226+00:00,2024-04-13T09:16:26.278987+00:00
2274,2241.0,2241.0,2241.0,False,1.641842709458779,0.19241232695749155,6.0,1.0,1.0732334047109207,1.0,,0.0,False,False,0.4,matched,,True,True,True,True,seqslam+dinov2,2025-02-28T06:27:57.175606+00:00,2024-04-13T09:16:26.383850+00:00
2275,2242.0,2242.0,2242.0,False,1.6189054108833099,0.26402120248198413,6.0,1.0,1.0701206529453513,0.0,,0.0,False,False,0.4,matched,,True,True,True,True,seqslam+dinov2,2025-02-28T06:27:57.277363+00:00,2024-04-13T09:16:26.481382+00:00
2276,2243.0,2243.0,2243.0,False,1.642022876305073,0.4124432319778606,6.0,1.0,1.0655172413793104,0.0,,0.0,False,False,0.4,matched,,True,True,True,True,seqslam+dinov2,2025-02-28T06:27:57.377751+00:00,2024-04-13T09:16:26.580736+00:00
2277,2244.0,2244.0,2244.0,False,1.6656615265210568,0.15578303534780513,6.0,1.0,1.0594989561586639,0.0,,0.0,False,False,0.4,matched,,True,True,True,True,seqslam+dinov2,2025-02-28T06:27:57.476465+00:00,2024-04-13T09:16:26.678870+00:00
2278,2245.0,2245.0,2245.0,False,1.6483495363684517,0.15759607083013716,6.0,1.0,1.0662905500705218,0.0,,0.0,False,False,0.4,matched,,True,True,True,True,seqslam+dinov2,2025-02-28T06:27:57.576154+00:00,2024-04-13T09:16:26.779952+00:00
2279,2246.0,2246.0,2246.0,False,1.6374474551385096,-0.03749919333066587,6.0,1.0,1.0704535759988625,1385.0,,0.0,False,False,0.4,matched,,True,True,True,True,seqslam+dinov2,2025-02-28T06:27:57.678664+00:00,2024-04-13T09:16:26.878304+00:00
2280,2247.0,2247.0,2247.0,False,1.6544209943947563,-0.02426762913601066,7.0,1.0,1.0718562874251496,1386.0,,0.0,False,False,0.4,matched,,True,True,True,True,seqslam+dinov2,2025-02-28T06:27:57.775716+00:00,2024-04-13T09:16:26.980014+00:00
2281,2248.0,2248.0,2248.0,False,1.6763683037360182,0.5288723498537653,7.0,1.0,1.0704535759988625,0.0,,0.0,False,False,0.4,matched,,True,True,True,True,seqslam+dinov2,2025-02-28T06:27:57.878008+00:00,2024-04-13T09:16:27.078626+00:00
2282,2249.0,2249.0,2249.0,False,1.7009540139896957,0.4720310134091603,7.0,1.0,1.066290550070522,0.0,,0.0,False,False,0.4,matched,,True,True,True,True,seqslam+dinov2,2025-02-28T06:27:57.975495+00:00,2024-04-13T09:16:27.183228+00:00
2283,2250.0,2250.0,2250.0,False,1.7234580613745403,-0.10199183565916514,8.0,1.0,1.0725,1402.0,,0.0,False,False,0.4,matched,,True,True,True,True,seqslam+dinov2,2025-02-28T06:27:58.079717+00:00,2024-04-13T09:16:27.279167+00:00
2284,2251.0,2251.0,2251.0,False,1.6852570267979639,0.16749297371896077,9.0,1.0,1.0915148822745446,1.0,,0.0,False,False,0.4,matched,,True,True,True,True,seqslam+dinov2,2025-02-28T06:27:58.176448+00:00,2024-04-13T09:16:27.377879+00:00
2285,2252.0,2252.0,2252.0,False,1.654197535184764,0.3574695242460473,10.0,1.0,1.1087255501222495,0.0,,0.0,False,False,0.4,matched,,True,True,True,True,seqslam+dinov2,2025-02-28T06:27:58.275862+00:00,2024-04-13T09:16:27.479231+00:00
2286,2253.0,2253.0,2253.0,False,1.6495574424383905,0.45785492164879904,9.0,0.0,1.1236466342381923,0.0,,0.0,False,False,0.4,matched,,True,True,True,True,seqslam+dinov2,2025-02-28T06:27:58.374625+00:00,2024-04-13T09:16:27.582200+00:00
2287,2255.0,2254.0,2255.0,False,1.5963322305316856,0.8237807425944097,9.0,0.0,1.1448331977217248,0.0,,1.0,True,False,0.5,ambiguous_range,,True,True,True,True,seqslam+dinov2,2025-02-28T06:27:58.475399+00:00,2024-04-13T09:16:27.778952+00:00
2288,2256.0,2256.0,2256.0,False,1.5596706971349434,0.3366080679733334,9.0,0.0,1.1503777923784493,0.0,,0.0,False,False,0.4,matched,,True,True,True,True,seqslam+dinov2,2025-02-28T06:27:58.578259+00:00,2024-04-13T09:16:27.879421+00:00
2289,2257.0,2257.0,2257.0,False,1.612662355800579,-0.26558628331105627,9.0,0.0,1.1522491349480968,851.0,,0.0,False,False,0.4,matched,,True,True,True,True,seqslam+dinov2,2025-02-28T06:27:58.677180+00:00,2024-04-13T09:16:27.980181+00:00
2290,2258.0,2258.0,2258.0,False,1.655709109047111,-0.5976302187720215,10.0,1.0,1.1503777923784493,1412.0,,0.0,False,False,0.4,matched,,True,True,True,True,seqslam+dinov2,2025-02-28T06:27:58.775676+00:00,2024-04-13T09:16:28.077950+00:00
2291,2260.0,2259.0,2260.0,False,1.6310570369986628,-0.23695769458724447,9.0,0.0,1.1531791907514453,575.0,,1.0,True,False,0.5,ambiguous_range,,True,True,True,True,seqslam+dinov2,2025-02-28T06:27:58.874997+00:00,2024-04-13T09:16:28.278676+00:00
2292,2261.0,2261.0,2261.0,False,1.5792017110486325,-0.24335534708032514,9.0,0.0,1.15658747300216,1415.0,,0.0,False,False,0.4,matched,,True,True,True,True,seqslam+dinov2,2025-02-28T06:27:58.974794+00:00,2024-04-13T09:16:28.381330+00:00
2293,2262.0,2262.0,2262.0,False,1.492614958017873,-0.2892292957703526,9.0,0.0,1.154878250786815,1416.0,,0.0,False,False,0.4,matched,,True,True,True,True,seqslam+dinov2,2025-02-28T06:27:59.075428+00:00,2024-04-13T09:16:28.481841+00:00
2294,2263.0,2263.0,2263.0,False,1.4189336788096796,0.3648292431790954,8.0,0.0,1.1641112047177757,0.0,,0.0,False,False,0.4,matched,,True,True,True,True,seqslam+dinov2,2025-02-28T06:27:59.174540+00:00,2024-04-13T09:16:28.581161+00:00
2295,2264.0,2264.0,2264.0,False,1.393730699031172,0.6074420869347033,8.0,0.0,1.1672597864768683,0.0,,0.0,False,False,0.4,matched,,True,True,True,True,seqslam+dinov2,2025-02-28T06:27:59.278482+00:00,2024-04-13T09:16:28.677802+00:00
2296,2265.0,2265.0,2265.0,False,1.3937425913509711,-0.027398789417274916,8.0,0.0,1.1641112047177757,1419.0,,0.0,False,False,0.4,matched,,True,True,True,True,seqslam+dinov2,2025-02-28T06:27:59.375101+00:00,2024-04-13T09:16:28.778457+00:00
2297,2266.0,2266.0,2266.0,False,1.358259765307372,-0.35370598840155654,7.0,0.0,1.1730538922155689,1418.0,,0.0,False,False,0.4,matched,,True,True,True,True,seqslam+dinov2,2025-02-28T06:27:59.478543+00:00,2024-04-13T09:16:28.878007+00:00
2298,2267.0,2267.0,2267.0,False,1.3693730817094192,-0.6009394424924357,7.0,0.0,1.1767085556894474,1421.0,,0.0,False,False,0.4,matched,,True,True,True,True,seqslam+dinov2,2025-02-28T06:27:59.574980+00:00,2024-04-13T09:16:28.978283+00:00
2299,2268.0,2268.0,2268.0,False,1.3764435547735494,-0.9339979275108756,7.0,0.0,1.1748755792002747,1420.0,,0.0,False,False,0.4,matched,,True,True,True,True,seqslam+dinov2,2025-02-28T06:27:59.678500+00:00,2024-04-13T09:16:29.078020+00:00
2300,2270.0,2269.0,2270.0,False,1.3212721931667333,-0.7577112459758378,7.0,0.0,1.1554356846473028,1422.0,,1.0,True,False,0.5,ambiguous_range,,True,True,True,True,seqslam+dinov2,2025-02-28T06:27:59.776227+00:00,2024-04-13T09:16:29.282764+00:00
2301,2271.0,2271.0,2271.0,False,1.262991976787045,-0.4224033388794748,7.0,1.0,1.1573426573426573,1424.0,,0.0,False,False,0.4,matched,,True,True,True,True,seqslam+dinov2,2025-02-28T06:27:59.875837+00:00,2024-04-13T09:16:29.381699+00:00
2302,2272.0,2272.0,2273.0,False,1.2472859340114875,-0.590660092727644,6.0,0.0,1.149786254521539,1431.0,,1.0,True,False,0.5,ambiguous_range,,True,True,True,True,seqslam+dinov2,2025-02-28T06:27:59.976024+00:00,2024-04-13T09:16:29.478555+00:00
2303,2274.0,2274.0,2274.0,False,1.270306187266136,-0.4347787717197591,6.0,0.0,1.1582943925233646,1428.0,,0.0,False,False,0.4,matched,,True,True,True,True,seqslam+dinov2,2025-02-28T06:28:00.075698+00:00,2024-04-13T09:16:29.679158+00:00
2304,2275.0,2275.0,2275.0,False,1.2909031637480497,-0.35114665670885015,6.0,0.0,1.1617696440564138,1429.0,,0.0,False,False,0.4,matched,,True,True,True,True,seqslam+dinov2,2025-02-28T06:28:00.177687+00:00,2024-04-13T09:16:29.784322+00:00
2305,2276.0,2276.0,2276.0,False,1.3407380830851494,-0.6240959070008532,6.0,0.0,1.1600267827251425,1430.0,,0.0,False,False,0.4,matched,,True,True,True,True,seqslam+dinov2,2025-02-28T06:28:00.275331+00:00,2024-04-13T09:16:29.883672+00:00
2306,2277.0,2277.0,2277.0,False,1.399545575518678,-0.574152199506599,6.0,0.0,1.153159113463447,1431.0,,0.0,False,False,0.4,matched,,True,True,True,True,seqslam+dinov2,2025-02-28T06:28:00.375748+00:00,2024-04-13T09:16:29.978117+00:00
2307,2278.0,2278.0,2278.0,False,1.426188009724339,-0.5904136645425251,6.0,0.0,1.1415262475696695,1432.0,,0.0,False,False,0.4,matched,,True,True,True,True,seqslam+dinov2,2025-02-28T06:28:00.479050+00:00,2024-04-13T09:16:30.080257+00:00
2308,2279.0,2279.0,2279.0,False,1.4542449856374386,-0.2997556201950258,6.0,0.0,1.1257084382871538,1433.0,,0.0,False,False,0.4,matched,,True,True,True,True,seqslam+dinov2,2025-02-28T06:28:00.578444+00:00,2024-04-13T09:16:30.180972+00:00
2309,2280.0,2280.0,2280.0,False,1.4418558026539499,-0.5459438881919558,6.0,0.0,1.10643789857273,1433.0,,0.0,False,False,0.4,matched,,True,True,True,True,seqslam+dinov2,2025-02-28T06:28:00.675705+00:00,2024-04-13T09:16:30.280687+00:00
2310,2281.0,2281.0,2281.0,False,1.4368942861980694,-0.2556531145262908,6.0,0.0,1.0985630893578804,1434.0,,0.0,False,False,0.4,matched,,True,True,True,True,seqslam+dinov2,2025-02-28T06:28:00.782036+00:00,2024-04-13T09:16:30.378475+00:00
2311,2282.0,2282.0,2282.0,False,1.4345116892842305,-0.04171422466645014,6.0,0.0,1.087907249779865,1435.0,,0.0,False,False,0.4,matched,,True,True,True,True,seqslam+dinov2,2025-02-28T06:28:00.876029+00:00,2024-04-13T09:16:30.477833+00:00
2312,2284.0,2283.0,2284.0,False,1.4268938212126643,-0.11000309817907716,6.0,1.0,1.0748031496062993,2.0,,1.0,True,False,0.5,ambiguous_range,,True,True,True,True,seqslam+dinov2,2025-02-28T06:28:00.978014+00:00,2024-04-13T09:16:30.679039+00:00
2313,2285.0,2285.0,2285.0,False,1.392859655111362,-0.23450630369750813,5.0,1.0,1.0732334047109207,1439.0,,0.0,False,False,0.7,matched,,True,True,True,True,seqslam+dinov2,2025-02-28T06:28:01.074913+00:00,2024-04-13T09:16:30.779313+00:00
2314,2286.0,2286.0,2286.0,False,1.3458054639008912,-0.5501907576577256,5.0,1.0,1.0701206529453513,1440.0,,0.0,False,False,0.7,matched,,True,True,True,True,seqslam+dinov2,2025-02-28T06:28:01.174260+00:00,2024-04-13T09:16:30.880898+00:00
2315,2287.0,2287.0,2287.0,False,1.3033330343714598,-0.2682454077430365,5.0,1.0,1.0655172413793104,1438.0,,0.0,False,False,0.7,matched,,True,True,True,True,seqslam+dinov2,2025-02-28T06:28:01.277251+00:00,2024-04-13T09:16:30.981698+00:00
2316,2288.0,2288.0,2288.0,False,1.2766477794612436,-0.5839235158824889,5.0,1.0,1.0594989561586639,1442.0,,0.0,False,False,0.7,matched,,True,True,True,True,seqslam+dinov2,2025-02-28T06:28:01.381106+00:00,2024-04-13T09:16:31.080081+00:00
2317,2289.0,2289.0,2289.0,False,1.2485560816470167,-0.6329905324387226,5.0,1.0,1.0521619766643788,1440.0,,0.0,False,False,0.7,matched,,True,True,True,True,seqslam+dinov2,2025-02-28T06:28:01.475509+00:00,2024-04-13T09:16:31.179171+00:00
2318,2290.0,2290.0,2290.0,False,1.2052480486237123,-0.8341438976784896,5.0,1.0,1.0436191762322753,1441.0,,0.0,False,False,0.7,matched,,True,True,True,True,seqslam+dinov2,2025-02-28T06:28:01.577654+00:00,2024-04-13T09:16:31.279918+00:00
2319,2291.0,2291.0,2291.0,False,1.1665967465692584,-0.6455954997587621,5.0,1.0,1.033996023856859,1444.0,,0.0,False,False,0.7,matched,,True,True,True,True,seqslam+dinov2,2025-02-28T06:28:01.676495+00:00,2024-04-13T09:16:31.379556+00:00
2320,2292.0,2292.0,2292.0,False,1.1552899374646708,-0.7565416162604488,5.0,1.0,1.0234263465282283,1444.0,,0.0,False,False,0.7,matched,,True,True,True,True,seqslam+dinov2,2025-02-28T06:28:01.776876+00:00,2024-04-13T09:16:31.481308+00:00
2321,2293.0,2293.0,2293.0,False,1.1477587650042136,-0.3496215895798356,5.0,1.0,1.0120481927710845,1445.0,,0.0,False,False,0.7,matched,,True,True,True,True,seqslam+dinov2,2025-02-28T06:28:01.875848+00:00,2024-04-13T09:16:31.581664+00:00
2322,2294.0,2294.0,2294.0,False,1.1380243307102402,-0.2592501694267779,5.0,1.0,1.0,1447.0,,0.0,False,False,0.7,matched,,True,True,True,True,seqslam+dinov2,2025-02-28T06:28:01.974222+00:00,2024-04-13T09:16:31.683042+00:00
2323,2295.0,2295.0,2295.0,False,1.1193359992981848,-0.7525165596773059,5.0,1.0,1.0,1448.0,,0.0,False,False,0.7,matched,,True,True,True,True,seqslam+dinov2,2025-02-28T06:28:02.075468+00:00,2024-04-13T09:16:31.783772+00:00
2324,2296.0,2296.0,2296.0,False,1.1267370849724896,-0.6904057013605324,5.0,1.0,1.0,1448.0,,0.0,False,False,0.7,matched,,True,True,True,True,seqslam+dinov2,2025-02-28T06:28:02.174706+00:00,2024-04-13T09:16:31.880418+00:00
2325,2297.0,2297.0,2297.0,False,1.118005930159435,-0.6090858162872275,5.0,1.0,1.0,1449.0,,0.0,False,False,0.7,matched,,True,True,True,True,seqslam+dinov2,2025-02-28T06:28:02.276043+00:00,2024-04-13T09:16:31.981448+00:00
2326,2298.0,2298.0,2298.0,False,1.1382681191410169,-0.36207338346836493,5.0,1.0,1.0,1448.0,,0.0,False,False,0.7,matched,,True,True,True,True,seqslam+dinov2,2025-02-28T06:28:02.379083+00:00,2024-04-13T09:16:32.082084+00:00
2327,2299.0,2299.0,2299.0,False,1.1227968449655308,-0.5458512990018414,5.0,1.0,1.0,1451.0,,0.0,False,False,0.7,matched,,True,True,True,True,seqslam+dinov2,2025-02-28T06:28:02.474145+00:00,2024-04-13T09:16:32.179236+00:00
2328,2300.0,2300.0,2300.0,False,1.1125030025716205,-0.7566653285665057,5.0,0.0,1.0,1450.0,,0.0,False,False,0.7,matched,,True,True,True,True,seqslam+dinov2,2025-02-28T06:28:02.574473+00:00,2024-04-13T09:16:32.277665+00:00
2329,2301.0,2301.0,2301.0,False,1.1156652050894358,-0.7902471634274522,5.0,0.0,1.0,1453.0,,0.0,False,False,0.7,matched,,True,True,True,True,seqslam+dinov2,2025-02-28T06:28:02.677288+00:00,2024-04-13T09:16:32.377646+00:00
2330,2302.0,2302.0,2302.0,False,1.1175605406180693,-0.9027314995930817,5.0,0.0,1.0,1453.0,,0.0,False,False,0.7,matched,,True,True,True,True,seqslam+dinov2,2025-02-28T06:28:02.775176+00:00,2024-04-13T09:16:32.479494+00:00
2331,2303.0,2303.0,2303.0,False,1.1205833706594335,-0.662476297031434,5.0,0.0,1.0,1454.0,,0.0,False,False,0.7,matched,,True,True,True,True,seqslam+dinov2,2025-02-28T06:28:02.875291+00:00,2024-04-13T09:16:32.578688+00:00
2332,2304.0,2304.0,2304.0,False,1.1159383051675966,-0.6057043571122305,5.0,0.0,1.0,1455.0,,0.0,False,False,0.7,matched,,True,True,True,True,seqslam+dinov2,2025-02-28T06:28:02.974779+00:00,2024-04-13T09:16:32.680744+00:00
2333,2305.0,2305.0,2305.0,False,1.1271301117092702,-0.5453535647946204,5.0,0.0,1.0,1457.0,,0.0,False,False,0.7,matched,,True,True,True,True,seqslam+dinov2,2025-02-28T06:28:03.074777+00:00,2024-04-13T09:16:32.782231+00:00
2334,2306.0,2306.0,2306.0,False,1.1793095663869273,-0.6360278763408629,5.0,0.0,1.0,1457.0,,0.0,False,False,0.7,matched,,True,True,True,True,seqslam+dinov2,2025-02-28T06:28:03.176194+00:00,2024-04-13T09:16:32.879645+00:00
2335,2307.0,2307.0,2307.0,False,1.2642409335357796,-0.749259611682369,5.0,0.0,1.0,1459.0,,0.0,False,False,0.7,matched,,True,True,True,True,seqslam+dinov2,2025-02-28T06:28:03.274531+00:00,2024-04-13T09:16:32.980239+00:00
2336,2308.0,2308.0,2308.0,False,1.32339753992638,-0.37444640450250444,5.0,0.0,1.0,1488.0,,0.0,False,False,0.7,matched,,True,True,True,True,seqslam+dinov2,2025-02-28T06:28:03.374255+00:00,2024-04-13T09:16:33.080805+00:00
2337,2309.0,2309.0,2309.0,False,1.3603808121831893,-0.37845076397850774,5.0,0.0,1.0,1489.0,,0.0,False,False,0.7,matched,,True,True,True,True,seqslam+dinov2,2025-02-28T06:28:03.475011+00:00,2024-04-13T09:16:33.178171+00:00
2338,2310.0,2310.0,2310.0,False,1.4007133896534432,-0.3633993630093173,6.0,0.0,1.0,1490.0,,0.0,False,False,0.4,matched,,True,True,True,True,seqslam+dinov2,2025-02-28T06:28:03.574789+00:00,2024-04-13T09:16:33.280111+00:00
2339,2311.0,2311.0,2311.0,False,1.4472909989186191,-0.005653837328185363,6.0,0.0,1.0,1491.0,,0.0,False,False,0.4,matched,,True,True,True,True,seqslam+dinov2,2025-02-28T06:28:03.675726+00:00,2024-04-13T09:16:33.379670+00:00
2340,2312.0,2312.0,2312.0,False,1.5102172415729385,0.36421642991355463,6.0,0.0,1.0,0.0,,0.0,False,False,0.4,matched,,True,True,True,True,seqslam+dinov2,2025-02-28T06:28:03.776193+00:00,2024-04-13T09:16:33.482290+00:00
2341,2313.0,2313.0,2313.0,False,1.5450386701793022,-0.08625722913254563,6.0,0.0,1.0120481927710845,1463.0,,0.0,False,False,0.4,matched,,True,True,True,True,seqslam+dinov2,2025-02-28T06:28:03.878749+00:00,2024-04-13T09:16:33.580927+00:00
2342,2314.0,2314.0,2314.0,False,1.5618722885390801,-0.35369885891552144,6.0,0.0,1.0234263465282283,1494.0,,0.0,False,False,0.4,matched,,True,True,True,True,seqslam+dinov2,2025-02-28T06:28:03.978805+00:00,2024-04-13T09:16:33.679184+00:00
2343,2315.0,2315.0,2315.0,False,1.6044470006533968,-0.5073663907055792,6.0,0.0,1.033996023856859,1495.0,,0.0,False,False,0.4,matched,,True,True,True,True,seqslam+dinov2,2025-02-28T06:28:04.081456+00:00,2024-04-13T09:16:33.781276+00:00
2344,2316.0,2316.0,2316.0,False,1.5903246318498558,-0.20486275854727398,6.0,0.0,1.0436191762322755,1495.0,,0.0,False,False,0.4,matched,,True,True,True,True,seqslam+dinov2,2025-02-28T06:28:04.180165+00:00,2024-04-13T09:16:33.880410+00:00
2345,2317.0,2317.0,2317.0,False,1.6171256446026374,-0.055454624219639426,6.0,0.0,1.0521619766643788,1496.0,,0.0,False,False,0.4,matched,,True,True,True,True,seqslam+dinov2,2025-02-28T06:28:04.275354+00:00,2024-04-13T09:16:33.977893+00:00
2346,2318.0,2318.0,2318.0,False,1.61279609138884,-0.2519359939127601,6.0,0.0,1.0725,1497.0,,0.0,False,False,0.4,matched,,True,True,True,True,seqslam+dinov2,2025-02-28T06:28:04.375554+00:00,2024-04-13T09:16:34.080321+00:00
2347,2319.0,2319.0,2319.0,False,1.6394156960668396,-0.15513830287972707,6.0,0.0,1.0915148822745446,332.0,,0.0,False,False,0.4,matched,,True,True,True,True,seqslam+dinov2,2025-02-28T06:28:04.474469+00:00,2024-04-13T09:16:34.178569+00:00
2348,2320.0,2320.0,2320.0,False,1.6902275399901718,0.10903811687153286,6.0,0.0,1.1216470588235292,0.0,,0.0,False,False,0.4,matched,,True,True,True,True,seqslam+dinov2,2025-02-28T06:28:04.581076+00:00,2024-04-13T09:16:34.277839+00:00
2349,2321.0,2321.0,2321.0,False,1.7264330131030583,-0.23884400097121472,6.0,0.0,1.1504709965294992,1468.0,,0.0,False,False,0.4,matched,,True,True,True,True,seqslam+dinov2,2025-02-28T06:28:04.678499+00:00,2024-04-13T09:16:34.380740+00:00
2350,2323.0,2322.0,2323.0,False,1.7300797709719327,0.3748517381476937,5.0,1.0,1.2,0.0,,1.0,True,False,0.7,ambiguous_range,,True,True,True,True,seqslam+dinov2,2025-02-28T06:28:04.775126+00:00,2024-04-13T09:16:34.579902+00:00
2351,2324.0,2324.0,2324.0,False,1.7612664199485883,0.3728592834804163,5.0,0.0,1.2184897279289286,0.0,,0.0,False,False,0.7,matched,,True,True,True,True,seqslam+dinov2,2025-02-28T06:28:04.880939+00:00,2024-04-13T09:16:34.680881+00:00
2352,2325.0,2325.0,2325.0,False,1.8185896130107628,0.0708627933849062,5.0,0.0,1.2314447592067985,1.0,,0.0,False,False,0.7,matched,,True,True,True,True,seqslam+dinov2,2025-02-28T06:28:04.974165+00:00,2024-04-13T09:16:34.781128+00:00
2353,2326.0,2326.0,2326.0,False,1.8532069975373453,0.4596017055804822,5.0,0.0,1.238122495706926,0.0,,0.0,False,False,0.7,matched,,True,True,True,True,seqslam+dinov2,2025-02-28T06:28:05.075922+00:00,2024-04-13T09:16:34.884105+00:00
2354,2327.0,2327.0,2328.0,False,1.8664224981895203,0.22361127798999925,5.0,1.0,1.2314447592067987,1.0,,1.0,True,False,0.7,ambiguous_range,,True,True,True,True,seqslam+dinov2,2025-02-28T06:28:05.174580+00:00,2024-04-13T09:16:34.985641+00:00
2355,2329.0,2329.0,2330.0,False,1.931871541004873,-0.015829400789481474,5.0,1.0,1.2,1.0,,1.0,True,False,0.7,ambiguous_range,,True,True,True,True,seqslam+dinov2,2025-02-28T06:28:05.275190+00:00,2024-04-13T09:16:35.185601+00:00
2356,2331.0,2331.0,2331.0,False,1.8910183963086773,0.4836978604238942,5.0,1.0,1.1769590036325899,0.0,,0.0,False,False,0.7,matched,,True,True,True,True,seqslam+dinov2,2025-02-28T06:28:05.374890+00:00,2024-04-13T09:16:35.379178+00:00
2357,2332.0,2332.0,2332.0,False,1.8716463257209954,0.4082585911324128,5.0,1.0,1.1504709965294992,0.0,,0.0,False,False,0.7,matched,,True,True,True,True,seqslam+dinov2,2025-02-28T06:28:05.475606+00:00,2024-04-13T09:16:35.482955+00:00
2358,2333.0,2333.0,2333.0,False,1.8618889559390248,0.25705688664711657,4.0,1.0,1.1216470588235292,2.0,,0.0,False,False,0.7,matched,,True,True,True,True,seqslam+dinov2,2025-02-28T06:28:05.579361+00:00,2024-04-13T09:16:35.581798+00:00
2359,2334.0,2334.0,2334.0,False,1.8536999637671143,0.24900661490075637,4.0,1.0,1.1051789794364053,0.0,,0.0,False,False,0.7,matched,,True,True,True,True,seqslam+dinov2,2025-02-28T06:28:05.676161+00:00,2024-04-13T09:16:35.678567+00:00
2360,2335.0,2335.0,2335.0,False,1.8595409907266431,0.15794722140279616,4.0,1.0,1.0866332989842484,0.0,,0.0,False,False,0.7,matched,,True,True,True,True,seqslam+dinov2,2025-02-28T06:28:05.774709+00:00,2024-04-13T09:16:35.778994+00:00
2361,2336.0,2336.0,2336.0,False,1.88951591070496,-0.19034057275054295,4.0,1.0,1.0665108372290693,1.0,,0.0,False,False,0.7,matched,,True,True,True,True,seqslam+dinov2,2025-02-28T06:28:05.874507+00:00,2024-04-13T09:16:35.879668+00:00
2362,2337.0,2337.0,2337.0,False,1.8761585892948303,0.19816366767649773,4.0,1.0,1.0452940377563493,2.0,,0.0,False,False,0.7,matched,,True,True,True,True,seqslam+dinov2,2025-02-28T06:28:05.976263+00:00,2024-04-13T09:16:35.983279+00:00
2363,2338.0,2338.0,2338.0,False,1.8541546190849856,0.2872546423513249,4.0,1.0,1.0234263465282283,1.0,,0.0,False,False,0.7,matched,,True,True,True,True,seqslam+dinov2,2025-02-28T06:28:06.078769+00:00,2024-04-13T09:16:36.080364+00:00
2364,2339.0,2339.0,2339.0,False,1.853073204207487,0.5663547968849434,4.0,1.0,1.0120481927710845,1.0,,0.0,False,False,0.7,matched,,True,True,True,True,seqslam+dinov2,2025-02-28T06:28:06.178568+00:00,2024-04-13T09:16:36.178122+00:00
2365,2340.0,2340.0,2340.0,False,1.858117820772747,0.6773335204740063,4.0,1.0,1.0,0.0,,0.0,False,False,0.7,matched,,True,True,True,True,seqslam+dinov2,2025-02-28T06:28:06.276480+00:00,2024-04-13T09:16:36.278049+00:00
2366,2341.0,2341.0,2341.0,False,1.8704336538681559,0.6136695550759512,4.0,0.0,1.0,0.0,,0.0,False,False,0.7,matched,,True,True,True,True,seqslam+dinov2,2025-02-28T06:28:06.374726+00:00,2024-04-13T09:16:36.381502+00:00
2367,2342.0,2342.0,2342.0,False,1.9075313963803824,0.2785788265798985,4.0,0.0,1.0,1.0,,0.0,False,False,0.7,matched,,True,True,True,True,seqslam+dinov2,2025-02-28T06:28:06.476023+00:00,2024-04-13T09:16:36.483001+00:00
2368,2343.0,2343.0,2343.0,False,1.9289550257852361,0.30377618744902635,4.0,0.0,1.0,3.0,,0.0,False,False,0.7,matched,,True,True,True,True,seqslam+dinov2,2025-02-28T06:28:06.576276+00:00,2024-04-13T09:16:36.579917+00:00
2369,2344.0,2344.0,2344.0,False,1.9551059252158716,0.4214969635554695,4.0,0.0,1.0,2.0,,0.0,False,False,0.7,matched,,True,True,True,True,seqslam+dinov2,2025-02-28T06:28:06.675217+00:00,2024-04-13T09:16:36.677861+00:00
2370,2345.0,2345.0,2345.0,False,1.9459156893129672,0.5661815204082257,4.0,1.0,1.0,1.0,,0.0,False,False,0.7,matched,,True,True,True,True,seqslam+dinov2,2025-02-28T06:28:06.775107+00:00,2024-04-13T09:16:36.782031+00:00
2371,2346.0,2346.0,2346.0,False,1.951619910259535,0.7421123462197503,4.0,1.0,1.0120481927710845,0.0,,0.0,False,False,0.7,matched,,True,True,True,True,seqslam+dinov2,2025-02-28T06:28:06.875460+00:00,2024-04-13T09:16:36.878283+00:00
2372,2347.0,2347.0,2347.0,False,1.9760823985977671,0.4783245143383148,4.0,1.0,1.0234263465282283,1.0,,0.0,False,False,0.7,matched,,True,True,True,True,seqslam+dinov2,2025-02-28T06:28:06.977861+00:00,2024-04-13T09:16:36.980366+00:00
2373,2348.0,2348.0,2348.0,False,1.9854826756057193,0.5524990914620036,4.0,1.0,1.033996023856859,1.0,,0.0,False,False,0.7,matched,,True,True,True,True,seqslam+dinov2,2025-02-28T06:28:07.076780+00:00,2024-04-13T09:16:37.078287+00:00
2374,2349.0,2349.0,2349.0,False,2.0296514900781095,0.25303047767893894,4.0,1.0,1.0436191762322755,3.0,,0.0,False,False,0.7,matched,,True,True,True,True,seqslam+dinov2,2025-02-28T06:28:07.174101+00:00,2024-04-13T09:16:37.184112+00:00
2375,2350.0,2350.0,2350.0,False,2.0602653853702475,0.40012420412974903,5.0,1.0,1.0521619766643788,4.0,,0.0,False,False,0.7,matched,,True,True,True,True,seqslam+dinov2,2025-02-28T06:28:07.274504+00:00,2024-04-13T09:16:37.280521+00:00
2376,2351.0,2351.0,2351.0,False,2.075782979366536,0.4772645291567459,4.0,1.0,1.0594989561586639,4.0,,0.0,False,False,0.7,matched,,True,True,True,True,seqslam+dinov2,2025-02-28T06:28:07.376204+00:00,2024-04-13T09:16:37.378172+00:00
2377,2352.0,2352.0,2352.0,False,2.078612932010989,0.8666152674316188,4.0,1.0,1.0655172413793104,0.0,,0.0,False,False,0.7,matched,,True,True,True,True,seqslam+dinov2,2025-02-28T06:28:07.477785+00:00,2024-04-13T09:16:37.481790+00:00
2378,2353.0,2353.0,2353.0,False,2.079665764061879,0.5286444322536252,4.0,1.0,1.070120652945351,1.0,,0.0,False,False,0.7,matched,,True,True,True,True,seqslam+dinov2,2025-02-28T06:28:07.574893+00:00,2024-04-13T09:16:37.579800+00:00
2379,2354.0,2354.0,2354.0,False,2.1122716024409134,0.9164136613375029,4.0,1.0,1.0732334047109207,0.0,,0.0,False,False,0.7,matched,,True,True,True,True,seqslam+dinov2,2025-02-28T06:28:07.679427+00:00,2024-04-13T09:16:37.677752+00:00
2380,2355.0,2355.0,2356.0,False,2.1066701569764024,0.46600984970668957,3.0,3.0,1.0748031496062993,1.0,,1.0,True,False,0.9,ambiguous_range,,True,True,True,True,seqslam+dinov2,2025-02-28T06:28:07.778858+00:00,2024-04-13T09:16:37.778513+00:00
2381,2357.0,2357.0,2357.0,False,2.129633388665399,0.29207675569767444,4.0,3.0,1.087907249779865,3.0,,0.0,False,False,0.7,matched,,True,True,True,True,seqslam+dinov2,2025-02-28T06:28:07.875850+00:00,2024-04-13T09:16:37.978888+00:00
2382,2358.0,2358.0,2358.0,False,2.138388408016608,0.5149801626291683,4.0,2.0,1.0985630893578804,2.0,,0.0,False,False,0.7,matched,,True,True,True,True,seqslam+dinov2,2025-02-28T06:28:07.977707+00:00,2024-04-13T09:16:38.077878+00:00
2383,2359.0,2359.0,2359.0,False,2.119314370537601,0.4157362125163342,4.0,2.0,1.10643789857273,1.0,,0.0,False,False,0.7,matched,,True,True,True,True,seqslam+dinov2,2025-02-28T06:28:08.078325+00:00,2024-04-13T09:16:38.177728+00:00
2384,2360.0,2360.0,2360.0,False,2.1213430490714265,0.982377140372384,5.0,2.0,1.1257084382871538,0.0,,0.0,False,False,0.7,matched,,True,True,True,True,seqslam+dinov2,2025-02-28T06:28:08.175389+00:00,2024-04-13T09:16:38.284751+00:00
2385,2361.0,2361.0,2361.0,False,2.120379206781148,0.4375077611811804,5.0,2.0,1.1544411177644713,1.0,,0.0,False,False,0.7,matched,,True,True,True,True,seqslam+dinov2,2025-02-28T06:28:08.274474+00:00,2024-04-13T09:16:38.381997+00:00
2386,2362.0,2362.0,2362.0,False,2.1034320266756237,0.34663393662482034,4.0,3.0,1.1914760543245178,0.0,,0.0,False,False,0.7,matched,,True,True,True,True,seqslam+dinov2,2025-02-28T06:28:08.374286+00:00,2024-04-13T09:16:38.485658+00:00
2387,2363.0,2363.0,2363.0,False,2.0653286271115805,0.5396151316592095,4.0,3.0,1.2360163710777627,0.0,,0.0,False,False,0.7,matched,,True,True,True,True,seqslam+dinov2,2025-02-28T06:28:08.480813+00:00,2024-04-13T09:16:38.578197+00:00
2388,2364.0,2364.0,2364.0,False,2.0076247093958064,0.6015794048948928,5.0,3.0,1.2873303167420815,0.0,,0.0,False,False,0.7,matched,,True,True,True,True,seqslam+dinov2,2025-02-28T06:28:08.577671+00:00,2024-04-13T09:16:38.681781+00:00
2389,2365.0,2365.0,2365.0,False,1.987262673170706,0.3452136754588524,5.0,2.0,1.3444658789486381,1.0,,0.0,False,False,0.7,matched,,True,True,True,True,seqslam+dinov2,2025-02-28T06:28:08.675035+00:00,2024-04-13T09:16:38.784901+00:00
2390,2367.0,2366.0,2367.0,False,1.9414272259122463,0.6560512834937,5.0,3.0,1.4913505311077389,0.0,,1.0,True,False,0.7,ambiguous_range,,True,True,True,True,seqslam+dinov2,2025-02-28T06:28:08.775244+00:00,2024-04-13T09:16:38.978361+00:00
2391,2368.0,2368.0,2368.0,False,1.9132970492864416,0.47138049196163934,5.0,3.0,1.5834186284544527,5.0,,0.0,False,False,0.7,matched,,True,True,True,True,seqslam+dinov2,2025-02-28T06:28:08.875189+00:00,2024-04-13T09:16:39.078743+00:00
2392,2370.0,2369.0,2375.0,False,1.8692517552041705,0.01550265593501332,6.0,2.0,1.7758329818641925,5.0,,6.0,True,False,0.5,ambiguous_range,,True,True,True,True,seqslam+dinov2,2025-02-28T06:28:08.974432+00:00,2024-04-13T09:16:39.279060+00:00
2393,2376.0,2376.0,2376.0,False,1.8185864567846324,-0.27717484539706305,6.0,2.0,1.7044660194174759,6.0,,0.0,False,False,0.4,matched,,True,True,True,True,seqslam+dinov2,2025-02-28T06:28:09.074446+00:00,2024-04-13T09:16:39.878987+00:00
2394,2377.0,2377.0,2377.0,False,1.7525776983915344,-0.22133616969092684,6.0,2.0,1.6564885496183206,2257.0,,0.0,False,False,0.4,matched,,True,True,True,True,seqslam+dinov2,2025-02-28T06:28:09.174239+00:00,2024-04-13T09:16:39.978293+00:00
2395,2378.0,2378.0,2378.0,False,1.7301794492984528,-0.09765373579841663,8.0,3.0,1.6084953940634596,2258.0,,0.0,False,False,0.4,matched,,True,True,True,True,seqslam+dinov2,2025-02-28T06:28:09.279678+00:00,2024-04-13T09:16:40.077633+00:00
2396,2379.0,2379.0,2380.0,False,1.7080686439950206,-0.177142904360021,8.0,3.0,1.5268736936398926,7.0,,1.0,True,False,0.5,ambiguous_range,,True,True,True,True,seqslam+dinov2,2025-02-28T06:28:09.378727+00:00,2024-04-13T09:16:40.181905+00:00
2397,2381.0,2381.0,2381.0,False,1.6958236065579768,0.09226054890079749,8.0,3.0,1.5034364261168385,8.0,,0.0,False,False,0.4,matched,,True,True,True,True,seqslam+dinov2,2025-02-28T06:28:09.478076+00:00,2024-04-13T09:16:40.379364+00:00
2398,2382.0,2382.0,2382.0,False,1.6863828420426143,-0.10675847926328852,7.0,4.0,1.4785478547854787,1.0,,0.0,False,False,0.4,matched,,True,True,True,True,seqslam+dinov2,2025-02-28T06:28:09.575492+00:00,2024-04-13T09:16:40.478519+00:00
2399,2383.0,2383.0,2383.0,False,1.6920922464371344,-0.12843283523168392,6.0,4.0,1.4785478547854782,5.0,,0.0,False,False,0.4,matched,,True,True,True,True,seqslam+dinov2,2025-02-28T06:28:09.674669+00:00,2024-04-13T09:16:40.578633+00:00
2400,2385.0,2384.0,2385.0,False,1.648820439172146,0.28619888057067167,1.0,4.0,1.4978813559322033,0.0,,1.0,True,False,0.7,ambiguous_range,,True,True,True,True,seqslam+dinov2,2025-02-28T06:28:09.779554+00:00,2024-04-13T09:16:40.777515+00:00
2401,2387.0,2386.0,2387.0,False,1.5898185653341144,0.3891280796868619,5.0,2.0,1.540625,0.0,,1.0,True,False,0.7,ambiguous_range,,True,True,True,True,seqslam+dinov2,2025-02-28T06:28:09.875674+00:00,2024-04-13T09:16:40.979922+00:00
2402,2389.0,2388.0,2389.0,False,1.5534938293751146,0.2431552405014128,5.0,1.0,1.5643776824034337,2.0,,1.0,True,False,0.7,ambiguous_range,,True,True,True,True,seqslam+dinov2,2025-02-28T06:28:09.975261+00:00,2024-04-13T09:16:41.182770+00:00
2403,2391.0,2390.0,2391.0,False,1.5060462178489773,0.012395512871857584,3.0,0.0,1.595571838165021,2.0,,1.0,True,False,0.9,ambiguous_range,,True,True,True,True,seqslam+dinov2,2025-02-28T06:28:10.076421+00:00,2024-04-13T09:16:41.378244+00:00
2404,2392.0,2392.0,2393.0,False,1.470074678933023,-0.37657510699203356,2.0,1.0,1.5629402756508421,818.0,,1.0,True,False,0.7,ambiguous_range,,True,True,True,True,seqslam+dinov2,2025-02-28T06:28:10.175414+00:00,2024-04-13T09:16:41.480689+00:00
2405,2394.0,2394.0,2394.0,False,1.4620561131806091,-0.6160312416035383,2.0,1.0,1.5481981981981983,819.0,,0.0,False,False,0.7,matched,,True,True,True,True,seqslam+dinov2,2025-02-28T06:28:10.278812+00:00,2024-04-13T09:16:41.679129+00:00
2406,2395.0,2395.0,2395.0,False,1.4147805714894723,-0.6533485694560306,2.0,1.0,1.5409982174688057,820.0,,0.0,False,False,0.7,matched,,True,True,True,True,seqslam+dinov2,2025-02-28T06:28:10.378084+00:00,2024-04-13T09:16:41.778271+00:00
2407,2396.0,2396.0,2396.0,False,1.3252618025418352,-0.4942446564911829,2.0,2.0,1.5630755064456723,821.0,,0.0,False,False,0.7,matched,,True,True,True,True,seqslam+dinov2,2025-02-28T06:28:10.475771+00:00,2024-04-13T09:16:41.879095+00:00
2408,2397.0,2397.0,2398.0,False,1.266528917898391,-0.30737707375222967,2.0,2.0,1.6342132327733974,823.0,,1.0,True,False,0.7,ambiguous_range,,True,True,True,True,seqslam+dinov2,2025-02-28T06:28:10.577127+00:00,2024-04-13T09:16:41.983548+00:00
2409,2400.0,2399.0,2400.0,False,1.2309237653017266,-0.2416886154917035,1.0,3.0,1.7064479638009051,766.0,,1.0,True,False,0.7,ambiguous_range,,True,True,True,True,seqslam+dinov2,2025-02-28T06:28:10.674462+00:00,2024-04-13T09:16:42.280989+00:00
2410,2401.0,2401.0,2401.0,False,1.2035024504874494,0.03637882064946263,2.0,10.0,1.7178899082568813,2.0,,0.0,False,False,0.4,matched,,True,True,True,True,seqslam+dinov2,2025-02-28T06:28:10.774601+00:00,2024-04-13T09:16:42.378989+00:00
2411,2402.0,2402.0,2402.0,False,1.2435503905534546,-0.0156522169062423,2.0,10.0,1.7801724137931034,7.0,,0.0,False,False,0.4,matched,,True,True,True,True,seqslam+dinov2,2025-02-28T06:28:10.878670+00:00,2024-04-13T09:16:42.480967+00:00
2412,2403.0,2403.0,2408.0,False,1.2787233707398473,-0.30960135374063724,3.0,9.0,1.914473684210526,5.0,,5.0,True,False,0.5,ambiguous_range,,True,True,True,True,seqslam+dinov2,2025-02-28T06:28:10.975462+00:00,2024-04-13T09:16:42.580189+00:00
2413,2409.0,2409.0,2409.0,False,1.2758143460575992,-0.27133460151106625,2.0,9.0,1.8696043165467626,1336.0,,0.0,False,False,0.4,matched,,True,True,True,True,seqslam+dinov2,2025-02-28T06:28:11.076068+00:00,2024-04-13T09:16:43.180620+00:00
2414,2410.0,2410.0,2410.0,False,1.279989074636642,-0.14929072577592373,2.0,9.0,1.786037891268534,8.0,,0.0,False,False,0.4,matched,,True,True,True,True,seqslam+dinov2,2025-02-28T06:28:11.175613+00:00,2024-04-13T09:16:43.285851+00:00
2415,2411.0,2411.0,2412.0,False,1.2968594809010556,-0.1656912525431744,1.0,9.0,1.6206365503080082,2.0,,1.0,True,False,0.5,ambiguous_range,,True,True,True,True,seqslam+dinov2,2025-02-28T06:28:11.275547+00:00,2024-04-13T09:16:43.379283+00:00
2416,2414.0,2413.0,2414.0,False,1.2965159435860358,0.09578781088919763,1.0,10.0,1.4275835073068892,0.0,,1.0,True,False,0.5,ambiguous_range,,True,True,True,True,seqslam+dinov2,2025-02-28T06:28:11.376043+00:00,2024-04-13T09:16:43.680140+00:00
2417,2415.0,2415.0,2415.0,False,1.274678487396198,0.019577068410923992,0.0,10.0,1.3488238007380073,0.0,,0.0,False,False,0.4,matched,,True,True,True,True,seqslam+dinov2,2025-02-28T06:28:11.479512+00:00,2024-04-13T09:16:43.779116+00:00
2418,2416.0,2416.0,2417.0,False,1.3131096587112874,-0.33750367656999547,3.0,0.0,1.232469512195122,1488.0,,1.0,True,False,0.7,ambiguous_range,,True,True,True,True,seqslam+dinov2,2025-02-28T06:28:11.575525+00:00,2024-04-13T09:16:43.882007+00:00
2419,2418.0,2418.0,2418.0,False,1.3178863008006767,-0.3216675717396589,3.0,0.0,1.1933095450490632,1489.0,,0.0,False,False,0.7,matched,,True,True,True,True,seqslam+dinov2,2025-02-28T06:28:11.680796+00:00,2024-04-13T09:16:44.078135+00:00
2420,2419.0,2419.0,2419.0,False,1.3175580170651804,-0.16736331863509735,7.0,0.0,1.1864093072448438,1523.0,,0.0,False,False,0.4,matched,,True,True,True,True,seqslam+dinov2,2025-02-28T06:28:11.774433+00:00,2024-04-13T09:16:44.182570+00:00
2421,2420.0,2420.0,2420.0,False,1.2772345670966188,-0.004015476937482276,7.0,0.0,1.1730934756412466,1491.0,,0.0,False,False,0.4,matched,,True,True,True,True,seqslam+dinov2,2025-02-28T06:28:11.875252+00:00,2024-04-13T09:16:44.284425+00:00
2422,2421.0,2421.0,2421.0,False,1.1663084262058705,-0.49008448100837954,8.0,0.0,1.170261941448382,1525.0,,0.0,False,False,0.4,matched,,True,True,True,True,seqslam+dinov2,2025-02-28T06:28:11.974341+00:00,2024-04-13T09:16:44.380564+00:00
2423,2422.0,2422.0,2422.0,False,1.0223066793241455,0.0262590741833979,9.0,1.0,1.1605912985049558,10.0,,0.0,False,False,0.4,matched,,True,True,True,True,seqslam+dinov2,2025-02-28T06:28:12.077095+00:00,2024-04-13T09:16:44.483693+00:00
2424,2423.0,2423.0,2423.0,False,0.9734224342311637,-0.15320359406663653,9.0,1.0,1.1590452261306536,9.0,,0.0,False,False,0.4,matched,,True,True,True,True,seqslam+dinov2,2025-02-28T06:28:12.175501+00:00,2024-04-13T09:16:44.580675+00:00
2425,2424.0,2424.0,2424.0,False,0.9606571622922492,-0.1255306743120257,9.0,1.0,1.1514450867052024,9.0,,0.0,False,False,0.4,matched,,True,True,True,True,seqslam+dinov2,2025-02-28T06:28:12.278438+00:00,2024-04-13T09:16:44.687509+00:00
2426,2425.0,2425.0,2425.0,False,0.9195291959312285,-0.8092625843609708,9.0,1.0,1.1548429971756107,1993.0,,0.0,False,False,0.4,matched,,True,True,True,True,seqslam+dinov2,2025-02-28T06:28:12.376541+00:00,2024-04-13T09:16:44.786468+00:00
2427,2426.0,2426.0,2426.0,False,0.8895174805386535,-0.9674812573985138,9.0,1.0,1.1531389763127384,1900.0,,0.0,False,False,0.4,matched,,True,True,True,True,seqslam+dinov2,2025-02-28T06:28:12.477766+00:00,2024-04-13T09:16:44.879076+00:00
2428,2427.0,2427.0,2427.0,False,0.8762277339838864,-1.3556143477300227,9.0,1.0,1.1464233098706824,1901.0,,0.0,False,False,0.4,matched,,True,True,True,True,seqslam+dinov2,2025-02-28T06:28:12.578010+00:00,2024-04-13T09:16:44.978607+00:00
2429,2429.0,2428.0,2429.0,False,0.8233079328295146,-0.48674069687575616,9.0,1.0,1.1577147623019184,1845.0,,1.0,True,False,0.5,ambiguous_range,,True,True,True,True,seqslam+dinov2,2025-02-28T06:28:12.675419+00:00,2024-04-13T09:16:45.178612+00:00
2430,2431.0,2430.0,2431.0,False,0.7878760048660968,-0.3286660395534422,9.0,0.0,1.1539035305818004,1847.0,,1.0,True,False,0.5,ambiguous_range,,True,True,True,True,seqslam+dinov2,2025-02-28T06:28:12.774100+00:00,2024-04-13T09:16:45.378497+00:00
2431,2432.0,2432.0,2432.0,False,0.7300722372137219,-0.3995876052843037,9.0,1.0,1.1464233098706824,1584.0,,0.0,False,False,,no_match,ridge_z below tau (0.75),True,True,True,True,seqslam+dinov2,2025-02-28T06:28:12.874388+00:00,2024-04-13T09:16:45.477898+00:00
2432,2433.0,2433.0,2433.0,False,0.763386641836767,-0.3945708239335908,9.0,1.0,1.1355455568053994,1585.0,,0.0,False,False,0.4,matched,,True,True,True,True,seqslam+dinov2,2025-02-28T06:28:12.974384+00:00,2024-04-13T09:16:45.577655+00:00
2433,2434.0,2434.0,2434.0,False,0.8104221107550764,-0.5622758801679685,9.0,1.0,1.1216470588235292,1585.0,,0.0,False,False,0.4,matched,,True,True,True,True,seqslam+dinov2,2025-02-28T06:28:13.074306+00:00,2024-04-13T09:16:45.679409+00:00
2434,2435.0,2435.0,2435.0,False,0.8899242119924977,-0.588885920648466,9.0,1.0,1.1051789794364053,1548.0,,0.0,False,False,0.4,matched,,True,True,True,True,seqslam+dinov2,2025-02-28T06:28:13.174135+00:00,2024-04-13T09:16:45.778973+00:00
2435,2436.0,2436.0,2436.0,False,0.908400850913189,-0.604656279990511,9.0,1.0,1.0866332989842484,343.0,,0.0,False,False,0.4,matched,,True,True,True,True,seqslam+dinov2,2025-02-28T06:28:13.274308+00:00,2024-04-13T09:16:45.880469+00:00
2436,2437.0,2437.0,2437.0,False,0.8823848949300191,-0.6604128319363265,9.0,1.0,1.0665108372290693,1023.0,,0.0,False,False,0.4,matched,,True,True,True,True,seqslam+dinov2,2025-02-28T06:28:13.374164+00:00,2024-04-13T09:16:45.982194+00:00
2437,2438.0,2438.0,2438.0,False,0.9006710672121532,-0.25122131313694274,7.0,1.0,1.0452940377563493,246.0,,0.0,False,False,0.4,matched,,True,True,True,True,seqslam+dinov2,2025-02-28T06:28:13.475007+00:00,2024-04-13T09:16:46.078628+00:00
2438,2439.0,2439.0,2439.0,False,0.8936995136628906,-0.42150659142763436,7.0,1.0,1.0234263465282283,2321.0,,0.0,False,False,0.4,matched,,True,True,True,True,seqslam+dinov2,2025-02-28T06:28:13.574555+00:00,2024-04-13T09:16:46.177918+00:00
2439,2440.0,2440.0,2440.0,False,0.9004322184329933,-0.5571358039738104,7.0,1.0,1.0120481927710845,2321.0,,0.0,False,False,0.4,matched,,True,True,True,True,seqslam+dinov2,2025-02-28T06:28:13.675382+00:00,2024-04-13T09:16:46.284095+00:00
2440,2441.0,2441.0,2441.0,False,0.9142640488422,-0.5651367716999388,7.0,1.0,1.0120481927710845,340.0,,0.0,False,False,0.4,matched,,True,True,True,True,seqslam+dinov2,2025-02-28T06:28:13.775598+00:00,2024-04-13T09:16:46.380300+00:00
2441,2442.0,2442.0,2442.0,False,0.9371758907502241,-0.5701957329904239,7.0,1.0,1.0234263465282283,1787.0,,0.0,False,False,0.4,matched,,True,True,True,True,seqslam+dinov2,2025-02-28T06:28:13.874205+00:00,2024-04-13T09:16:46.479382+00:00
2442,2443.0,2443.0,2443.0,False,0.958937527305471,-0.14202563072679864,7.0,1.0,1.033996023856859,13.0,,0.0,False,False,0.4,matched,,True,True,True,True,seqslam+dinov2,2025-02-28T06:28:13.974416+00:00,2024-04-13T09:16:46.578298+00:00
2443,2444.0,2444.0,2444.0,False,0.9329733896892535,-0.367256546539095,7.0,1.0,1.0436191762322755,12.0,,0.0,False,False,0.4,matched,,True,True,True,True,seqslam+dinov2,2025-02-28T06:28:14.078285+00:00,2024-04-13T09:16:46.687421+00:00
2444,2445.0,2445.0,2445.0,False,0.9692638450404455,-0.43837591205117943,7.0,1.0,1.0521619766643788,12.0,,0.0,False,False,0.4,matched,,True,True,True,True,seqslam+dinov2,2025-02-28T06:28:14.175112+00:00,2024-04-13T09:16:46.780729+00:00
2445,2446.0,2446.0,2446.0,False,1.0406162895207909,-0.35507946422778414,7.0,2.0,1.0594989561586639,10.0,,0.0,False,False,0.4,matched,,True,True,True,True,seqslam+dinov2,2025-02-28T06:28:14.278388+00:00,2024-04-13T09:16:46.880397+00:00
2446,2447.0,2447.0,2447.0,False,1.0983277338520627,-0.4371990665596841,7.0,2.0,1.078985402514814,1921.0,,0.0,False,False,0.4,matched,,True,True,True,True,seqslam+dinov2,2025-02-28T06:28:14.378491+00:00,2024-04-13T09:16:46.979105+00:00
2447,2448.0,2448.0,2448.0,False,1.1768784637145537,-0.7367300858181739,7.0,2.0,1.0969212374831865,1922.0,,0.0,False,False,0.4,matched,,True,True,True,True,seqslam+dinov2,2025-02-28T06:28:14.479318+00:00,2024-04-13T09:16:47.079122+00:00
2448,2449.0,2449.0,2449.0,False,1.2071907961093336,-0.6151039795800597,7.0,2.0,1.112828795569912,1920.0,,0.0,False,False,0.4,matched,,True,True,True,True,seqslam+dinov2,2025-02-28T06:28:14.580479+00:00,2024-04-13T09:16:47.178596+00:00
2449,2451.0,2450.0,2451.0,False,1.2687868004199065,-0.23952409083350257,6.0,2.0,1.1367281475541298,1371.0,,1.0,True,False,0.5,ambiguous_range,,True,True,True,True,seqslam+dinov2,2025-02-28T06:28:14.681861+00:00,2024-04-13T09:16:47.383907+00:00
2450,2452.0,2452.0,2452.0,False,1.3212998957927866,0.20183419449805928,6.0,2.0,1.1439357038480276,0.0,,0.0,False,False,0.4,matched,,True,True,True,True,seqslam+dinov2,2025-02-28T06:28:14.776602+00:00,2024-04-13T09:16:47.483549+00:00
2451,2453.0,2453.0,2453.0,False,1.3866891077712273,0.2588576604816277,6.0,2.0,1.147606600228721,0.0,,0.0,False,False,0.4,matched,,True,True,True,True,seqslam+dinov2,2025-02-28T06:28:14.876499+00:00,2024-04-13T09:16:47.580142+00:00
2452,2454.0,2454.0,2454.0,False,1.4560495557673085,0.1156273534283907,6.0,2.0,1.147606600228721,0.0,,0.0,False,False,0.4,matched,,True,True,True,True,seqslam+dinov2,2025-02-28T06:28:14.974990+00:00,2024-04-13T09:16:47.679189+00:00
2453,2455.0,2455.0,2455.0,False,1.5537782584698412,0.13521704989272298,6.0,2.0,1.1439357038480276,1.0,,0.0,False,False,0.4,matched,,True,True,True,True,seqslam+dinov2,2025-02-28T06:28:15.079805+00:00,2024-04-13T09:16:47.778056+00:00
2454,2456.0,2456.0,2457.0,False,1.6390093383317612,0.22861703457587312,5.0,1.0,1.1590795397698848,1.0,,1.0,True,False,0.7,ambiguous_range,,True,True,True,True,seqslam+dinov2,2025-02-28T06:28:15.178468+00:00,2024-04-13T09:16:47.882220+00:00
2455,2458.0,2458.0,2458.0,False,1.6450810132165459,0.1631195299825432,5.0,1.0,1.1590795397698848,4.0,,0.0,False,False,0.7,matched,,True,True,True,True,seqslam+dinov2,2025-02-28T06:28:15.275161+00:00,2024-04-13T09:16:48.080756+00:00
2456,2459.0,2459.0,2459.0,False,1.6059080742602456,0.25166165527029727,5.0,1.0,1.1539414972731779,0.0,,0.0,False,False,0.7,matched,,True,True,True,True,seqslam+dinov2,2025-02-28T06:28:15.378139+00:00,2024-04-13T09:16:48.180432+00:00
2457,2460.0,2460.0,2460.0,False,1.603220065064695,0.4340119715342181,5.0,1.0,1.1439357038480276,0.0,,0.0,False,False,0.7,matched,,True,True,True,True,seqslam+dinov2,2025-02-28T06:28:15.481536+00:00,2024-04-13T09:16:48.280785+00:00
2458,2461.0,2461.0,2461.0,False,1.6034315211028163,0.5806896454349921,5.0,1.0,1.1295681063122924,0.0,,0.0,False,False,0.7,matched,,True,True,True,True,seqslam+dinov2,2025-02-28T06:28:15.578231+00:00,2024-04-13T09:16:48.379009+00:00
2459,2462.0,2462.0,2462.0,False,1.6262993516926294,0.20292034185234797,5.0,1.0,1.1278391167192428,0.0,,0.0,False,False,0.7,matched,,True,True,True,True,seqslam+dinov2,2025-02-28T06:28:15.680611+00:00,2024-04-13T09:16:48.481905+00:00
2460,2463.0,2463.0,2463.0,False,1.6480310797475815,-0.39075736683706097,5.0,1.0,1.1388799485033794,1381.0,,0.0,False,False,0.7,matched,,True,True,True,True,seqslam+dinov2,2025-02-28T06:28:15.775869+00:00,2024-04-13T09:16:48.578764+00:00
2461,2464.0,2464.0,2464.0,False,1.6842828850167593,-0.3324543358122558,5.0,1.0,1.1453923803321393,1382.0,,0.0,False,False,0.7,matched,,True,True,True,True,seqslam+dinov2,2025-02-28T06:28:15.875191+00:00,2024-04-13T09:16:48.681226+00:00
2462,2466.0,2465.0,2466.0,False,1.6857063348884116,-0.41646432939519484,4.0,0.0,1.14375,1384.0,,1.0,True,False,0.7,ambiguous_range,,True,True,True,True,seqslam+dinov2,2025-02-28T06:28:15.975414+00:00,2024-04-13T09:16:48.879238+00:00
2463,2467.0,2467.0,2467.0,False,1.6962465728083926,0.1812158140604727,4.0,0.0,1.1356799999999998,0.0,,0.0,False,False,0.7,matched,,True,True,True,True,seqslam+dinov2,2025-02-28T06:28:16.075955+00:00,2024-04-13T09:16:48.977946+00:00
2464,2468.0,2468.0,2468.0,False,1.680483967274352,0.04056711784973954,4.0,0.0,1.1410463426449216,0.0,,0.0,False,False,0.7,matched,,True,True,True,True,seqslam+dinov2,2025-02-28T06:28:16.175616+00:00,2024-04-13T09:16:49.078142+00:00
2465,2469.0,2469.0,2469.0,False,1.690588685076296,0.42673631271158285,4.0,0.0,1.1428571428571428,0.0,,0.0,False,False,0.7,matched,,True,True,True,True,seqslam+dinov2,2025-02-28T06:28:16.274118+00:00,2024-04-13T09:16:49.177863+00:00
2466,2470.0,2470.0,2470.0,False,1.7257092306880948,0.3206813756502811,4.0,0.0,1.1410463426449216,0.0,,0.0,False,False,0.7,matched,,True,True,True,True,seqslam+dinov2,2025-02-28T06:28:16.375368+00:00,2024-04-13T09:16:49.279173+00:00
2467,2471.0,2471.0,2471.0,False,1.7671129175322255,0.18630302489169726,4.0,0.0,1.1356799999999998,4.0,,0.0,False,False,0.7,matched,,True,True,True,True,seqslam+dinov2,2025-02-28T06:28:16.474347+00:00,2024-04-13T09:16:49.384606+00:00
2468,2473.0,2472.0,2473.0,False,1.8083884308607678,0.5856458106904001,3.0,1.0,1.1151589996912628,0.0,,1.0,True,False,0.9,ambiguous_range,,True,True,True,True,seqslam+dinov2,2025-02-28T06:28:16.574869+00:00,2024-04-13T09:16:49.577646+00:00
2469,2474.0,2474.0,2474.0,False,1.8303017006859035,0.3487976458224593,3.0,1.0,1.1006918333584,1.0,,0.0,False,False,0.9,matched,,True,True,True,True,seqslam+dinov2,2025-02-28T06:28:16.677732+00:00,2024-04-13T09:16:49.678117+00:00
2470,2475.0,2475.0,2475.0,False,1.8265755760450604,0.5224900831755763,3.0,1.0,1.0839895013123357,0.0,,0.0,False,False,0.9,matched,,True,True,True,True,seqslam+dinov2,2025-02-28T06:28:16.775968+00:00,2024-04-13T09:16:49.778121+00:00
2471,2476.0,2476.0,2476.0,False,1.8117300520975974,0.5720408447055412,3.0,1.0,1.080078125,0.0,,0.0,False,False,0.9,matched,,True,True,True,True,seqslam+dinov2,2025-02-28T06:28:16.876641+00:00,2024-04-13T09:16:49.878232+00:00
2472,2477.0,2477.0,2477.0,False,1.7717925707142932,0.36213299375920993,3.0,1.0,1.087428487604518,1.0,,0.0,False,False,0.9,matched,,True,True,True,True,seqslam+dinov2,2025-02-28T06:28:16.975196+00:00,2024-04-13T09:16:49.978769+00:00
2473,2478.0,2478.0,2478.0,False,1.752505503792846,0.4587663622518654,3.0,1.0,1.091937869822485,0.0,,0.0,False,False,0.9,matched,,True,True,True,True,seqslam+dinov2,2025-02-28T06:28:17.078132+00:00,2024-04-13T09:16:50.081502+00:00
2474,2479.0,2479.0,2479.0,False,1.7336065666626086,0.4621752510590069,3.0,1.0,1.0934579439252337,0.0,,0.0,False,False,0.9,matched,,True,True,True,True,seqslam+dinov2,2025-02-28T06:28:17.177429+00:00,2024-04-13T09:16:50.181518+00:00
2475,2480.0,2480.0,2480.0,False,1.745916720824051,0.2729084894437692,3.0,1.0,1.091937869822485,0.0,,0.0,False,False,0.9,matched,,True,True,True,True,seqslam+dinov2,2025-02-28T06:28:17.279375+00:00,2024-04-13T09:16:50.279241+00:00
2476,2481.0,2481.0,2481.0,False,1.7536490850378377,0.3811713960607681,5.0,0.0,1.087428487604518,8.0,,0.0,False,False,0.7,matched,,True,True,True,True,seqslam+dinov2,2025-02-28T06:28:17.378795+00:00,2024-04-13T09:16:50.378920+00:00
2477,2482.0,2482.0,2482.0,False,1.7698581860815568,0.06739916771454446,5.0,0.0,1.080078125,7.0,,0.0,False,False,0.7,matched,,True,True,True,True,seqslam+dinov2,2025-02-28T06:28:17.474693+00:00,2024-04-13T09:16:50.480194+00:00
2478,2483.0,2483.0,2483.0,False,1.7905835014538345,0.09373243297163558,7.0,0.0,1.070120652945351,5.0,,0.0,False,False,0.4,matched,,True,True,True,True,seqslam+dinov2,2025-02-28T06:28:17.576153+00:00,2024-04-13T09:16:50.583069+00:00
2479,2484.0,2484.0,2484.0,False,1.783983534733037,0.40130672931922806,7.0,0.0,1.0732334047109207,5.0,,0.0,False,False,0.4,matched,,True,True,True,True,seqslam+dinov2,2025-02-28T06:28:17.675165+00:00,2024-04-13T09:16:50.678953+00:00
2480,2485.0,2485.0,2486.0,False,1.7888845685063004,0.528061680889194,7.0,1.0,1.0748031496062993,3.0,,1.0,True,False,0.5,ambiguous_range,,True,True,True,True,seqslam+dinov2,2025-02-28T06:28:17.775159+00:00,2024-04-13T09:16:50.779018+00:00
2481,2487.0,2487.0,2487.0,False,1.8229681725069469,0.7626751613014493,6.0,0.0,1.0732334047109207,0.0,,0.0,False,False,0.4,matched,,True,True,True,True,seqslam+dinov2,2025-02-28T06:28:17.874443+00:00,2024-04-13T09:16:50.979721+00:00
2482,2488.0,2488.0,2488.0,False,1.8582309003257849,0.7114831956903771,6.0,0.0,1.0701206529453513,0.0,,0.0,False,False,0.4,matched,,True,True,True,True,seqslam+dinov2,2025-02-28T06:28:17.974338+00:00,2024-04-13T09:16:51.082798+00:00
2483,2489.0,2489.0,2489.0,False,1.900333786953855,0.38832423279727335,6.0,0.0,1.0655172413793104,0.0,,0.0,False,False,0.4,matched,,True,True,True,True,seqslam+dinov2,2025-02-28T06:28:18.079232+00:00,2024-04-13T09:16:51.179268+00:00
2484,2490.0,2490.0,2490.0,False,1.9442335993085484,0.5908952400111298,6.0,0.0,1.0594989561586639,1.0,,0.0,False,False,0.4,matched,,True,True,True,True,seqslam+dinov2,2025-02-28T06:28:18.175876+00:00,2024-04-13T09:16:51.280817+00:00
2485,2491.0,2491.0,2491.0,False,1.981566183500903,0.6010605835467366,6.0,0.0,1.0662905500705218,0.0,,0.0,False,False,0.4,matched,,True,True,True,True,seqslam+dinov2,2025-02-28T06:28:18.278808+00:00,2024-04-13T09:16:51.378819+00:00
2486,2492.0,2492.0,2492.0,False,1.9986514872215908,0.5836881356017276,6.0,0.0,1.0704535759988625,0.0,,0.0,False,False,0.4,matched,,True,True,True,True,seqslam+dinov2,2025-02-28T06:28:18.375540+00:00,2024-04-13T09:16:51.481280+00:00
2487,2493.0,2493.0,2493.0,False,2.0027392096212813,0.4907965275898396,6.0,0.0,1.0718562874251496,0.0,,0.0,False,False,0.4,matched,,True,True,True,True,seqslam+dinov2,2025-02-28T06:28:18.475204+00:00,2024-04-13T09:16:51.579513+00:00
2488,2494.0,2494.0,2494.0,False,1.980197213767262,0.30026292881104544,6.0,0.0,1.0704535759988625,0.0,,0.0,False,False,0.4,matched,,True,True,True,True,seqslam+dinov2,2025-02-28T06:28:18.575596+00:00,2024-04-13T09:16:51.679259+00:00
2489,2495.0,2495.0,2495.0,False,1.9722190233285495,0.5443218191831778,6.0,0.0,1.066290550070522,0.0,,0.0,False,False,0.4,matched,,True,True,True,True,seqslam+dinov2,2025-02-28T06:28:18.678246+00:00,2024-04-13T09:16:51.777704+00:00
2490,2496.0,2496.0,2496.0,False,1.9735349625206546,0.6649089629592133,6.0,0.0,1.0594989561586639,0.0,,0.0,False,False,0.4,matched,,True,True,True,True,seqslam+dinov2,2025-02-28T06:28:18.776751+00:00,2024-04-13T09:16:51.878055+00:00
2491,2497.0,2497.0,2497.0,False,1.9525552649449645,0.3761101762877508,6.0,0.0,1.0655172413793104,0.0,,0.0,False,False,0.4,matched,,True,True,True,True,seqslam+dinov2,2025-02-28T06:28:18.874577+00:00,2024-04-13T09:16:51.978713+00:00
2492,2498.0,2498.0,2498.0,False,1.9421943125526746,0.5249509796840375,6.0,1.0,1.070120652945351,0.0,,0.0,False,False,0.4,matched,,True,True,True,True,seqslam+dinov2,2025-02-28T06:28:18.976083+00:00,2024-04-13T09:16:52.078996+00:00
2493,2499.0,2499.0,2499.0,False,1.8895483715668129,0.2116453564511902,6.0,1.0,1.0732334047109207,0.0,,0.0,False,False,0.4,matched,,True,True,True,True,seqslam+dinov2,2025-02-28T06:28:19.076668+00:00,2024-04-13T09:16:52.179780+00:00
2494,2501.0,2500.0,2501.0,False,1.8387034258468367,0.40453391340021194,5.0,1.0,1.0748031496062993,0.0,,1.0,True,False,0.7,ambiguous_range,,True,True,True,True,seqslam+dinov2,2025-02-28T06:28:19.174837+00:00,2024-04-13T09:16:52.381686+00:00
2495,2502.0,2502.0,2502.0,False,1.756782869319412,0.5489765476610216,5.0,1.0,1.0732334047109207,0.0,,0.0,False,False,0.7,matched,,True,True,True,True,seqslam+dinov2,2025-02-28T06:28:19.278246+00:00,2024-04-13T09:16:52.483096+00:00
2496,2503.0,2503.0,2503.0,False,1.640880649907732,0.26629093401635306,5.0,1.0,1.0701206529453513,1.0,,0.0,False,False,0.7,matched,,True,True,True,True,seqslam+dinov2,2025-02-28T06:28:19.379055+00:00,2024-04-13T09:16:52.583387+00:00
2497,2504.0,2504.0,2504.0,False,1.5256546738805221,0.5173497968717802,5.0,1.0,1.0655172413793104,0.0,,0.0,False,False,0.7,matched,,True,True,True,True,seqslam+dinov2,2025-02-28T06:28:19.474571+00:00,2024-04-13T09:16:52.679776+00:00
2498,2505.0,2505.0,2505.0,False,1.4022780254004654,-0.03990244147964783,5.0,1.0,1.0594989561586639,1.0,,0.0,False,False,0.7,matched,,True,True,True,True,seqslam+dinov2,2025-02-28T06:28:19.575819+00:00,2024-04-13T09:16:52.779493+00:00
2499,2506.0,2506.0,2506.0,False,1.3154979370796012,0.09158999006672608,5.0,1.0,1.0521619766643788,2.0,,0.0,False,False,0.7,matched,,True,True,True,True,seqslam+dinov2,2025-02-28T06:28:19.674824+00:00,2024-04-13T09:16:52.881074+00:00
2500,2507.0,2507.0,2507.0,False,1.235778961992533,-0.34251393059311885,5.0,1.0,1.0574282147315857,1261.0,,0.0,False,False,0.7,matched,,True,True,True,True,seqslam+dinov2,2025-02-28T06:28:19.779086+00:00,2024-04-13T09:16:52.978530+00:00
2501,2508.0,2508.0,2508.0,False,1.1545812199469674,-0.6072922280246651,5.0,1.0,1.0601031934179335,1262.0,,0.0,False,False,0.7,matched,,True,True,True,True,seqslam+dinov2,2025-02-28T06:28:19.874689+00:00,2024-04-13T09:16:53.078567+00:00
2502,2509.0,2509.0,2509.0,False,1.0896186515077864,-0.7651883788023717,5.0,1.0,1.0601031934179335,1264.0,,0.0,False,False,0.7,matched,,True,True,True,True,seqslam+dinov2,2025-02-28T06:28:19.976576+00:00,2024-04-13T09:16:53.185439+00:00
2503,2510.0,2510.0,2510.0,False,1.0161008317167919,-0.7857046129075487,5.0,1.0,1.0574282147315857,1137.0,,0.0,False,False,0.7,matched,,True,True,True,True,seqslam+dinov2,2025-02-28T06:28:20.076617+00:00,2024-04-13T09:16:53.278709+00:00
2504,2511.0,2511.0,2511.0,False,0.9581572943797365,-0.630769896611781,5.0,1.0,1.0521619766643788,1266.0,,0.0,False,False,0.4,matched,,True,True,True,True,seqslam+dinov2,2025-02-28T06:28:20.174698+00:00,2024-04-13T09:16:53.379046+00:00
2505,2512.0,2512.0,2512.0,False,0.9150779055705385,-0.4292236507857021,5.0,1.0,1.0594989561586639,1692.0,,0.0,False,False,0.4,matched,,True,True,True,True,seqslam+dinov2,2025-02-28T06:28:20.278038+00:00,2024-04-13T09:16:53.479350+00:00
2506,2513.0,2513.0,2513.0,False,0.9240679908825612,-0.44414686071754694,4.0,0.0,1.0655172413793104,324.0,,0.0,False,False,0.4,matched,,True,True,True,True,seqslam+dinov2,2025-02-28T06:28:20.376234+00:00,2024-04-13T09:16:53.577756+00:00
2507,2514.0,2514.0,2514.0,False,0.9611048798888635,-0.3757633439019643,4.0,0.0,1.070120652945351,1153.0,,0.0,False,False,0.4,matched,,True,True,True,True,seqslam+dinov2,2025-02-28T06:28:20.475065+00:00,2024-04-13T09:16:53.678960+00:00
2508,2515.0,2515.0,2515.0,False,1.0117268193445519,-0.28030413176748703,4.0,1.0,1.0732334047109207,323.0,,0.0,False,False,0.7,matched,,True,True,True,True,seqslam+dinov2,2025-02-28T06:28:20.574750+00:00,2024-04-13T09:16:53.778518+00:00
2509,2516.0,2516.0,2517.0,False,1.0461030122300008,-0.7126383296785287,4.0,0.0,1.0748031496062993,1152.0,,1.0,True,False,0.7,ambiguous_range,,True,True,True,True,seqslam+dinov2,2025-02-28T06:28:20.675051+00:00,2024-04-13T09:16:53.877825+00:00
2510,2518.0,2518.0,2518.0,False,1.0883306212574773,-0.4719929108758528,4.0,0.0,1.0732334047109207,797.0,,0.0,False,False,0.7,matched,,True,True,True,True,seqslam+dinov2,2025-02-28T06:28:20.775764+00:00,2024-04-13T09:16:54.079081+00:00
2511,2519.0,2519.0,2519.0,False,1.1084420678886444,-0.22668765595108464,4.0,0.0,1.0701206529453513,326.0,,0.0,False,False,0.7,matched,,True,True,True,True,seqslam+dinov2,2025-02-28T06:28:20.875026+00:00,2024-04-13T09:16:54.177984+00:00
2512,2520.0,2520.0,2520.0,False,1.138670512221182,-0.10009584975232544,4.0,0.0,1.0655172413793104,1365.0,,0.0,False,False,0.7,matched,,True,True,True,True,seqslam+dinov2,2025-02-28T06:28:20.974524+00:00,2024-04-13T09:16:54.281451+00:00
2513,2521.0,2521.0,2521.0,False,1.1787297063674853,-0.3799466810997443,4.0,0.0,1.0594989561586639,328.0,,0.0,False,False,0.7,matched,,True,True,True,True,seqslam+dinov2,2025-02-28T06:28:21.078349+00:00,2024-04-13T09:16:54.379120+00:00
2514,2522.0,2522.0,2522.0,False,1.2172622661722232,-0.43429431158080756,4.0,0.0,1.0521619766643788,1159.0,,0.0,False,False,0.7,matched,,True,True,True,True,seqslam+dinov2,2025-02-28T06:28:21.174977+00:00,2024-04-13T09:16:54.479437+00:00
2515,2523.0,2523.0,2523.0,False,1.290831804204785,-0.08274736994137433,4.0,0.0,1.0574282147315857,330.0,,0.0,False,False,0.7,matched,,True,True,True,True,seqslam+dinov2,2025-02-28T06:28:21.279721+00:00,2024-04-13T09:16:54.582004+00:00
2516,2524.0,2524.0,2524.0,False,1.3736712911545073,-0.2712971688635448,4.0,0.0,1.0601031934179335,1678.0,,0.0,False,False,0.7,matched,,True,True,True,True,seqslam+dinov2,2025-02-28T06:28:21.375742+00:00,2024-04-13T09:16:54.677912+00:00
2517,2525.0,2525.0,2525.0,False,1.4312324182761538,-0.18736446768197368,4.0,0.0,1.0601031934179335,332.0,,0.0,False,False,0.7,matched,,True,True,True,True,seqslam+dinov2,2025-02-28T06:28:21.475724+00:00,2024-04-13T09:16:54.777997+00:00
2518,2526.0,2526.0,2526.0,False,1.482146321897951,-0.07004960322217624,4.0,0.0,1.0574282147315857,333.0,,0.0,False,False,0.7,matched,,True,True,True,True,seqslam+dinov2,2025-02-28T06:28:21.579901+00:00,2024-04-13T09:16:54.881080+00:00
2519,2527.0,2527.0,2527.0,False,1.5339151859295663,0.08281553753260851,4.0,0.0,1.0521619766643788,0.0,,0.0,False,False,0.7,matched,,True,True,True,True,seqslam+dinov2,2025-02-28T06:28:21.674745+00:00,2024-04-13T09:16:54.977895+00:00
2520,2528.0,2528.0,2528.0,False,1.636070555663756,0.1597041443340701,4.0,0.0,1.0725,0.0,,0.0,False,False,0.7,matched,,True,True,True,True,seqslam+dinov2,2025-02-28T06:28:21.774149+00:00,2024-04-13T09:16:55.078243+00:00
2521,2529.0,2529.0,2529.0,False,1.7168409222508865,0.29273218338838625,4.0,0.0,1.1032493167324626,0.0,,0.0,False,False,0.7,matched,,True,True,True,True,seqslam+dinov2,2025-02-28T06:28:21.874256+00:00,2024-04-13T09:16:55.179073+00:00
2522,2530.0,2530.0,2530.0,False,1.7870713336972992,0.17003422581357608,4.0,1.0,1.1333119177642146,1.0,,0.0,False,False,0.7,matched,,True,True,True,True,seqslam+dinov2,2025-02-28T06:28:21.974073+00:00,2024-04-13T09:16:55.278592+00:00
2523,2531.0,2531.0,2531.0,False,1.8446713472134533,0.23645785957823695,4.0,1.0,1.1617398648648647,1.0,,0.0,False,False,0.7,matched,,True,True,True,True,seqslam+dinov2,2025-02-28T06:28:22.076058+00:00,2024-04-13T09:16:55.377821+00:00
2524,2532.0,2532.0,2533.0,False,1.9105142949829312,0.20951965044395893,3.0,1.0,1.2540739268680443,1.0,,1.0,True,False,0.9,ambiguous_range,,True,True,True,True,seqslam+dinov2,2025-02-28T06:28:22.174222+00:00,2024-04-13T09:16:55.480471+00:00
2525,2534.0,2534.0,2534.0,False,1.934538342673185,0.6968499884292783,3.0,1.0,1.3056994818652845,0.0,,0.0,False,False,0.9,matched,,True,True,True,True,seqslam+dinov2,2025-02-28T06:28:22.274485+00:00,2024-04-13T09:16:55.679431+00:00
2526,2535.0,2535.0,2535.0,False,1.9292681676601915,0.5324802342094848,3.0,1.0,1.353896103896104,0.0,,0.0,False,False,0.9,matched,,True,True,True,True,seqslam+dinov2,2025-02-28T06:28:22.374501+00:00,2024-04-13T09:16:55.782465+00:00
2527,2536.0,2536.0,2536.0,False,1.9021263199578142,0.4371848975100874,3.0,1.0,1.395014734774067,0.0,,0.0,False,False,0.9,matched,,True,True,True,True,seqslam+dinov2,2025-02-28T06:28:22.479022+00:00,2024-04-13T09:16:55.878341+00:00
2528,2539.0,2537.0,2539.0,False,1.8984730200326474,0.5974729871828979,2.0,3.0,1.441283924843424,1.0,,2.0,True,False,0.9,ambiguous_range,,True,True,True,True,seqslam+dinov2,2025-02-28T06:28:22.581192+00:00,2024-04-13T09:16:56.184018+00:00
2529,2540.0,2540.0,2540.0,False,1.9076074278578616,0.5628270802694493,2.0,3.0,1.4252300613496933,0.0,,0.0,False,False,0.9,matched,,True,True,True,True,seqslam+dinov2,2025-02-28T06:28:22.676318+00:00,2024-04-13T09:16:56.282290+00:00
2530,2541.0,2541.0,2543.0,False,1.9127069292219019,0.28311123706450925,3.0,3.0,1.3056994818652847,2.0,,2.0,True,False,0.9,ambiguous_range,,True,True,True,True,seqslam+dinov2,2025-02-28T06:28:22.778263+00:00,2024-04-13T09:16:56.379798+00:00
2531,2544.0,2544.0,2544.0,False,1.9069482462266827,-0.013892139581183072,3.0,5.0,1.2720739219712525,3.0,,0.0,False,False,0.7,matched,,True,True,True,True,seqslam+dinov2,2025-02-28T06:28:22.875026+00:00,2024-04-13T09:16:56.680060+00:00
2532,2545.0,2545.0,2545.0,False,1.9165466719476612,-0.08339727480654724,2.0,5.0,1.2333848531684701,3.0,,0.0,False,False,0.7,matched,,True,True,True,True,seqslam+dinov2,2025-02-28T06:28:22.974575+00:00,2024-04-13T09:16:56.778802+00:00
2533,2546.0,2546.0,2546.0,False,1.9710541655446456,0.24166370031850848,2.0,5.0,1.1918918918918922,1.0,,0.0,False,False,0.7,matched,,True,True,True,True,seqslam+dinov2,2025-02-28T06:28:23.075800+00:00,2024-04-13T09:16:56.880889+00:00
2534,2547.0,2547.0,2547.0,False,2.0038601977043204,0.3724655050826431,2.0,5.0,1.1495327102803738,0.0,,0.0,False,False,0.7,matched,,True,True,True,True,seqslam+dinov2,2025-02-28T06:28:23.176392+00:00,2024-04-13T09:16:56.978068+00:00
2535,2548.0,2548.0,2548.0,False,2.0126191089383885,0.5529138174423924,2.0,5.0,1.1078129806213475,1.0,,0.0,False,False,0.7,matched,,True,True,True,True,seqslam+dinov2,2025-02-28T06:28:23.274716+00:00,2024-04-13T09:16:57.078993+00:00
2536,2549.0,2549.0,2549.0,False,2.0366478063541082,0.6978543326867945,1.0,5.0,1.076417004048583,0.0,,0.0,False,False,0.7,matched,,True,True,True,True,seqslam+dinov2,2025-02-28T06:28:23.374322+00:00,2024-04-13T09:16:57.178874+00:00
2537,2550.0,2550.0,2550.0,False,2.0722819222261624,0.7964580602390439,1.0,5.0,1.0556867101791416,0.0,,0.0,False,False,0.7,matched,,True,True,True,True,seqslam+dinov2,2025-02-28T06:28:23.474290+00:00,2024-04-13T09:16:57.277876+00:00
2538,2551.0,2551.0,2551.0,False,2.10787563174634,1.1111902813843835,1.0,5.0,1.0340909090909092,0.0,,0.0,False,False,0.7,matched,,True,True,True,True,seqslam+dinov2,2025-02-28T06:28:23.575633+00:00,2024-04-13T09:16:57.379628+00:00
2539,2552.0,2552.0,2552.0,False,2.1259337470654063,0.884391625359862,1.0,5.0,1.0120481927710845,0.0,,0.0,False,False,0.7,matched,,True,True,True,True,seqslam+dinov2,2025-02-28T06:28:23.675269+00:00,2024-04-13T09:16:57.477631+00:00
2540,2553.0,2553.0,2553.0,False,2.143731181344876,0.8120236670669723,1.0,5.0,1.0,0.0,,0.0,False,False,0.7,matched,,True,True,True,True,seqslam+dinov2,2025-02-28T06:28:23.775222+00:00,2024-04-13T09:16:57.579744+00:00
2541,2554.0,2554.0,2554.0,False,2.163284369688925,0.68707825953225,1.0,5.0,1.0,1.0,,0.0,False,False,0.7,matched,,True,True,True,True,seqslam+dinov2,2025-02-28T06:28:23.875161+00:00,2024-04-13T09:16:57.681890+00:00
2542,2555.0,2555.0,2555.0,False,2.143202394622206,0.5231867482618306,1.0,5.0,1.0,1.0,,0.0,False,False,0.7,matched,,True,True,True,True,seqslam+dinov2,2025-02-28T06:28:23.975771+00:00,2024-04-13T09:16:57.778362+00:00
2543,2556.0,2556.0,2556.0,False,2.104414979317754,0.28937402572847937,0.0,5.0,1.0,1.0,,0.0,False,False,0.7,matched,,True,True,True,True,seqslam+dinov2,2025-02-28T06:28:24.074758+00:00,2024-04-13T09:16:57.879531+00:00
2544,2557.0,2557.0,2557.0,False,2.0237227108335714,0.30166956558580926,0.0,5.0,1.0,0.0,,0.0,False,False,0.7,matched,,True,True,True,True,seqslam+dinov2,2025-02-28T06:28:24.176475+00:00,2024-04-13T09:16:57.978569+00:00
2545,2558.0,2558.0,2558.0,False,1.9544066290390776,0.6335290218883542,0.0,5.0,1.0,0.0,,0.0,False,False,0.7,matched,,True,True,True,True,seqslam+dinov2,2025-02-28T06:28:24.274876+00:00,2024-04-13T09:16:58.081950+00:00
2546,2559.0,2559.0,2559.0,False,1.8684787076437852,0.5174356111162943,0.0,5.0,1.0,0.0,,0.0,False,False,0.7,matched,,True,True,True,True,seqslam+dinov2,2025-02-28T06:28:24.378087+00:00,2024-04-13T09:16:58.180448+00:00
2547,2560.0,2560.0,2560.0,False,1.7947275942727605,0.28491358283033263,0.0,5.0,1.0,1.0,,0.0,False,False,0.7,matched,,True,True,True,True,seqslam+dinov2,2025-02-28T06:28:24.476448+00:00,2024-04-13T09:16:58.278223+00:00
2548,2561.0,2561.0,2561.0,False,1.732464197240511,0.11222142082889297,0.0,5.0,1.0,1.0,,0.0,False,False,0.7,matched,,True,True,True,True,seqslam+dinov2,2025-02-28T06:28:24.575718+00:00,2024-04-13T09:16:58.378978+00:00
2549,2562.0,2562.0,2562.0,False,1.6569170225700143,-0.05757085876695678,0.0,5.0,1.0,1716.0,,0.0,False,False,0.7,matched,,True,True,True,True,seqslam+dinov2,2025-02-28T06:28:24.675509+00:00,2024-04-13T09:16:58.479028+00:00
2550,2563.0,2563.0,2563.0,False,1.5779293040099587,-0.06313000611316122,0.0,5.0,1.0,1717.0,,0.0,False,False,0.7,matched,,True,True,True,True,seqslam+dinov2,2025-02-28T06:28:24.779371+00:00,2024-04-13T09:16:58.578158+00:00
2551,2564.0,2564.0,2564.0,False,1.4720675322311623,-0.29792973773566267,0.0,5.0,1.0,1718.0,,0.0,False,False,0.7,matched,,True,True,True,True,seqslam+dinov2,2025-02-28T06:28:24.877596+00:00,2024-04-13T09:16:58.680300+00:00
2552,2565.0,2565.0,2565.0,False,1.357275936952526,-0.17369986494362077,0.0,5.0,1.0,1634.0,,0.0,False,False,0.7,matched,,True,True,True,True,seqslam+dinov2,2025-02-28T06:28:24.977915+00:00,2024-04-13T09:16:58.778262+00:00
2553,2566.0,2566.0,2566.0,False,1.2542362499803692,-0.2106354661853722,0.0,6.0,1.0,1884.0,,0.0,False,False,0.4,matched,,True,True,True,True,seqslam+dinov2,2025-02-28T06:28:25.080011+00:00,2024-04-13T09:16:58.877899+00:00
2554,2567.0,2567.0,2567.0,False,1.1763691659371585,-0.5055723657843301,0.0,6.0,1.0,1706.0,,0.0,False,False,0.4,matched,,True,True,True,True,seqslam+dinov2,2025-02-28T06:28:25.175179+00:00,2024-04-13T09:16:58.981130+00:00
2555,2568.0,2568.0,2568.0,False,1.107779268383814,-0.4445602912583415,0.0,6.0,1.0,2386.0,,0.0,False,False,0.4,matched,,True,True,True,True,seqslam+dinov2,2025-02-28T06:28:25.275040+00:00,2024-04-13T09:16:59.081805+00:00
2556,2569.0,2569.0,2569.0,False,1.056029276138847,-0.5204028624878276,0.0,6.0,0.987012987012987,2387.0,,0.0,False,False,0.4,matched,,True,True,True,True,seqslam+dinov2,2025-02-28T06:28:25.375549+00:00,2024-04-13T09:16:59.178730+00:00
2557,2570.0,2570.0,2570.0,False,1.0192874373435516,-0.5141601529303326,0.0,6.0,0.9623376623376624,4.0,,0.0,False,False,0.4,matched,,True,True,True,True,seqslam+dinov2,2025-02-28T06:28:25.481978+00:00,2024-04-13T09:16:59.279457+00:00
2558,2571.0,2571.0,2571.0,False,1.021485754265667,-0.978006788584536,0.0,6.0,0.9272727272727272,2500.0,,0.0,False,False,0.4,matched,,True,True,True,True,seqslam+dinov2,2025-02-28T06:28:25.576507+00:00,2024-04-13T09:16:59.380132+00:00
2559,2572.0,2572.0,2572.0,False,1.0304484527931113,-0.6250265829570624,0.0,6.0,0.8961038961038961,3.0,,0.0,False,False,0.4,matched,,True,True,True,True,seqslam+dinov2,2025-02-28T06:28:25.678525+00:00,2024-04-13T09:16:59.477770+00:00
2560,2573.0,2573.0,2573.0,False,1.0618045923881918,-0.6751559955951443,0.0,6.0,0.8688311688311688,2.0,,0.0,False,False,0.4,matched,,True,True,True,True,seqslam+dinov2,2025-02-28T06:28:25.774606+00:00,2024-04-13T09:16:59.582555+00:00
2561,2574.0,2574.0,2574.0,False,1.0687590867875396,-0.42848282419962636,0.0,6.0,0.8454545454545455,2.0,,0.0,False,False,0.4,matched,,True,True,True,True,seqslam+dinov2,2025-02-28T06:28:25.874325+00:00,2024-04-13T09:16:59.677681+00:00
2562,2575.0,2575.0,2575.0,False,1.110010819504751,-0.6039613507375194,1.0,6.0,0.825974025974026,3.0,,0.0,False,False,0.4,matched,,True,True,True,True,seqslam+dinov2,2025-02-28T06:28:25.974440+00:00,2024-04-13T09:16:59.778296+00:00
2563,2576.0,2576.0,2576.0,False,1.1721224629975326,-0.19550980275344498,2.0,6.0,0.8103896103896104,1.0,,0.0,False,False,0.4,matched,,True,True,True,True,seqslam+dinov2,2025-02-28T06:28:26.074965+00:00,2024-04-13T09:16:59.881510+00:00
2564,2577.0,2577.0,2577.0,False,1.2468668343172762,-0.4034198892802907,3.0,5.0,0.7987012987012987,872.0,,0.0,False,False,0.7,matched,,True,True,True,True,seqslam+dinov2,2025-02-28T06:28:26.174250+00:00,2024-04-13T09:16:59.986019+00:00
2565,2578.0,2578.0,2578.0,False,1.2947636740477715,-0.3001307008305767,4.0,5.0,0.7909090909090909,873.0,,0.0,False,False,0.7,matched,,True,True,True,True,seqslam+dinov2,2025-02-28T06:28:26.274222+00:00,2024-04-13T09:17:00.077954+00:00
2566,2578.0,2578.0,2578.0,False,1.3605337245595113,-0.44189248304522666,4.0,5.0,0.7740259740259741,872.0,,0.0,False,False,0.7,matched,,True,True,True,True,seqslam+dinov2,2025-02-28T06:28:26.375690+00:00,2024-04-13T09:17:00.077954+00:00
2567,2578.0,2578.0,2578.0,False,1.4007114914942524,0.00837811251325471,4.0,4.0,0.7493506493506493,0.0,,0.0,False,False,0.7,matched,,True,True,True,True,seqslam+dinov2,2025-02-28T06:28:26.475706+00:00,2024-04-13T09:17:00.077954+00:00
2568,2578.0,2578.0,2578.0,False,1.4536624109148377,0.11341813283681268,4.0,3.0,0.7181818181818181,0.0,,0.0,False,False,0.7,matched,,True,True,True,True,seqslam+dinov2,2025-02-28T06:28:26.574795+00:00,2024-04-13T09:17:00.077954+00:00
2569,2579.0,2579.0,2579.0,False,1.4732201163884229,0.22702803184347342,5.0,2.0,0.6818181818181818,0.0,,0.0,False,False,0.7,matched,,True,True,True,True,seqslam+dinov2,2025-02-28T06:28:26.675411+00:00,2024-04-13T09:17:00.178024+00:00
2570,2580.0,2580.0,2580.0,False,1.4803395162262754,0.00293039009090168,6.0,2.0,0.6415584415584416,1.0,,0.0,False,False,0.4,matched,,True,True,True,True,seqslam+dinov2,2025-02-28T06:28:26.776218+00:00,2024-04-13T09:17:00.278585+00:00
2571,2581.0,2581.0,2581.0,False,1.4766700432322042,0.26414370254037167,7.0,3.0,0.5987012987012987,0.0,,0.0,False,False,0.4,matched,,True,True,True,True,seqslam+dinov2,2025-02-28T06:28:26.874378+00:00,2024-04-13T09:17:00.379181+00:00
2572,2582.0,2582.0,2582.0,False,1.4743832842004643,0.03137709022025992,8.0,3.0,0.5545454545454546,1.0,,0.0,False,False,0.4,matched,,True,True,True,True,seqslam+dinov2,2025-02-28T06:28:26.974575+00:00,2024-04-13T09:17:00.477812+00:00
2573,2583.0,2583.0,2583.0,False,1.4265758045221388,0.09820242556013126,9.0,3.0,0.5103896103896104,0.0,,0.0,False,False,0.4,matched,,True,True,True,True,seqslam+dinov2,2025-02-28T06:28:27.074242+00:00,2024-04-13T09:17:00.578063+00:00
2574,2584.0,2584.0,2584.0,False,1.3733669432377176,0.1576808985079603,10.0,3.0,0.4675324675324675,0.0,,0.0,False,False,0.4,matched,,True,True,True,True,seqslam+dinov2,2025-02-28T06:28:27.174202+00:00,2024-04-13T09:17:00.678556+00:00
2575,2585.0,2585.0,2585.0,False,1.2929352820596869,-0.0368173808036274,11.0,3.0,0.42727272727272725,887.0,,0.0,False,False,0.4,matched,,True,True,True,True,seqslam+dinov2,2025-02-28T06:28:27.274361+00:00,2024-04-13T09:17:00.780406+00:00
2576,2585.0,2585.0,2585.0,False,1.2147320719258117,-0.020912815469883217,12.0,3.0,0.39090909090909093,887.0,,0.0,False,False,0.4,matched,,True,True,True,True,seqslam+dinov2,2025-02-28T06:28:27.374567+00:00,2024-04-13T09:17:00.780406+00:00
2577,2585.0,2585.0,2585.0,False,1.1263171844673432,-0.2431210195947966,13.0,2.0,0.34545454545454546,396.0,,0.0,False,False,0.4,matched,,True,True,True,True,seqslam+dinov2,2025-02-28T06:28:27.474195+00:00,2024-04-13T09:17:00.780406+00:00
2578,2585.0,2585.0,2585.0,False,1.068187814267955,-0.8974366766161137,13.0,1.0,0.2909090909090909,396.0,,0.0,False,False,0.4,matched,,True,True,True,True,seqslam+dinov2,2025-02-28T06:28:27.575463+00:00,2024-04-13T09:17:00.780406+00:00
2579,2585.0,2585.0,2585.0,False,0.9958109523694738,-0.6141817212108058,14.0,1.0,0.24025974025974026,396.0,,0.0,False,False,0.4,matched,,True,True,True,True,seqslam+dinov2,2025-02-28T06:28:27.679564+00:00,2024-04-13T09:17:00.780406+00:00
2580,2585.0,2585.0,2585.0,False,0.9147353095735625,-0.8772027442573229,14.0,0.0,0.2064935064935065,923.0,,0.0,False,False,0.4,matched,,True,True,True,True,seqslam+dinov2,2025-02-28T06:28:27.774704+00:00,2024-04-13T09:17:00.780406+00:00
2581,2585.0,2585.0,2585.0,False,0.8216675149871986,-0.9365659847496802,15.0,1.0,0.18961038961038962,923.0,,0.0,False,False,0.4,matched,,True,True,True,True,seqslam+dinov2,2025-02-28T06:28:27.877946+00:00,2024-04-13T09:17:00.780406+00:00
2582,2585.0,2585.0,2585.0,False,0.7441421923808741,-0.922327509463728,15.0,2.0,0.18961038961038962,1930.0,,0.0,False,False,,no_match,ridge_z below tau (0.75),True,True,True,True,seqslam+dinov2,2025-02-28T06:28:27.976548+00:00,2024-04-13T09:17:00.780406+00:00
2583,2585.0,2585.0,2585.0,False,0.6878797231949609,-0.6975056586943399,15.0,3.0,0.2064935064935065,1930.0,,0.0,False,False,,no_match,ridge_z below tau (0.75),True,True,True,True,seqslam+dinov2,2025-02-28T06:28:28.074454+00:00,2024-04-13T09:17:00.780406+00:00
2584,2585.0,2585.0,2585.0,False,0.6263341833657955,-0.8314768652152245,16.0,4.0,0.24025974025974026,1930.0,,0.0,False,False,,no_match,ridge_z below tau (0.75),True,True,True,True,seqslam+dinov2,2025-02-28T06:28:28.174206+00:00,2024-04-13T09:17:00.780406+00:00
2585,2585.0,2585.0,2585.0,False,0.5605396155960802,-0.9502171169205461,16.0,5.0,0.2909090909090909,347.0,,0.0,False,False,,no_match,ridge_z below tau (0.75),True,True,True,True,seqslam+dinov2,2025-02-28T06:28:28.279145+00:00,2024-04-13T09:17:00.780406+00:00
2586,2585.0,2585.0,2585.0,False,0.5128477529982235,-1.1677808524262865,16.0,6.0,0.35844155844155845,1930.0,,0.0,False,False,,no_match,ridge_z below tau (0.75),True,True,True,True,seqslam+dinov2,2025-02-28T06:28:28.375512+00:00,2024-04-13T09:17:00.780406+00:00
2587,2585.0,2585.0,2585.0,False,0.4370818321755966,-1.0912758413845927,16.0,7.0,0.42857142857142855,1930.0,,0.0,False,False,,no_match,ridge_z below tau (0.75),True,True,True,True,seqslam+dinov2,2025-02-28T06:28:28.474673+00:00,2024-04-13T09:17:00.780406+00:00
2588,2585.0,2585.0,2585.0,False,0.3333587574534207,-1.0668735817680932,17.0,8.0,0.5,1930.0,,0.0,False,False,,no_match,ridge_z below tau (0.75),True,True,True,True,seqslam+dinov2,2025-02-28T06:28:28.574823+00:00,2024-04-13T09:17:00.780406+00:00
2589,2586.0,2586.0,2586.0,False,0.2361367693255146,-1.37802280626023,16.0,9.0,0.5714285714285714,1931.0,,0.0,False,False,,no_match,ridge_z below tau (0.75),True,True,True,True,seqslam+dinov2,2025-02-28T06:28:28.676096+00:00,2024-04-13T09:17:00.879722+00:00
2590,2587.0,2587.0,2587.0,False,0.17311304423558516,-1.219056078306785,16.0,9.0,0.6415584415584416,1932.0,,0.0,False,False,,no_match,ridge_z below tau (0.75),True,True,True,True,seqslam+dinov2,2025-02-28T06:28:28.774712+00:00,2024-04-13T09:17:00.983032+00:00
2591,2588.0,2588.0,2588.0,False,0.07035957556717029,-1.346655908225601,15.0,9.0,0.7090909090909091,1933.0,,0.0,False,False,,no_match,ridge_z below tau (0.75),True,True,True,True,seqslam+dinov2,2025-02-28T06:28:28.875600+00:00,2024-04-13T09:17:01.080643+00:00
2592,2589.0,2589.0,2589.0,False,0.018408333483616687,-1.6795338301846978,15.0,9.0,0.7727272727272727,1934.0,,0.0,False,False,,no_match,ridge_z below tau (0.75),True,True,True,True,seqslam+dinov2,2025-02-28T06:28:28.975516+00:00,2024-04-13T09:17:01.182745+00:00
2593,2590.0,2590.0,2590.0,False,-0.022592270794456196,-1.9686158865141934,15.0,9.0,0.8311688311688312,1342.0,,0.0,False,False,,no_match,ridge_z below tau (0.75),True,True,True,True,seqslam+dinov2,2025-02-28T06:28:29.075703+00:00,2024-04-13T09:17:01.282961+00:00
2594,2591.0,2591.0,2591.0,False,-0.04712982704790347,-1.8365265160713815,15.0,9.0,0.8701298701298701,405.0,,0.0,False,False,,no_match,ridge_z below tau (0.75),True,True,True,True,seqslam+dinov2,2025-02-28T06:28:29.178308+00:00,2024-04-13T09:17:01.379974+00:00
2595,2592.0,2592.0,2592.0,False,-0.021593387134027954,-1.6637644881083198,15.0,9.0,0.8896103896103896,406.0,,0.0,False,False,,no_match,ridge_z below tau (0.75),True,True,True,True,seqslam+dinov2,2025-02-28T06:28:29.274575+00:00,2024-04-13T09:17:01.482424+00:00
2596,2593.0,2593.0,2593.0,False,0.013282503489611212,-1.9391920723821778,15.0,9.0,0.8896103896103896,404.0,,0.0,False,False,,no_match,ridge_z below tau (0.75),True,True,True,True,seqslam+dinov2,2025-02-28T06:28:29.379845+00:00,2024-04-13T09:17:01.579794+00:00
2597,2594.0,2594.0,2594.0,False,0.06104052867123477,-1.5512055507468008,15.0,9.0,0.8701298701298701,1939.0,,0.0,False,False,,no_match,ridge_z below tau (0.75),True,True,True,True,seqslam+dinov2,2025-02-28T06:28:29.479481+00:00,2024-04-13T09:17:01.682019+00:00
2598,2595.0,2595.0,2595.0,False,0.14927896403618512,-1.3983017065201426,15.0,9.0,0.8311688311688312,1940.0,,0.0,False,False,,no_match,ridge_z below tau (0.75),True,True,True,True,seqslam+dinov2,2025-02-28T06:28:29.574445+00:00,2024-04-13T09:17:01.779924+00:00
2599,2596.0,2596.0,2596.0,False,0.2704518681515488,-1.3125625937384215,15.0,9.0,0.7727272727272727,1941.0,,0.0,False,False,,no_match,ridge_z below tau (0.75),True,True,True,True,seqslam+dinov2,2025-02-28T06:28:29.674353+00:00,2024-04-13T09:17:01.879067+00:00
2600,2597.0,2597.0,2597.0,False,0.363920101770856,-1.1661787390789384,15.0,9.0,0.7090909090909091,1942.0,,0.0,False,False,,no_match,ridge_z below tau (0.75),True,True,True,True,seqslam+dinov2,2025-02-28T06:28:29.774314+00:00,2024-04-13T09:17:01.985200+00:00
2601,2598.0,2598.0,2598.0,False,0.43604302398370454,-0.9247153136963471,15.0,9.0,0.6415584415584416,1943.0,,0.0,False,False,,no_match,ridge_z below tau (0.75),True,True,True,True,seqslam+dinov2,2025-02-28T06:28:29.874406+00:00,2024-04-13T09:17:02.081052+00:00
2602,2599.0,2599.0,2599.0,False,0.5513817335331589,-0.9343211345893248,15.0,9.0,0.5714285714285714,1944.0,,0.0,False,False,,no_match,ridge_z below tau (0.75),True,True,True,True,seqslam+dinov2,2025-02-28T06:28:29.975216+00:00,2024-04-13T09:17:02.183896+00:00
2603,2600.0,2600.0,2600.0,False,0.6334977270357451,-0.9053419510266318,15.0,9.0,0.5,1945.0,,0.0,False,False,,no_match,ridge_z below tau (0.75),True,True,True,True,seqslam+dinov2,2025-02-28T06:28:30.077289+00:00,2024-04-13T09:17:02.279461+00:00
2604,2600.0,2600.0,2600.0,False,0.7007524670679794,-0.8482945855853598,15.0,10.0,0.42857142857142855,1945.0,,0.0,False,False,,no_match,ridge_z below tau (0.75),True,True,True,True,seqslam+dinov2,2025-02-28T06:28:30.174323+00:00,2024-04-13T09:17:02.279461+00:00
2605,2600.0,2600.0,2600.0,False,0.7497149296909142,-0.8623737994947293,15.0,11.0,0.35844155844155845,1945.0,,0.0,False,False,,no_match,ridge_z below tau (0.75),True,True,True,True,seqslam+dinov2,2025-02-28T06:28:30.275282+00:00,2024-04-13T09:17:02.279461+00:00
2606,2600.0,2600.0,2600.0,False,0.7818199013794334,-0.8941973556265992,15.0,12.0,0.2909090909090909,1945.0,,0.0,False,False,0.4,matched,,True,True,True,True,seqslam+dinov2,2025-02-28T06:28:30.376399+00:00,2024-04-13T09:17:02.279461+00:00
2607,2600.0,2600.0,2600.0,False,0.7982916900755762,-0.9357903036832025,15.0,13.0,0.22727272727272727,1945.0,,0.0,False,False,0.4,matched,,True,True,True,True,seqslam+dinov2,2025-02-28T06:28:30.474030+00:00,2024-04-13T09:17:02.279461+00:00
2608,2600.0,2600.0,2600.0,False,0.8106847582525557,-0.8886182824794546,15.0,14.0,0.16883116883116883,1945.0,,0.0,False,False,0.4,matched,,True,True,True,True,seqslam+dinov2,2025-02-28T06:28:30.574412+00:00,2024-04-13T09:17:02.279461+00:00
2609,2600.0,2600.0,2600.0,False,0.8163535424411063,-0.7819725333422171,15.0,14.0,0.11688311688311688,1945.0,,0.0,False,False,0.4,matched,,True,True,True,True,seqslam+dinov2,2025-02-28T06:28:30.674367+00:00,2024-04-13T09:17:02.279461+00:00
2610,2600.0,2600.0,2600.0,False,0.8130131801208482,-0.7933216896343407,15.0,14.0,0.07272727272727272,1945.0,,0.0,False,False,0.4,matched,,True,True,True,True,seqslam+dinov2,2025-02-28T06:28:30.774696+00:00,2024-04-13T09:17:02.279461+00:00
2611,2600.0,2600.0,2600.0,False,0.8146145737978955,-0.7244315578760311,15.0,14.0,0.03766233766233766,1945.0,,0.0,False,False,0.4,matched,,True,True,True,True,seqslam+dinov2,2025-02-28T06:28:30.874619+00:00,2024-04-13T09:17:02.279461+00:00
2612,2600.0,2600.0,2600.0,False,0.8180019313858785,-0.7454833860071799,14.0,14.0,0.012987012987012988,1945.0,,0.0,False,False,0.4,matched,,True,True,True,True,seqslam+dinov2,2025-02-28T06:28:30.974247+00:00,2024-04-13T09:17:02.279461+00:00
2613,2600.0,2600.0,2600.0,False,0.8215335692029243,-0.705775296856572,13.0,14.0,0.0,1945.0,,0.0,False,False,0.4,matched,,True,True,True,True,seqslam+dinov2,2025-02-28T06:28:31.075139+00:00,2024-04-13T09:17:02.279461+00:00
2614,2600.0,2600.0,2600.0,False,0.8202820418515792,-0.7601700566075427,13.0,14.0,0.0,1945.0,,0.0,False,False,0.4,matched,,True,True,True,True,seqslam+dinov2,2025-02-28T06:28:31.176398+00:00,2024-04-13T09:17:02.279461+00:00
2615,2600.0,2600.0,2600.0,False,0.8152141247823789,-0.7288604598305845,13.0,14.0,0.0,1945.0,,0.0,False,False,0.4,matched,,True,True,True,True,seqslam+dinov2,2025-02-28T06:28:31.274662+00:00,2024-04-13T09:17:02.279461+00:00
2616,2600.0,2600.0,2600.0,False,0.8105478615557916,-0.6912187511166784,13.0,14.0,0.0,1945.0,,0.0,False,False,0.4,matched,,True,True,True,True,seqslam+dinov2,2025-02-28T06:28:31.374254+00:00,2024-04-13T09:17:02.279461+00:00
2617,2600.0,2600.0,2600.0,False,0.807651811393805,-0.692851334419438,13.0,14.0,0.0,1945.0,,0.0,False,False,0.4,matched,,True,True,True,True,seqslam+dinov2,2025-02-28T06:28:31.478905+00:00,2024-04-13T09:17:02.279461+00:00
2618,2600.0,2600.0,2600.0,False,0.8039190222054079,-0.701625369428988,13.0,14.0,0.0,1945.0,,0.0,False,False,0.4,matched,,True,True,True,True,seqslam+dinov2,2025-02-28T06:28:31.583441+00:00,2024-04-13T09:17:02.279461+00:00
2619,2600.0,2600.0,2600.0,False,0.8017109730224004,-0.6914951761967243,13.0,14.0,0.0,1945.0,,0.0,False,False,0.4,matched,,True,True,True,True,seqslam+dinov2,2025-02-28T06:28:31.678498+00:00,2024-04-13T09:17:02.279461+00:00
2620,2600.0,2600.0,2600.0,False,0.7995920976339178,-0.6916476122877109,13.0,14.0,0.0,1945.0,,0.0,False,False,0.4,matched,,True,True,True,True,seqslam+dinov2,2025-02-28T06:28:31.779159+00:00,2024-04-13T09:17:02.279461+00:00
2621,2600.0,2600.0,2600.0,False,0.7992773711644756,-0.7051259729430738,13.0,14.0,0.0,1945.0,,0.0,False,False,0.4,matched,,True,True,True,True,seqslam+dinov2,2025-02-28T06:28:31.882371+00:00,2024-04-13T09:17:02.279461+00:00
2622,2600.0,2600.0,2600.0,False,0.7972422493041563,-0.6827665427029159,13.0,14.0,0.0,1945.0,,0.0,False,False,0.4,matched,,True,True,True,True,seqslam+dinov2,2025-02-28T06:28:31.981477+00:00,2024-04-13T09:17:02.279461+00:00
2623,2600.0,2600.0,2600.0,False,0.7956423428000982,-0.6829392032561569,13.0,14.0,0.0,1945.0,,0.0,False,False,0.4,matched,,True,True,True,True,seqslam+dinov2,2025-02-28T06:28:32.074581+00:00,2024-04-13T09:17:02.279461+00:00
2624,2600.0,2600.0,2600.0,False,0.7952027209670227,-0.6747070606855184,13.0,14.0,0.0,1945.0,,0.0,False,False,0.4,matched,,True,True,True,True,seqslam+dinov2,2025-02-28T06:28:32.179340+00:00,2024-04-13T09:17:02.279461+00:00
2625,2600.0,2600.0,2600.0,False,0.7956581239804102,-0.6743703534658557,13.0,14.0,0.0,1945.0,,0.0,False,False,0.4,matched,,True,True,True,True,seqslam+dinov2,2025-02-28T06:28:32.279841+00:00,2024-04-13T09:17:02.279461+00:00
2626,2600.0,2600.0,2600.0,False,0.7964670967133088,-0.6877807967130892,13.0,14.0,0.0,1945.0,,0.0,False,False,0.4,matched,,True,True,True,True,seqslam+dinov2,2025-02-28T06:28:32.374991+00:00,2024-04-13T09:17:02.279461+00:00
2627,2600.0,2600.0,2600.0,False,0.7963756167111722,-0.7115192442540531,13.0,14.0,0.0,1945.0,,0.0,False,False,0.4,matched,,True,True,True,True,seqslam+dinov2,2025-02-28T06:28:32.475298+00:00,2024-04-13T09:17:02.279461+00:00
2628,2600.0,2600.0,2600.0,False,0.7937211336243994,-0.668377135570683,13.0,14.0,0.0,1945.0,,0.0,False,False,0.4,matched,,True,True,True,True,seqslam+dinov2,2025-02-28T06:28:32.576636+00:00,2024-04-13T09:17:02.279461+00:00
2629,2600.0,2600.0,2600.0,False,0.7904047636649291,-0.6998127789398901,13.0,14.0,0.0,1945.0,,0.0,False,False,0.4,matched,,True,True,True,True,seqslam+dinov2,2025-02-28T06:28:32.675305+00:00,2024-04-13T09:17:02.279461+00:00
2630,2600.0,2600.0,2600.0,False,0.7885937887987894,-0.7158579124936465,13.0,14.0,0.0,1945.0,,0.0,False,False,0.4,matched,,True,True,True,True,seqslam+dinov2,2025-02-28T06:28:32.778983+00:00,2024-04-13T09:17:02.279461+00:00
2631,2600.0,2600.0,2600.0,False,0.7881376453288368,-0.7019560100250724,13.0,14.0,0.0,1945.0,,0.0,False,False,0.4,matched,,True,True,True,True,seqslam+dinov2,2025-02-28T06:28:32.874126+00:00,2024-04-13T09:17:02.279461+00:00
2632,2600.0,2600.0,2600.0,False,0.7876996473774086,-0.7094720242322455,13.0,14.0,0.0,1945.0,,0.0,False,False,0.4,matched,,True,True,True,True,seqslam+dinov2,2025-02-28T06:28:32.974291+00:00,2024-04-13T09:17:02.279461+00:00
2633,2600.0,2600.0,2600.0,False,0.7874401749791192,-0.7173891070866063,13.0,14.0,0.0,1945.0,,0.0,False,False,0.4,matched,,True,True,True,True,seqslam+dinov2,2025-02-28T06:28:33.075563+00:00,2024-04-13T09:17:02.279461+00:00
2634,2600.0,2600.0,2600.0,False,0.7867446507535599,-0.7258121611984237,13.0,14.0,0.0,1945.0,,0.0,False,False,0.4,matched,,True,True,True,True,seqslam+dinov2,2025-02-28T06:28:33.176088+00:00,2024-04-13T09:17:02.279461+00:00
2635,2600.0,2600.0,2600.0,False,0.7873715524269692,-0.7133542138699955,13.0,14.0,0.0,1945.0,,0.0,False,False,0.4,matched,,True,True,True,True,seqslam+dinov2,2025-02-28T06:28:33.274371+00:00,2024-04-13T09:17:02.279461+00:00
2636,2600.0,2600.0,2600.0,False,0.7891878794712269,-0.6795515267119381,13.0,14.0,0.0,1945.0,,0.0,False,False,0.4,matched,,True,True,True,True,seqslam+dinov2,2025-02-28T06:28:33.379289+00:00,2024-04-13T09:17:02.279461+00:00
2637,2600.0,2600.0,2600.0,False,0.7893523813590752,-0.6893194662562443,13.0,14.0,0.0,1945.0,,0.0,False,False,0.4,matched,,True,True,True,True,seqslam+dinov2,2025-02-28T06:28:33.476190+00:00,2024-04-13T09:17:02.279461+00:00
2638,2600.0,2600.0,2600.0,False,0.7912574351620877,-0.6758879931934512,13.0,14.0,0.0,1945.0,,0.0,False,False,0.4,matched,,True,True,True,True,seqslam+dinov2,2025-02-28T06:28:33.576167+00:00,2024-04-13T09:17:02.279461+00:00
2639,2600.0,2600.0,2600.0,False,0.7923493297763556,-0.6849672098388194,13.0,14.0,0.0,1945.0,,0.0,False,False,0.4,matched,,True,True,True,True,seqslam+dinov2,2025-02-28T06:28:33.677328+00:00,2024-04-13T09:17:02.279461+00:00
2640,2600.0,2600.0,2600.0,False,0.7944580387132145,-0.653648917456737,13.0,14.0,0.0,1945.0,,0.0,False,False,0.4,matched,,True,True,True,True,seqslam+dinov2,2025-02-28T06:28:33.776645+00:00,2024-04-13T09:17:02.279461+00:00
2641,2600.0,2600.0,2600.0,False,0.7954966698131433,-0.6718066630375961,13.0,14.0,0.0,1945.0,,0.0,False,False,0.4,matched,,True,True,True,True,seqslam+dinov2,2025-02-28T06:28:33.875311+00:00,2024-04-13T09:17:02.279461+00:00
2642,2600.0,2600.0,2600.0,False,0.7945027000616236,-0.6726749488671038,13.0,14.0,0.0,1945.0,,0.0,False,False,0.4,matched,,True,True,True,True,seqslam+dinov2,2025-02-28T06:28:33.978075+00:00,2024-04-13T09:17:02.279461+00:00
2643,2600.0,2600.0,2600.0,False,0.7942259727148115,-0.6833455546341491,13.0,14.0,0.0,1945.0,,0.0,False,False,0.4,matched,,True,True,True,True,seqslam+dinov2,2025-02-28T06:28:34.075445+00:00,2024-04-13T09:17:02.279461+00:00
2644,2600.0,2600.0,2600.0,False,0.7953603564501741,-0.6777986841766582,13.0,14.0,0.0,1945.0,,0.0,False,False,0.4,matched,,True,True,True,True,seqslam+dinov2,2025-02-28T06:28:34.175417+00:00,2024-04-13T09:17:02.279461+00:00
2645,2600.0,2600.0,2600.0,False,0.7936294900130069,-0.6919783279341793,13.0,14.0,0.0,1945.0,,0.0,False,False,0.4,matched,,True,True,True,True,seqslam+dinov2,2025-02-28T06:28:34.274517+00:00,2024-04-13T09:17:02.279461+00:00
2646,2600.0,2600.0,2600.0,False,0.7929409810866574,-0.6885064571559091,13.0,14.0,0.0,1945.0,,0.0,False,False,0.4,matched,,True,True,True,True,seqslam+dinov2,2025-02-28T06:28:34.375079+00:00,2024-04-13T09:17:02.279461+00:00
2647,2600.0,2600.0,2600.0,False,0.793151712748612,-0.6835731457840484,13.0,14.0,0.0,1945.0,,0.0,False,False,0.4,matched,,True,True,True,True,seqslam+dinov2,2025-02-28T06:28:34.474440+00:00,2024-04-13T09:17:02.279461+00:00
2648,2600.0,2600.0,2600.0,False,0.7928933240002731,-0.6864088333711788,13.0,14.0,0.0,1945.0,,0.0,False,False,0.4,matched,,True,True,True,True,seqslam+dinov2,2025-02-28T06:28:34.574880+00:00,2024-04-13T09:17:02.279461+00:00
2649,2600.0,2600.0,2600.0,False,0.7926253114496908,-0.6648982123199829,13.0,14.0,0.0,1945.0,,0.0,False,False,0.4,matched,,True,True,True,True,seqslam+dinov2,2025-02-28T06:28:34.675228+00:00,2024-04-13T09:17:02.279461+00:00
2650,2600.0,2600.0,2600.0,False,0.7932087103386983,-0.6888025567128871,13.0,14.0,0.012987012987012988,1945.0,,0.0,False,False,0.4,matched,,True,True,True,True,seqslam+dinov2,2025-02-28T06:28:34.779392+00:00,2024-04-13T09:17:02.279461+00:00
2651,2600.0,2600.0,2600.0,False,0.7937004144121719,-0.677281997693774,13.0,14.0,0.03766233766233766,1945.0,,0.0,False,False,0.4,matched,,True,True,True,True,seqslam+dinov2,2025-02-28T06:28:34.876762+00:00,2024-04-13T09:17:02.279461+00:00
2652,2600.0,2600.0,2600.0,False,0.7935689592908115,-0.6628038006820864,13.0,14.0,0.07272727272727272,1945.0,,0.0,False,False,0.4,matched,,True,True,True,True,seqslam+dinov2,2025-02-28T06:28:34.975119+00:00,2024-04-13T09:17:02.279461+00:00
2653,2600.0,2600.0,2600.0,False,0.794206499068732,-0.6818139961976094,13.0,14.0,0.11688311688311688,1945.0,,0.0,False,False,0.4,matched,,True,True,True,True,seqslam+dinov2,2025-02-28T06:28:35.081930+00:00,2024-04-13T09:17:02.279461+00:00
2654,2600.0,2600.0,2600.0,False,0.7950938104354478,-0.6700489147571709,13.0,14.0,0.16883116883116883,1945.0,,0.0,False,False,0.4,matched,,True,True,True,True,seqslam+dinov2,2025-02-28T06:28:35.175175+00:00,2024-04-13T09:17:02.279461+00:00
2655,2600.0,2600.0,2600.0,False,0.7664937951101695,-0.6770959792995108,13.0,14.0,0.22727272727272727,1945.0,,0.0,False,False,0.4,matched,,True,True,True,True,seqslam+dinov2,2025-02-28T06:28:35.276397+00:00,2024-04-13T09:17:02.279461+00:00
2656,2600.0,2600.0,2600.0,False,0.7501070576143896,-0.6833545265365486,13.0,14.0,0.2909090909090909,1945.0,,0.0,False,False,0.4,matched,,True,True,True,True,seqslam+dinov2,2025-02-28T06:28:35.380407+00:00,2024-04-13T09:17:02.279461+00:00
2657,2600.0,2600.0,2600.0,False,0.7256394728057107,-0.6989605663948946,13.0,14.0,0.35844155844155845,1945.0,,0.0,False,False,,no_match,ridge_z below tau (0.75),True,True,True,True,seqslam+dinov2,2025-02-28T06:28:35.478910+00:00,2024-04-13T09:17:02.279461+00:00
2658,2600.0,2600.0,2600.0,False,0.7068601451864504,-0.6904242425716842,13.0,14.0,0.42857142857142855,1945.0,,0.0,False,False,,no_match,ridge_z below tau (0.75),True,True,True,True,seqslam+dinov2,2025-02-28T06:28:35.576320+00:00,2024-04-13T09:17:02.279461+00:00
2659,2600.0,2600.0,2600.0,False,0.6871199045942453,-0.6805070194090101,13.0,14.0,0.5,1945.0,,0.0,False,False,,no_match,ridge_z below tau (0.75),True,True,True,True,seqslam+dinov2,2025-02-28T06:28:35.676953+00:00,2024-04-13T09:17:02.279461+00:00
2660,2601.0,2601.0,2601.0,False,0.671957917337077,-1.0059956755820778,13.0,14.0,0.5714285714285714,1946.0,,0.0,False,False,,no_match,ridge_z below tau (0.75),True,True,True,True,seqslam+dinov2,2025-02-28T06:28:35.783295+00:00,2024-04-13T09:17:02.383677+00:00
2661,2602.0,2602.0,2602.0,False,0.6466086934122299,-0.8874897978668734,13.0,14.0,0.6415584415584416,1947.0,,0.0,False,False,,no_match,ridge_z below tau (0.75),True,True,True,True,seqslam+dinov2,2025-02-28T06:28:35.875251+00:00,2024-04-13T09:17:02.479159+00:00
2662,2603.0,2603.0,2603.0,False,0.6053453771238689,-0.9576531084981543,13.0,14.0,0.7090909090909091,1948.0,,0.0,False,False,,no_match,ridge_z below tau (0.75),True,True,True,True,seqslam+dinov2,2025-02-28T06:28:35.975384+00:00,2024-04-13T09:17:02.578743+00:00
2663,2604.0,2604.0,2604.0,False,0.5603946586828813,-0.8785442175455838,13.0,14.0,0.7727272727272727,1949.0,,0.0,False,False,,no_match,ridge_z below tau (0.75),True,True,True,True,seqslam+dinov2,2025-02-28T06:28:36.075036+00:00,2024-04-13T09:17:02.679209+00:00
2664,2605.0,2605.0,2605.0,False,0.5269142289693736,-0.8920772012914603,13.0,14.0,0.8157894736842105,1950.0,,0.0,False,False,,no_match,ridge_z below tau (0.75),True,True,True,True,seqslam+dinov2,2025-02-28T06:28:36.176105+00:00,2024-04-13T09:17:02.781433+00:00
2665,2606.0,2606.0,2606.0,False,0.4933862714852093,-0.8551211609475489,13.0,14.0,0.8596491228070176,1951.0,,0.0,False,False,,no_match,ridge_z below tau (0.75),True,True,True,True,seqslam+dinov2,2025-02-28T06:28:36.279740+00:00,2024-04-13T09:17:02.879199+00:00
2666,2607.0,2607.0,2607.0,False,0.4929482458127195,-0.9657198442372478,13.0,14.0,0.9029927760577915,1952.0,,0.0,False,False,,no_match,ridge_z below tau (0.75),True,True,True,True,seqslam+dinov2,2025-02-28T06:28:36.381581+00:00,2024-04-13T09:17:02.979272+00:00
2667,2608.0,2608.0,2608.0,False,0.4571993889517053,-1.1474962009059748,13.0,14.0,0.9436274509803921,1953.0,,0.0,False,False,,no_match,ridge_z below tau (0.75),True,True,True,True,seqslam+dinov2,2025-02-28T06:28:36.481452+00:00,2024-04-13T09:17:03.078859+00:00
2668,2609.0,2609.0,2609.0,False,0.4594028252655517,-1.1771995651743272,13.0,14.0,0.9779411764705882,1954.0,,0.0,False,False,,no_match,ridge_z below tau (0.75),True,True,True,True,seqslam+dinov2,2025-02-28T06:28:36.580280+00:00,2024-04-13T09:17:03.180817+00:00
2669,2610.0,2610.0,2610.0,False,0.4451584269838745,-1.0686508336404406,13.0,14.0,1.0,1955.0,,0.0,False,False,,no_match,ridge_z below tau (0.75),True,True,True,True,seqslam+dinov2,2025-02-28T06:28:36.678450+00:00,2024-04-13T09:17:03.279601+00:00
2670,2611.0,2611.0,2611.0,False,0.43077270174876303,-1.0530112409562011,13.0,14.0,1.0,1956.0,,0.0,False,False,,no_match,ridge_z below tau (0.75),True,True,True,True,seqslam+dinov2,2025-02-28T06:28:36.775418+00:00,2024-04-13T09:17:03.382292+00:00
2671,2612.0,2612.0,2612.0,False,0.4053631600639954,-1.0098961817289085,13.0,13.0,1.0,1957.0,,0.0,False,False,,no_match,ridge_z below tau (0.75),True,True,True,True,seqslam+dinov2,2025-02-28T06:28:36.878996+00:00,2024-04-13T09:17:03.478865+00:00
2672,2613.0,2613.0,2613.0,False,0.38939782205170465,-1.2714310588370064,14.0,12.0,1.0,1958.0,,0.0,False,False,,no_match,ridge_z below tau (0.75),True,True,True,True,seqslam+dinov2,2025-02-28T06:28:36.978862+00:00,2024-04-13T09:17:03.579899+00:00
2673,2614.0,2614.0,2614.0,False,0.3974642034843571,-0.913036517693315,15.0,11.0,1.0,1959.0,,0.0,False,False,,no_match,ridge_z below tau (0.75),True,True,True,True,seqslam+dinov2,2025-02-28T06:28:37.080467+00:00,2024-04-13T09:17:03.677971+00:00
2674,,,,False,,,,,,,,,,,,no_frame,no decoded frame for this row,False,False,False,False,seqslam+dinov2,2025-02-28T06:28:37.180401+00:00,
2675,,,,False,,,,,,,,,,,,no_frame,no decoded frame for this row,False,False,False,False,seqslam+dinov2,2025-02-28T06:28:37.274451+00:00,
2676,,,,False,,,,,,,,,,,,no_frame,no decoded frame for this row,False,False,False,False,seqslam+dinov2,2025-02-28T06:28:37.377840+00:00,
2677,,,,False,,,,,,,,,,,,no_frame,no decoded frame for this row,False,False,False,False,seqslam+dinov2,2025-02-28T06:28:37.474599+00:00,
2678,,,,False,,,,,,,,,,,,no_frame,no decoded frame for this row,False,False,False,False,seqslam+dinov2,2025-02-28T06:28:37.579350+00:00,
2679,,,,False,,,,,,,,,,,,no_frame,no decoded frame for this row,False,False,False,False,seqslam+dinov2,2025-02-28T06:28:37.674637+00:00,
2680,,,,False,,,,,,,,,,,,no_frame,no decoded frame for this row,False,False,False,False,seqslam+dinov2,2025-02-28T06:28:37.779389+00:00,
2681,,,,False,,,,,,,,,,,,no_frame,no decoded frame for this row,False,False,False,False,seqslam+dinov2,2025-02-28T06:28:37.874424+00:00,
2682,,,,False,,,,,,,,,,,,no_frame,no decoded frame for this row,False,False,False,False,seqslam+dinov2,2025-02-28T06:28:37.974320+00:00,
2683,,,,False,,,,,,,,,,,,no_frame,no decoded frame for this row,False,False,False,False,seqslam+dinov2,2025-02-28T06:28:38.074182+00:00,
2684,,,,False,,,,,,,,,,,,no_frame,no decoded frame for this row,False,False,False,False,seqslam+dinov2,2025-02-28T06:28:38.175245+00:00,
2685,,,,False,,,,,,,,,,,,no_frame,no decoded frame for this row,False,False,False,False,seqslam+dinov2,2025-02-28T06:28:38.274999+00:00,
2686,,,,False,,,,,,,,,,,,no_frame,no decoded frame for this row,False,False,False,False,seqslam+dinov2,2025-02-28T06:28:38.374723+00:00,
2687,,,,False,,,,,,,,,,,,no_frame,no decoded frame for this row,False,False,False,False,seqslam+dinov2,2025-02-28T06:28:38.474424+00:00,
2688,,,,False,,,,,,,,,,,,no_frame,no decoded frame for this row,False,False,False,False,seqslam+dinov2,2025-02-28T06:28:38.574581+00:00,
2689,,,,False,,,,,,,,,,,,no_frame,no decoded frame for this row,False,False,False,False,seqslam+dinov2,2025-02-28T06:28:38.678056+00:00,
2690,,,,False,,,,,,,,,,,,no_frame,no decoded frame for this row,False,False,False,False,seqslam+dinov2,2025-02-28T06:28:38.773946+00:00,
2691,,,,False,,,,,,,,,,,,no_frame,no decoded frame for this row,False,False,False,False,seqslam+dinov2,2025-02-28T06:28:38.874032+00:00,
2692,,,,False,,,,,,,,,,,,no_frame,no decoded frame for this row,False,False,False,False,seqslam+dinov2,2025-02-28T06:28:38.974643+00:00,
2693,,,,False,,,,,,,,,,,,no_frame,no decoded frame for this row,False,False,False,False,seqslam+dinov2,2025-02-28T06:28:39.074551+00:00,
2694,,,,False,,,,,,,,,,,,no_frame,no decoded frame for this row,False,False,False,False,seqslam+dinov2,2025-02-28T06:28:39.174062+00:00,
